NAME,latitude,longitude,Partner
722-R01-FDT01-FAT01,36.85333647,42.97027151,3BG
722-R01-FDT01-FAT02,36.8548485,42.97835079,3BG
722-R01-FDT01-FAT03,36.85488868,42.97569528,3BG
722-R01-FDT01-FAT04,36.85437349,42.97490536,3BG
722-R01-FDT01-FAT05,36.85430298,42.9745437,3BG
722-R01-FDT01-FAT06,36.85369973,42.97347017,3BG
722-R01-FDT01-FAT07,36.85463668,42.97302021,3BG
722-R01-FDT01-FAT08,36.85583525,42.97277813,3BG
722-R01-FDT01-FAT09,36.85651792,42.97362447,3BG
722-R01-FDT01-FAT10,36.85677894,42.9736182,#N/A
722-R01-FDT01-FAT11,36.85695315,42.97337147,3BG
722-R01-FDT01-FAT12,36.85482788,42.97239964,3BG
722-R01-FDT01-FAT13,36.85539585,42.97230156,#N/A
722-R01-FDT01-FAT14,36.85469776,42.97088075,3BG
722-R01-FDT01-FAT15,36.8542003,42.97209403,3BG
722-R01-FDT01-FAT16,36.85396235,42.97200302,3BG
722-R01-FDT01-FAT17,36.85353044,42.97144762,3BG
722-R01-FDT01-FAT18,36.85314761,42.97222049,3BG
722-R01-FDT01-FAT19,36.85291679,42.9722519,3BG
722-R01-FDT01-FAT20,36.85265922,42.9718258,3BG
722-R01-FDT01-FAT21,36.85219339,42.9724921,3BG
722-R01-FDT01-FAT22,36.85176519,42.97273686,3BG
722-R01-FDT01-FAT23,36.85232253,42.97055868,3BG
722-R01-FDT01-FAT24,36.8519506,42.9705965,3BG
722-R01-FDT01-FAT25,36.85589496,42.97802897,3BG
722-R01-FDT01-FAT26,36.85635643,42.97771373,3BG
722-R01-FDT01-FAT27,36.85681947,42.97754686,3BG
722-R01-FDT01-FAT28,36.85702392,42.97685185,3BG
722-R01-FDT01-FAT29,36.85731225,42.97644629,Fiber Speed (Duhok)
722-R01-FDT01-FAT30,36.85733718,42.97642892,Fiber Speed (Duhok)
722-R01-FDT01-FAT31,36.85736368,42.97641254,Fiber Speed (Duhok)
722-R01-FDT01-FAT32,36.85717267,42.97614495,Fiber Speed (Duhok)
722-R01-FDT01-FAT33,36.8571976,42.97612759,Fiber Speed (Duhok)
722-R01-FDT01-FAT34,36.85722411,42.9761112,Fiber Speed (Duhok)
722-R01-FDT01-FAT35,36.85702427,42.97581948,Fiber Speed (Duhok)
722-R01-FDT01-FAT36,36.8570492,42.97580211,Fiber Speed (Duhok)
722-R01-FDT01-FAT37,36.85707571,42.97578572,Fiber Speed (Duhok)
722-R01-FDT01-FAT38,36.85688359,42.97551222,Fiber Speed (Duhok)
722-R01-FDT01-FAT39,36.85690853,42.97549485,Fiber Speed (Duhok)
722-R01-FDT01-FAT40,36.85693503,42.97547847,Fiber Speed (Duhok)
722-R01-FDT01-FAT41,36.85677412,42.97989124,3BG
722-R01-FDT01-FAT42,36.85630941,42.98016849,3BG
722-R01-FDT01-FAT43,36.85612131,42.98023291,3BG
722-R01-FDT01-FAT44,36.85582874,42.98037016,3BG
722-R01-FDT01-FAT45,36.85559377,42.98224897,3BG
722-R01-FDT01-FAT46,36.85620371,42.98336123,3BG
722-R01-FDT01-FAT47,36.85748583,42.98021007,3BG
722-R01-FDT01-FAT48,36.85820993,42.9796427,3BG
722-R01-FDT01-FAT49,36.85412791,42.97443022,3BG
722-R01-FDT01-FAT50,36.8550845,42.97820646,3BG
722-R01-FDT03-FAT01,36.87232264,42.97167328,Fiber Speed (Duhok)
722-R01-FDT03-FAT02,36.87319784,42.97125601,Fiber Speed (Duhok)
722-R01-FDT03-FAT03,36.8737768,42.97069662,Fiber Speed (Duhok)
722-R01-FDT03-FAT04,36.87283766,42.97051709,Fiber Speed (Duhok)
722-R01-FDT03-FAT05,36.87176152,42.97044037,Fiber Speed (Duhok)
722-R01-FDT03-FAT06,36.87068649,42.97036971,Fiber Speed (Duhok)
722-R01-FDT03-FAT07,36.87413925,42.97013118,Fiber Speed (Duhok)
722-R01-FDT03-FAT08,36.87461167,42.96939659,Fiber Speed (Duhok)
722-R01-FDT03-FAT09,36.87510432,42.96941036,Fiber Speed (Duhok)
722-R01-FDT03-FAT10,36.87460652,42.97062766,Fiber Speed (Duhok)
722-R01-FDT03-FAT11,36.87507164,42.97066169,Fiber Speed (Duhok)
722-R01-FDT03-FAT12,36.87515929,42.97145,Fiber Speed (Duhok)
722-R01-FDT03-FAT13,36.8757123,42.9711073,Fiber Speed (Duhok)
722-R01-FDT03-FAT14,36.87558642,42.97183041,Fiber Speed (Duhok)
722-R01-FDT03-FAT15,36.87591396,42.97226642,Fiber Speed (Duhok)
722-R01-FDT03-FAT16,36.87541145,42.97286569,Fiber Speed (Duhok)
722-R01-FDT03-FAT17,36.87530902,42.97380432,Fiber Speed (Duhok)
722-R01-FDT03-FAT18,36.87534316,42.97425713,Fiber Speed (Duhok)
722-R01-FDT03-FAT19,36.87575379,42.97062981,Fiber Speed (Duhok)
722-R01-FDT03-FAT20,36.87512686,42.97000906,Fiber Speed (Duhok)
722-R01-FDT03-FAT21,36.87566746,42.97005782,Fiber Speed (Duhok)
722-R01-FDT03-FAT22,36.87580394,42.96937188,Fiber Speed (Duhok)
722-R01-FDT03-FAT23,36.87581025,42.96891073,Fiber Speed (Duhok)
722-R01-FDT03-FAT24,36.8753392,42.96818298,Fiber Speed (Duhok)
722-R01-FDT03-FAT25,36.87540235,42.967012,Fiber Speed (Duhok)
722-R01-FDT03-FAT26,36.87610635,42.96785194,Fiber Speed (Duhok)
722-R01-FDT03-FAT27,36.87261526,42.97231218,Fiber Speed (Duhok)
722-R01-FDT03-FAT28,36.87282585,42.97250964,Fiber Speed (Duhok)
722-R01-FDT03-FAT29,36.87361463,42.97202047,Fiber Speed (Duhok)
722-R01-FDT03-FAT30,36.8743222,42.97253824,Fiber Speed (Duhok)
722-R01-FDT03-FAT31,36.87481135,42.97286047,Fiber Speed (Duhok)
722-R01-FDT03-FAT32,36.8741031,42.97316488,Fiber Speed (Duhok)
722-R01-FDT03-FAT33,36.87452187,42.97350003,Fiber Speed (Duhok)
722-R01-FDT03-FAT34,36.87320514,42.97230633,Fiber Speed (Duhok)
722-R01-FDT03-FAT35,36.87327967,42.9719938,Fiber Speed (Duhok)
722-R01-FDT03-FAT36,36.87334871,42.97306172,Fiber Speed (Duhok)
722-R01-FDT03-FAT37,36.87376702,42.97341808,Fiber Speed (Duhok)
722-R01-FDT03-FAT38,36.87364823,42.97384694,Fiber Speed (Duhok)
722-R01-FDT03-FAT39,36.87407727,42.97424633,Fiber Speed (Duhok)
722-R01-FDT03-FAT40,36.87433217,42.97445739,Fiber Speed (Duhok)
722-R01-FDT03-FAT41,36.87228926,42.97047929,Fiber Speed (Duhok)
722-R01-FDT03-FAT42,36.87492533,42.97392705,Fiber Speed (Duhok)
722-R01-FDT03-FAT43,36.87436327,42.97129172,Fiber Speed (Duhok)
722-R01-FDT03-FAT44,36.87582967,42.97308769,Fiber Speed (Duhok)
722-R01-FDT04-FAT01,36.87129829,42.96910623,Fiber Speed (Duhok)
722-R01-FDT04-FAT02,36.87154103,42.96913728,Fiber Speed (Duhok)
722-R01-FDT04-FAT03,36.87183386,42.96914889,Fiber Speed (Duhok)
722-R01-FDT04-FAT04,36.87257602,42.96873193,Fiber Speed (Duhok)
722-R01-FDT04-FAT05,36.87314109,42.96772665,Fiber Speed (Duhok)
722-R01-FDT04-FAT06,36.87299564,42.96666496,Fiber Speed (Duhok)
722-R01-FDT04-FAT07,36.87282601,42.9665896,Fiber Speed (Duhok)
722-R01-FDT04-FAT08,36.87267687,42.96652069,Fiber Speed (Duhok)
722-R01-FDT04-FAT09,36.87193409,42.966044,Fiber Speed (Duhok)
722-R01-FDT04-FAT10,36.87440474,42.9673911,Fiber Speed (Duhok)
722-R01-FDT04-FAT11,36.8744149,42.96708094,Fiber Speed (Duhok)
722-R01-FDT04-FAT12,36.87253667,42.96723154,Fiber Speed (Duhok)
722-R01-FDT04-FAT13,36.87214421,42.96805989,Fiber Speed (Duhok)
722-R01-FDT04-FAT14,36.87295007,42.96681848,Fiber Speed (Duhok)
722-R01-FDT04-FAT15,36.87306874,42.9652493,Fiber Speed (Duhok)
722-R01-FDT04-FAT16,36.8732537,42.9647253,Fiber Speed (Duhok)
722-R01-FDT04-FAT17,36.87267644,42.96380755,Fiber Speed (Duhok)
722-R01-FDT04-FAT18,36.87388917,42.966086,Fiber Speed (Duhok)
722-R01-FDT04-FAT19,36.87416317,42.96493015,Fiber Speed (Duhok)
722-R01-FDT04-FAT20,36.87302614,42.96614931,Fiber Speed (Duhok)
722-R01-FDT04-FAT21,36.8730476,42.96573688,Fiber Speed (Duhok)
722-R01-FDT04-FAT22,36.87370023,42.96479605,Fiber Speed (Duhok)
722-R01-FDT04-FAT23,36.87374322,42.96398398,Fiber Speed (Duhok)
722-R01-FDT04-FAT24,36.87343397,42.96331975,Fiber Speed (Duhok)
722-R01-FDT04-FAT25,36.87390868,42.96214657,Fiber Speed (Duhok)
722-R01-FDT04-FAT26,36.8735417,42.96185862,Fiber Speed (Duhok)
722-R01-FDT04-FAT27,36.8728831,42.96247186,Fiber Speed (Duhok)
722-R01-FDT04-FAT28,36.87209809,42.96918084,Fiber Speed (Duhok)
722-R01-FDT04-FAT29,36.87225789,42.96920027,Fiber Speed (Duhok)
722-R01-FDT04-FAT30,36.87282517,42.96922326,Fiber Speed (Duhok)
722-R01-FDT04-FAT31,36.87362172,42.96914184,Fiber Speed (Duhok)
722-R01-FDT04-FAT32,36.87363942,42.96874719,Fiber Speed (Duhok)
722-R01-FDT04-FAT33,36.87368302,42.96780747,Fiber Speed (Duhok)
722-R01-FDT04-FAT34,36.8741506,42.96789913,Fiber Speed (Duhok)
722-R01-FDT04-FAT35,36.87468116,42.96881113,Fiber Speed (Duhok)
722-R01-FDT04-FAT36,36.87518868,42.96834271,Fiber Speed (Duhok)
722-R01-FDT04-FAT37,36.87521373,42.96752618,Fiber Speed (Duhok)
722-R01-FDT04-FAT38,36.87529994,42.96657917,Fiber Speed (Duhok)
722-R01-FDT04-FAT39,36.87082204,42.96922087,Fiber Speed (Duhok)
722-R01-FDT04-FAT40,36.87145564,42.96984466,Fiber Speed (Duhok)
722-R01-FDT04-FAT41,36.87177885,42.96987062,Fiber Speed (Duhok)
722-R01-FDT04-FAT42,36.87206278,42.96987929,Fiber Speed (Duhok)
722-R01-FDT04-FAT43,36.87270409,42.96993968,Fiber Speed (Duhok)
722-R01-FDT04-FAT44,36.87333074,42.96999572,Fiber Speed (Duhok)
722-R01-FDT04-FAT45,36.8761561,42.96623684,Fiber Speed (Duhok)
722-R01-FDT04-FAT46,36.87354823,42.96659181,Fiber Speed (Duhok)
722-R01-FDT04-FAT47,36.87257018,42.96550651,Fiber Speed (Duhok)
722-R01-FDT04-FAT48,36.87319662,42.96328282,Fiber Speed (Duhok)
722-R01-FDT04-FAT49,36.87236423,42.96654564,Fiber Speed (Duhok)
722-R01-FDT04-FAT50,36.87342625,42.96253474,Fiber Speed (Duhok)
722-R01-FDT05-FAT01,36.86830537,42.96885521,Fiber Speed (Duhok)
722-R01-FDT05-FAT02,36.86782137,42.96867046,Fiber Speed (Duhok)
722-R01-FDT05-FAT03,36.86785712,42.96809978,Fiber Speed (Duhok)
722-R01-FDT05-FAT04,36.86787793,42.96746611,Fiber Speed (Duhok)
722-R01-FDT05-FAT05,36.86787968,42.96722996,Fiber Speed (Duhok)
722-R01-FDT05-FAT06,36.86791623,42.96633697,Fiber Speed (Duhok)
722-R01-FDT05-FAT07,36.86792786,42.96595559,Fiber Speed (Duhok)
722-R01-FDT05-FAT08,36.86810869,42.9655578,Fiber Speed (Duhok)
722-R01-FDT05-FAT09,36.8687742,42.96920124,Fiber Speed (Duhok)
722-R01-FDT05-FAT10,36.86848438,42.96717234,Fiber Speed (Duhok)
722-R01-FDT05-FAT11,36.86851581,42.96636712,Fiber Speed (Duhok)
722-R01-FDT05-FAT12,36.86896714,42.9667715,Fiber Speed (Duhok)
722-R01-FDT05-FAT13,36.86915412,42.96621963,Fiber Speed (Duhok)
722-R01-FDT05-FAT14,36.86912011,42.96547589,Fiber Speed (Duhok)
722-R01-FDT05-FAT15,36.86968851,42.9656995,Fiber Speed (Duhok)
722-R01-FDT05-FAT16,36.87160826,42.9651206,Fiber Speed (Duhok)
722-R01-FDT05-FAT17,36.87214994,42.96551931,Fiber Speed (Duhok)
722-R01-FDT05-FAT18,36.87176519,42.96400181,Fiber Speed (Duhok)
722-R01-FDT05-FAT19,36.87109086,42.96356304,Fiber Speed (Duhok)
722-R01-FDT05-FAT20,36.87157416,42.96462128,Fiber Speed (Duhok)
722-R01-FDT05-FAT21,36.87089982,42.96432091,Fiber Speed (Duhok)
722-R01-FDT05-FAT22,36.87226707,42.96410807,Fiber Speed (Duhok)
722-R01-FDT05-FAT23,36.87226488,42.96314518,Fiber Speed (Duhok)
722-R01-FDT05-FAT24,36.87197929,42.96261705,Fiber Speed (Duhok)
722-R01-FDT05-FAT25,36.87277767,42.96187921,Fiber Speed (Duhok)
722-R01-FDT05-FAT26,36.87331953,42.96133038,Fiber Speed (Duhok)
722-R01-FDT05-FAT27,36.86829924,42.97101426,Fiber Speed (Duhok)
722-R01-FDT05-FAT28,36.86846143,42.97162072,Fiber Speed (Duhok)
722-R01-FDT05-FAT29,36.86807686,42.97212564,Fiber Speed (Duhok)
722-R01-FDT05-FAT30,36.86862689,42.97217582,Fiber Speed (Duhok)
722-R01-FDT05-FAT31,36.86772376,42.97114149,Fiber Speed (Duhok)
722-R01-FDT05-FAT32,36.86768713,42.97171427,Fiber Speed (Duhok)
722-R01-FDT05-FAT33,36.86768069,42.97185661,Fiber Speed (Duhok)
722-R01-FDT05-FAT34,36.86840143,42.97264382,Fiber Speed (Duhok)
722-R01-FDT05-FAT35,36.86763461,42.97316918,Fiber Speed (Duhok)
722-R01-FDT05-FAT36,36.86779768,42.97381687,Fiber Speed (Duhok)
722-R01-FDT05-FAT37,36.86856211,42.97386728,Fiber Speed (Duhok)
722-R01-FDT05-FAT38,36.86810311,42.97450827,Fiber Speed (Duhok)
722-R01-FDT05-FAT39,36.86756831,42.97496127,Fiber Speed (Duhok)
722-R01-FDT05-FAT40,36.86765553,42.9750458,Fiber Speed (Duhok)
722-R01-FDT05-FAT41,36.86756521,42.97436859,Fiber Speed (Duhok)
722-R01-FDT05-FAT42,36.87165833,42.96285549,Fiber Speed (Duhok)
722-R01-FDT05-FAT43,36.86898406,42.97152956,Fiber Speed (Duhok)
722-R01-FDT06-FAT01,36.86647993,42.97135523,Fiber Speed (Duhok)
722-R01-FDT06-FAT02,36.86609939,42.97122362,Fiber Speed (Duhok)
722-R01-FDT06-FAT03,36.86634864,42.97245765,Fiber Speed (Duhok)
722-R01-FDT06-FAT04,36.86589989,42.97242446,Fiber Speed (Duhok)
722-R01-FDT06-FAT05,36.86528681,42.97173904,Fiber Speed (Duhok)
722-R01-FDT06-FAT06,36.86439083,42.97157558,Fiber Speed (Duhok)
722-R01-FDT06-FAT07,36.8654716,42.97105982,Fiber Speed (Duhok)
722-R01-FDT06-FAT08,36.86485699,42.9710372,Fiber Speed (Duhok)
722-R01-FDT06-FAT09,36.86474432,42.9733044,Fiber Speed (Duhok)
722-R01-FDT06-FAT10,36.86430738,42.97290868,Fiber Speed (Duhok)
722-R01-FDT06-FAT11,36.86427055,42.97411239,Fiber Speed (Duhok)
722-R01-FDT06-FAT12,36.86463823,42.97232805,Fiber Speed (Duhok)
722-R01-FDT06-FAT13,36.86378726,42.97227812,Fiber Speed (Duhok)
722-R01-FDT06-FAT14,36.86310879,42.97200989,Fiber Speed (Duhok)
722-R01-FDT06-FAT15,36.86275349,42.97145264,Fiber Speed (Duhok)
722-R01-FDT06-FAT16,36.86240161,42.97087579,Fiber Speed (Duhok)
722-R01-FDT06-FAT17,36.86365622,42.97339689,Fiber Speed (Duhok)
722-R01-FDT06-FAT18,36.86259113,42.97276296,Fiber Speed (Duhok)
722-R01-FDT06-FAT19,36.86273771,42.97355595,Fiber Speed (Duhok)
722-R01-FDT06-FAT20,36.86329184,42.97309714,Fiber Speed (Duhok)
722-R01-FDT06-FAT21,36.86325768,42.97394075,Fiber Speed (Duhok)
722-R01-FDT06-FAT22,36.86747146,42.96923328,Fiber Speed (Duhok)
722-R01-FDT06-FAT23,36.86750018,42.96864311,Fiber Speed (Duhok)
722-R01-FDT06-FAT24,36.8675182,42.96812267,Fiber Speed (Duhok)
722-R01-FDT06-FAT25,36.86708933,42.96925405,Fiber Speed (Duhok)
722-R01-FDT06-FAT26,36.86660252,42.96871897,Fiber Speed (Duhok)
722-R01-FDT06-FAT27,36.86623687,42.96806945,Fiber Speed (Duhok)
722-R01-FDT06-FAT28,36.86739264,42.97109029,Fiber Speed (Duhok)
722-R01-FDT06-FAT29,36.86734819,42.97236624,Fiber Speed (Duhok)
722-R01-FDT06-FAT30,36.86686241,42.97298118,Fiber Speed (Duhok)
722-R01-FDT06-FAT31,36.86689355,42.97378693,Fiber Speed (Duhok)
722-R01-FDT06-FAT32,36.8663451,42.97415158,Fiber Speed (Duhok)
722-R01-FDT06-FAT33,36.86580136,42.9746523,Fiber Speed (Duhok)
722-R01-FDT06-FAT34,36.86576615,42.97536636,Fiber Speed (Duhok)
722-R01-FDT06-FAT35,36.865315,42.97533301,Fiber Speed (Duhok)
722-R01-FDT06-FAT36,36.86468594,42.97472542,Fiber Speed (Duhok)
722-R01-FDT06-FAT37,36.86392607,42.9745517,Fiber Speed (Duhok)
722-R01-FDT06-FAT38,36.86729401,42.97381076,Fiber Speed (Duhok)
722-R01-FDT06-FAT39,36.86728581,42.97420799,Fiber Speed (Duhok)
722-R01-FDT06-FAT40,36.86728862,42.97478755,Fiber Speed (Duhok)
722-R01-FDT06-FAT41,36.8663571,42.97751849,Fiber Speed (Duhok)
722-R01-FDT06-FAT42,36.86399262,42.97687999,Fiber Speed (Duhok)
722-R01-FDT06-FAT43,36.86309404,42.97681546,Fiber Speed (Duhok)
722-R01-FDT06-FAT44,36.86695268,42.97596897,Fiber Speed (Duhok)
722-R01-FDT06-FAT45,36.86663655,42.97594755,Fiber Speed (Duhok)
722-R01-FDT06-FAT46,36.86672767,42.97529219,Fiber Speed (Duhok)
722-R01-FDT06-FAT47,36.86630038,42.97535529,Fiber Speed (Duhok)
722-R01-FDT06-FAT48,36.86226175,42.97289335,Fiber Speed (Duhok)
722-R01-FDT06-FAT49,36.86563644,42.97037666,Fiber Speed (Duhok)
722-R01-FDT06-FAT50,36.86679325,42.97248435,Fiber Speed (Duhok)
722-R01-FDT06-FAT51,36.86597457,42.97716084,Fiber Speed (Duhok)
722-R01-FDT06-FAT52,36.86326954,42.97680145,Fiber Speed (Duhok)
722-R01-FDT06-FAT53,36.86481543,42.97458525,Fiber Speed (Duhok)
722-R01-FDT06-FAT54,36.86466427,42.97520871,Fiber Speed (Duhok)
722-R01-FDT06-FAT55,36.86608904,42.97741979,Fiber Speed (Duhok)
722-R01-FDT06-FAT56,36.86598454,42.97714087,Fiber Speed (Duhok)
722-R01-FDT06-FAT57,36.86600016,42.97717414,Fiber Speed (Duhok)
722-R01-FDT06-FAT58,36.86600584,42.97714905,Fiber Speed (Duhok)
722-R01-FDT06-FAT59,36.86266371,42.97465235,Fiber Speed (Duhok)
722-R01-FDT06-FAT60,36.86378832,42.97209585,Fiber Speed (Duhok)
722-R01-FDT06-FAT61,36.86287002,42.9762184,Fiber Speed (Duhok)
722-R01-FDT07-FAT01,36.86206139,42.96643625,Fiber Speed (Duhok)
722-R01-FDT07-FAT02,36.86236695,42.96533735,Fiber Speed (Duhok)
722-R01-FDT07-FAT03,36.86195869,42.96462836,Fiber Speed (Duhok)
722-R01-FDT07-FAT04,36.8619747,42.96417753,Fiber Speed (Duhok)
722-R01-FDT07-FAT05,36.86141716,42.96715485,Fiber Speed (Duhok)
722-R01-FDT07-FAT06,36.86118768,42.9669214,Fiber Speed (Duhok)
722-R01-FDT07-FAT07,36.86247037,42.96319067,Fiber Speed (Duhok)
722-R01-FDT07-FAT08,36.86296318,42.96316513,Fiber Speed (Duhok)
722-R01-FDT07-FAT09,36.86024599,42.96292031,Fiber Speed (Duhok)
722-R01-FDT07-FAT10,36.86134506,42.96145788,Fiber Speed (Duhok)
722-R01-FDT07-FAT11,36.86144271,42.96038666,Fiber Speed (Duhok)
722-R01-FDT07-FAT12,36.86152379,42.95955664,Fiber Speed (Duhok)
722-R01-FDT07-FAT13,36.86129422,42.95860244,Fiber Speed (Duhok)
722-R01-FDT07-FAT14,36.86113049,42.96088249,Fiber Speed (Duhok)
722-R01-FDT07-FAT15,36.86188236,42.96087553,Fiber Speed (Duhok)
722-R01-FDT07-FAT16,36.862256,42.96144898,Fiber Speed (Duhok)
722-R01-FDT07-FAT17,36.86172601,42.96167842,Fiber Speed (Duhok)
722-R01-FDT07-FAT18,36.86231319,42.96044684,Fiber Speed (Duhok)
722-R01-FDT07-FAT19,36.86289416,42.96093272,Fiber Speed (Duhok)
722-R01-FDT07-FAT20,36.86335238,42.96037217,Fiber Speed (Duhok)
722-R01-FDT07-FAT21,36.86338624,42.95964356,Fiber Speed (Duhok)
722-R01-FDT07-FAT22,36.86303704,42.95894495,Fiber Speed (Duhok)
722-R01-FDT07-FAT23,36.86340409,42.95837515,Fiber Speed (Duhok)
722-R01-FDT07-FAT24,36.86386846,42.95911556,Fiber Speed (Duhok)
722-R01-FDT07-FAT25,36.86226988,42.96933049,Fiber Speed (Duhok)
722-R01-FDT07-FAT26,36.86243366,42.9686937,Fiber Speed (Duhok)
722-R01-FDT07-FAT27,36.86288127,42.96815481,Fiber Speed (Duhok)
722-R01-FDT07-FAT28,36.86214081,42.96811905,Fiber Speed (Duhok)
722-R01-FDT07-FAT29,36.86220188,42.96984114,Fiber Speed (Duhok)
722-R01-FDT07-FAT30,36.86322951,42.96911218,Fiber Speed (Duhok)
722-R01-FDT07-FAT31,36.8634273,42.96813105,Fiber Speed (Duhok)
722-R01-FDT07-FAT32,36.86347057,42.96719208,Fiber Speed (Duhok)
722-R01-FDT07-FAT33,36.86348524,42.96655951,Fiber Speed (Duhok)
722-R01-FDT07-FAT34,36.86444642,42.96894795,Fiber Speed (Duhok)
722-R01-FDT07-FAT35,36.86560042,42.96853207,Fiber Speed (Duhok)
722-R01-FDT07-FAT36,36.86388266,42.96834521,Fiber Speed (Duhok)
722-R01-FDT07-FAT37,36.86440983,42.96838147,Fiber Speed (Duhok)
722-R01-FDT07-FAT38,36.86436789,42.96782795,Fiber Speed (Duhok)
722-R01-FDT07-FAT39,36.86517883,42.96788914,Fiber Speed (Duhok)
722-R01-FDT07-FAT40,36.86161664,42.97195566,Fiber Speed (Duhok)
722-R01-FDT07-FAT41,36.85922081,42.97477848,Fiber Speed (Duhok)
722-R01-FDT07-FAT42,36.85785705,42.97261219,Fiber Speed (Duhok)
722-R01-FDT07-FAT43,36.85752235,42.97156789,Fiber Speed (Duhok)
722-R01-FDT07-FAT44,36.85753971,42.96744516,Fiber Speed (Duhok)
722-R01-FDT07-FAT45,36.85669497,42.96275293,Fiber Speed (Duhok)
722-R01-FDT07-FAT46,36.85893908,42.97596298,Fiber Speed (Duhok)
722-R01-FDT07-FAT47,36.86049404,42.97693391,Fiber Speed (Duhok)
722-R01-FDT07-FAT48,36.86131658,42.97679455,Fiber Speed (Duhok)
722-R01-FDT07-FAT49,36.85688807,42.9627658,Fiber Speed (Duhok)
722-R01-FDT07-FAT50,36.85687824,42.96281047,Fiber Speed (Duhok)
722-R01-FDT07-FAT51,36.85686367,42.96285388,Fiber Speed (Duhok)
722-R01-FDT07-FAT52,36.85685503,42.96278927,Fiber Speed (Duhok)
722-R01-FDT07-FAT53,36.8568476,42.96281953,Fiber Speed (Duhok)
722-R01-FDT07-FAT54,36.85740318,42.96232401,Fiber Speed (Duhok)
722-R01-FDT07-FAT55,36.86051916,42.95766477,Fiber Speed (Duhok)
722-R01-FDT07-FAT56,36.85973641,42.96259899,Fiber Speed (Duhok)
722-R01-FDT07-FAT57,36.86388692,42.95841064,Fiber Speed (Duhok)
722-R01-FDT07-FAT58,36.86118588,42.96663613,Fiber Speed (Duhok)
722-R01-FDT07-FAT59,36.86126217,42.95822839,Fiber Speed (Duhok)
722-R01-FDT07-FAT60,36.86164997,42.96928797,Fiber Speed (Duhok)
722-R01-FDT07-FAT61,36.86291204,42.96716922,Fiber Speed (Duhok)
722-R01-FDT07-FAT62,36.86096159,42.97685875,Fiber Speed (Duhok)
722-R01-FDT07-FAT63,36.86319742,42.96371645,Fiber Speed (Duhok)
722-R01-FDT07-FAT64,36.86282202,42.96926397,Fiber Speed (Duhok)
722-R01-FDT07-FAT65,36.86027512,42.97201787,Fiber Speed (Duhok)
722-R01-FDT07-FAT66,36.8572626,42.9660813,Fiber Speed (Duhok)
722-R01-FDT07-FAT67,36.86033483,42.97566628,Fiber Speed (Duhok)
722-R01-FDT07-FAT68,36.86558139,42.96844508,Fiber Speed (Duhok)
722-R01-FDT07-FAT69,36.86197685,42.97592692,Fiber Speed (Duhok)
722-R01-FDT07-FAT70,36.85978456,42.97557181,Fiber Speed (Duhok)
722-R01-FDT07-FAT71,36.86139244,42.9652513,Fiber Speed (Duhok)
722-R01-FDT07-FAT72,36.86167623,42.96246178,Fiber Speed (Duhok)
722-R01-FDT07-FAT73,36.86041035,42.96821213,Fiber Speed (Duhok)
722-R01-FDT07-FAT74,36.86174265,42.96644427,Fiber Speed (Duhok)
722-R01-FDT08-FAT01,36.8724571,42.97974895,Fiber Speed (Duhok)
722-R01-FDT08-FAT02,36.87278578,42.9802885,Fiber Speed (Duhok)
722-R01-FDT08-FAT03,36.87387597,42.98079959,Fiber Speed (Duhok)
722-R01-FDT08-FAT04,36.8736183,42.98023586,Fiber Speed (Duhok)
722-R01-FDT08-FAT05,36.87269438,42.98173098,Fiber Speed (Duhok)
722-R01-FDT08-FAT06,36.87414898,42.98179664,Fiber Speed (Duhok)
722-R01-FDT08-FAT07,36.87415977,42.9831124,Fiber Speed (Duhok)
722-R01-FDT08-FAT08,36.87403127,42.98401648,Fiber Speed (Duhok)
722-R01-FDT08-FAT09,36.87348952,42.98462576,Fiber Speed (Duhok)
722-R01-FDT08-FAT10,36.8733618,42.98223576,Fiber Speed (Duhok)
722-R01-FDT08-FAT11,36.87326655,42.98292658,Fiber Speed (Duhok)
722-R01-FDT08-FAT12,36.87443244,42.98068912,Fiber Speed (Duhok)
722-R01-FDT08-FAT13,36.87482646,42.97956872,Fiber Speed (Duhok)
722-R01-FDT08-FAT14,36.87567167,42.98113763,Fiber Speed (Duhok)
722-R01-FDT08-FAT15,36.8754782,42.98076707,Fiber Speed (Duhok)
722-R01-FDT08-FAT16,36.87495692,42.98057692,Fiber Speed (Duhok)
722-R01-FDT08-FAT17,36.87544061,42.97987666,Fiber Speed (Duhok)
722-R01-FDT08-FAT18,36.87510666,42.98172024,Fiber Speed (Duhok)
722-R01-FDT08-FAT19,36.87525156,42.98232827,Fiber Speed (Duhok)
722-R01-FDT08-FAT20,36.87515061,42.98316573,Fiber Speed (Duhok)
722-R01-FDT08-FAT21,36.87638593,42.98399511,Fiber Speed (Duhok)
722-R01-FDT08-FAT22,36.87662433,42.98233097,Fiber Speed (Duhok)
722-R01-FDT08-FAT23,36.87689013,42.98194555,Fiber Speed (Duhok)
722-R01-FDT08-FAT24,36.87751932,42.98112867,Fiber Speed (Duhok)
722-R01-FDT08-FAT25,36.87469079,42.98313138,Fiber Speed (Duhok)
722-R01-FDT08-FAT26,36.87598855,42.98341972,Fiber Speed (Duhok)
722-R01-FDT08-FAT27,36.87477967,42.98501366,Fiber Speed (Duhok)
722-R01-FDT08-FAT28,36.87528687,42.98564051,Fiber Speed (Duhok)
722-R01-FDT08-FAT29,36.87532005,42.98511373,Fiber Speed (Duhok)
722-R01-FDT08-FAT30,36.8746117,42.98617662,Fiber Speed (Duhok)
722-R01-FDT08-FAT31,36.87448066,42.98714276,Fiber Speed (Duhok)
722-R01-FDT08-FAT32,36.87101259,42.97805491,Fiber Speed (Duhok)
722-R01-FDT08-FAT33,36.87042782,42.97610285,Fiber Speed (Duhok)
722-R01-FDT08-FAT34,36.87058175,42.97545033,Fiber Speed (Duhok)
722-R01-FDT08-FAT35,36.8706191,42.97668984,Fiber Speed (Duhok)
722-R01-FDT08-FAT36,36.87102733,42.97582319,Fiber Speed (Duhok)
722-R01-FDT08-FAT37,36.87010419,42.97450302,Fiber Speed (Duhok)
722-R01-FDT08-FAT38,36.87134213,42.97776081,Fiber Speed (Duhok)
722-R01-FDT08-FAT39,36.87122338,42.97643849,Fiber Speed (Duhok)
722-R01-FDT08-FAT40,36.87187633,42.97776622,Fiber Speed (Duhok)
722-R01-FDT08-FAT41,36.87236282,42.97807637,Fiber Speed (Duhok)
722-R01-FDT08-FAT42,36.87350416,42.97836472,Fiber Speed (Duhok)
722-R01-FDT08-FAT43,36.87255971,42.97907086,Fiber Speed (Duhok)
722-R01-FDT08-FAT44,36.87543309,42.98389664,Fiber Speed (Duhok)
722-R01-FDT08-FAT45,36.8732481,42.97861737,Fiber Speed (Duhok)
722-R01-FDT08-FAT46,36.8729843,42.98175728,Fiber Speed (Duhok)
722-R01-FDT08-FAT47,36.87659492,42.98245025,Fiber Speed (Duhok)
722-R01-FDT08-FAT48,36.87418258,42.97992253,Fiber Speed (Duhok)
722-R01-FDT08-FAT49,36.86979936,42.97595381,Fiber Speed (Duhok)
722-R01-FDT09-FAT01,36.87260897,42.97611668,Fiber Speed (Duhok)
722-R01-FDT09-FAT02,36.87349215,42.97662944,Fiber Speed (Duhok)
722-R01-FDT09-FAT03,36.87380558,42.97662314,Fiber Speed (Duhok)
722-R01-FDT09-FAT04,36.87434834,42.97693081,Fiber Speed (Duhok)
722-R01-FDT09-FAT05,36.87471906,42.97718093,Fiber Speed (Duhok)
722-R01-FDT09-FAT06,36.87582396,42.97787784,Fiber Speed (Duhok)
722-R01-FDT09-FAT07,36.87638005,42.97779854,Fiber Speed (Duhok)
722-R01-FDT09-FAT08,36.87609219,42.97867294,Fiber Speed (Duhok)
722-R01-FDT09-FAT09,36.87475764,42.97654154,Fiber Speed (Duhok)
722-R01-FDT09-FAT10,36.87505379,42.97715198,Fiber Speed (Duhok)
722-R01-FDT09-FAT11,36.87482473,42.97802427,Fiber Speed (Duhok)
722-R01-FDT09-FAT12,36.8752762,42.97833415,Fiber Speed (Duhok)
722-R01-FDT09-FAT13,36.87568976,42.97883399,Fiber Speed (Duhok)
722-R01-FDT09-FAT14,36.87752563,42.97937079,Fiber Speed (Duhok)
722-R01-FDT09-FAT15,36.87671184,42.97973619,Fiber Speed (Duhok)
722-R01-FDT09-FAT16,36.87704481,42.97850484,Fiber Speed (Duhok)
722-R01-FDT09-FAT17,36.87708841,42.97691994,Fiber Speed (Duhok)
722-R01-FDT09-FAT18,36.87679244,42.97790259,Fiber Speed (Duhok)
722-R01-FDT09-FAT19,36.8778676,42.97868857,Fiber Speed (Duhok)
722-R01-FDT09-FAT20,36.87879534,42.9783358,Fiber Speed (Duhok)
722-R01-FDT09-FAT21,36.87225557,42.97676865,Fiber Speed (Duhok)
722-R01-FDT09-FAT22,36.87270842,42.97712401,Fiber Speed (Duhok)
722-R01-FDT09-FAT23,36.87307623,42.97776169,Fiber Speed (Duhok)
722-R01-FDT09-FAT24,36.87191392,42.97635936,Fiber Speed (Duhok)
722-R01-FDT09-FAT25,36.87151806,42.97595856,Fiber Speed (Duhok)
722-R01-FDT09-FAT26,36.87191959,42.97555913,Fiber Speed (Duhok)
722-R01-FDT09-FAT27,36.87334331,42.97520514,Fiber Speed (Duhok)
722-R01-FDT09-FAT28,36.87405847,42.97593709,Fiber Speed (Duhok)
722-R01-FDT09-FAT29,36.87297272,42.97485287,Fiber Speed (Duhok)
722-R01-FDT09-FAT30,36.87353072,42.97443098,Fiber Speed (Duhok)
722-R01-FDT09-FAT31,36.87256481,42.97523405,Fiber Speed (Duhok)
722-R01-FDT09-FAT32,36.87262385,42.97447037,Fiber Speed (Duhok)
722-R01-FDT09-FAT33,36.87215701,42.97417852,Fiber Speed (Duhok)
722-R01-FDT09-FAT34,36.87182927,42.97463274,Fiber Speed (Duhok)
722-R01-FDT09-FAT35,36.87063286,42.97391439,Fiber Speed (Duhok)
722-R01-FDT09-FAT36,36.87149911,42.97327918,Fiber Speed (Duhok)
722-R01-FDT09-FAT37,36.87242432,42.97344964,Fiber Speed (Duhok)
722-R01-FDT09-FAT38,36.87202854,42.97296149,Fiber Speed (Duhok)
722-R01-FDT09-FAT39,36.87156033,42.97267644,Fiber Speed (Duhok)
722-R01-FDT09-FAT40,36.87111651,42.97226376,Fiber Speed (Duhok)
722-R01-FDT09-FAT41,36.87109481,42.97153308,Fiber Speed (Duhok)
722-R01-FDT09-FAT42,36.87076349,42.97183397,Fiber Speed (Duhok)
722-R01-FDT09-FAT43,36.87036836,42.97136776,Fiber Speed (Duhok)
722-R01-FDT09-FAT44,36.87869478,42.97783415,Fiber Speed (Duhok)
722-R01-FDT09-FAT45,36.87444504,42.97555642,Fiber Speed (Duhok)
722-R01-FDT09-FAT46,36.87784319,42.97806636,Fiber Speed (Duhok)
722-R01-FDT09-FAT47,36.87263803,42.97290645,Fiber Speed (Duhok)
722-R01-FDT09-FAT48,36.87523482,42.97773691,Fiber Speed (Duhok)
722-R01-FDT09-FAT49,36.87606394,42.97677227,Fiber Speed (Duhok)
722-R01-FDT09-FAT50,36.87241912,42.97584453,Fiber Speed (Duhok)
722-R01-FDT09-FAT51,36.87279646,42.97536125,Fiber Speed (Duhok)
722-R01-FDT09-FAT52,36.87687468,42.98001808,Fiber Speed (Duhok)
722-R01-FDT10-FAT01,36.86662336,42.98142147,Fiber Speed (Duhok)
722-R01-FDT10-FAT02,36.86679045,42.98065198,Fiber Speed (Duhok)
722-R01-FDT10-FAT03,36.86608868,42.97893485,Fiber Speed (Duhok)
722-R01-FDT10-FAT04,36.86624138,42.97864363,Fiber Speed (Duhok)
722-R01-FDT10-FAT05,36.86640077,42.97831789,Fiber Speed (Duhok)
722-R01-FDT10-FAT06,36.86624349,42.97793589,Fiber Speed (Duhok)
722-R01-FDT10-FAT07,36.86595694,42.97795011,Fiber Speed (Duhok)
722-R01-FDT10-FAT08,36.86585089,42.97828621,Fiber Speed (Duhok)
722-R01-FDT10-FAT09,36.86571009,42.97860715,Fiber Speed (Duhok)
722-R01-FDT10-FAT10,36.86577338,42.97901489,Fiber Speed (Duhok)
722-R01-FDT10-FAT11,36.86570447,42.97955113,Fiber Speed (Duhok)
722-R01-FDT10-FAT12,36.86569355,42.97957297,Fiber Speed (Duhok)
722-R01-FDT10-FAT13,36.8656824,42.97959527,Fiber Speed (Duhok)
722-R01-FDT10-FAT14,36.86523704,42.97978639,Fiber Speed (Duhok)
722-R01-FDT10-FAT15,36.86522612,42.97980822,Fiber Speed (Duhok)
722-R01-FDT10-FAT16,36.86521496,42.97983053,Fiber Speed (Duhok)
722-R01-FDT10-FAT17,36.86517683,42.97825071,Fiber Speed (Duhok)
722-R01-FDT10-FAT18,36.86486934,42.97842933,Fiber Speed (Duhok)
722-R01-FDT10-FAT19,36.86489873,42.9790068,Fiber Speed (Duhok)
722-R01-FDT10-FAT20,36.86489499,42.97903183,Fiber Speed (Duhok)
722-R01-FDT10-FAT21,36.86489109,42.97905796,Fiber Speed (Duhok)
722-R01-FDT10-FAT22,36.86488743,42.97908248,Fiber Speed (Duhok)
722-R01-FDT10-FAT23,36.86472752,42.97947956,Fiber Speed (Duhok)
722-R01-FDT10-FAT24,36.86472378,42.97950459,Fiber Speed (Duhok)
722-R01-FDT10-FAT25,36.86471988,42.97953072,Fiber Speed (Duhok)
722-R01-FDT10-FAT26,36.86471622,42.97955523,Fiber Speed (Duhok)
722-R01-FDT10-FAT27,36.86460964,42.97844395,Fiber Speed (Duhok)
722-R01-FDT10-FAT28,36.86458512,42.97844236,Fiber Speed (Duhok)
722-R01-FDT10-FAT29,36.86433968,42.97838585,Fiber Speed (Duhok)
722-R01-FDT10-FAT30,36.86431516,42.97838425,Fiber Speed (Duhok)
722-R01-FDT10-FAT31,36.86416602,42.97802522,Fiber Speed (Duhok)
722-R01-FDT10-FAT32,36.8641415,42.97802362,Fiber Speed (Duhok)
722-R01-FDT10-FAT33,36.86584218,42.98184468,Fiber Speed (Duhok)
722-R01-FDT10-FAT34,36.86582528,42.98183726,Fiber Speed (Duhok)
722-R01-FDT10-FAT35,36.86580714,42.98183506,Fiber Speed (Duhok)
722-R01-FDT10-FAT36,36.86578884,42.98183284,Fiber Speed (Duhok)
722-R01-FDT10-FAT37,36.86576893,42.98183043,Fiber Speed (Duhok)
722-R01-FDT10-FAT38,36.865505,42.98163272,Fiber Speed (Duhok)
722-R01-FDT10-FAT39,36.86548826,42.98161892,Fiber Speed (Duhok)
722-R01-FDT10-FAT40,36.865474,42.9816019,Fiber Speed (Duhok)
722-R01-FDT10-FAT41,36.86545722,42.98158573,Fiber Speed (Duhok)
722-R01-FDT10-FAT42,36.8654443,42.98157263,Fiber Speed (Duhok)
722-R01-FDT10-FAT43,36.8662903,42.98064101,Fiber Speed (Duhok)
722-R01-FDT10-FAT44,36.86627453,42.98062826,Fiber Speed (Duhok)
722-R01-FDT10-FAT45,36.86625969,42.98061625,Fiber Speed (Duhok)
722-R01-FDT10-FAT46,36.86580463,42.98019922,Fiber Speed (Duhok)
722-R01-FDT10-FAT47,36.86581876,42.98021358,Fiber Speed (Duhok)
722-R01-FDT10-FAT48,36.86583321,42.98022827,Fiber Speed (Duhok)
722-R01-FDT10-FAT49,36.86603852,42.97984187,Fiber Speed (Duhok)
722-R01-FDT10-FAT50,36.86605445,42.97985677,Fiber Speed (Duhok)
722-R01-FDT10-FAT51,36.86606979,42.97987112,Fiber Speed (Duhok)
722-R01-FDT10-FAT52,36.86628207,42.97855983,Fiber Speed (Duhok)
722-R01-FDT10-FAT53,36.86647099,42.97907617,Fiber Speed (Duhok)
722-R01-FDT10-FAT54,36.86515117,42.98127402,Fiber Speed (Duhok)
722-R01-FDT10-FAT55,36.86516857,42.98128944,Fiber Speed (Duhok)
722-R01-FDT10-FAT56,36.86518823,42.98130573,Fiber Speed (Duhok)
722-R01-FDT10-FAT57,36.86517061,42.98126372,Fiber Speed (Duhok)
722-R01-FDT10-FAT58,36.86518838,42.98127883,Fiber Speed (Duhok)
722-R01-FDT10-FAT59,36.86545502,42.98086654,Fiber Speed (Duhok)
722-R01-FDT10-FAT60,36.86547241,42.98088195,Fiber Speed (Duhok)
722-R01-FDT10-FAT61,36.86549208,42.98089824,Fiber Speed (Duhok)
722-R01-FDT10-FAT62,36.86547446,42.98085624,Fiber Speed (Duhok)
722-R01-FDT10-FAT63,36.86549223,42.98087135,Fiber Speed (Duhok)
722-R01-FDT10-FAT64,36.8661525,42.98107145,Fiber Speed (Duhok)
722-R01-FDT10-FAT65,36.86482365,42.9783815,Fiber Speed (Duhok)
722-R01-FDT10-FAT66,36.86590289,42.98035414,Fiber Speed (Duhok)
722-R01-FDT10-FAT67,36.86521941,42.98120309,Fiber Speed (Duhok)
722-R02-FDT01-FAT01,36.87584883,43.03140404,BigLine
722-R02-FDT01-FAT02,36.87521516,43.03019793,BigLine
722-R02-FDT01-FAT03,36.87684795,43.03223221,BigLine
722-R02-FDT01-FAT04,36.87608443,43.03278217,BigLine
722-R02-FDT01-FAT05,36.87757009,43.03435841,BigLine
722-R02-FDT01-FAT06,36.87873196,43.03508193,BigLine
722-R02-FDT01-FAT07,36.87698229,43.03236054,BigLine
722-R02-FDT01-FAT08,36.87779151,43.03557663,BigLine
722-R02-FDT01-FAT09,36.87733068,43.03100861,BigLine
722-R02-FDT01-FAT10,36.87681632,43.03379751,BigLine
722-R02-FDT01-FAT11,36.87481691,43.0304366,BigLine
722-R02-FDT02-FAT01,36.86219794,42.99632889,3BG
722-R02-FDT02-FAT02,36.86243105,42.99665983,3BG
722-R02-FDT02-FAT03,36.86241167,42.99704186,3BG
722-R02-FDT02-FAT04,36.86238924,42.99709742,3BG
722-R02-FDT02-FAT05,36.86221897,42.99748435,3BG
722-R02-FDT02-FAT06,36.86253791,42.99770586,3BG
722-R02-FDT02-FAT07,36.86277373,42.99788888,3BG
722-R02-FDT02-FAT08,36.86181779,42.99787974,3BG
722-R02-FDT02-FAT09,36.86212102,42.99749831,3BG
722-R02-FDT02-FAT10,36.86208334,42.9979253,3BG
722-R02-FDT02-FAT11,36.86205859,42.99820034,3BG
722-R02-FDT02-FAT12,36.86217458,42.99851395,3BG
722-R02-FDT02-FAT13,36.86243924,42.99857482,3BG
722-R02-FDT02-FAT14,36.86200572,42.99958012,3BG
722-R02-FDT02-FAT15,36.86203942,42.9986129,3BG
722-R02-FDT02-FAT16,36.86202878,42.99895293,3BG
722-R02-FDT02-FAT17,36.86209972,42.99895072,3BG
722-R02-FDT02-FAT18,36.86224854,42.9989702,3BG
722-R02-FDT02-FAT19,36.86210068,42.99647401,3BG
722-R02-FDT02-FAT20,36.86162678,42.99756776,3BG
722-R02-FDT02-FAT21,36.86151859,42.99779548,3BG
722-R02-FDT02-FAT22,36.86145599,42.99792874,3BG
722-R02-FDT02-FAT23,36.86113996,42.99851499,3BG
722-R02-FDT02-FAT24,36.86096019,42.99885046,3BG
722-R02-FDT02-FAT25,36.8615573,42.99837906,3BG
722-R02-FDT02-FAT26,36.86171077,42.99841053,3BG
722-R02-FDT02-FAT27,36.8614461,42.9988159,3BG
722-R02-FDT02-FAT28,36.8615897,42.99886652,3BG
722-R02-FDT02-FAT29,36.86134524,42.99916778,3BG
722-R02-FDT02-FAT30,36.86274312,42.9942243,3BG
722-R02-FDT02-FAT31,36.86312146,42.99442029,3BG
722-R02-FDT02-FAT32,36.86401684,42.99393941,3BG
722-R02-FDT02-FAT33,36.86308683,42.99682508,3BG
722-R02-FDT02-FAT34,36.86310061,42.99680536,3BG
722-R02-FDT02-FAT35,36.86357217,42.99725636,3BG
722-R02-FDT02-FAT36,36.86449892,42.99792101,3BG
722-R02-FDT02-FAT37,36.86315025,42.9972621,3BG
722-R02-FDT02-FAT38,36.86416124,42.99668553,3BG
722-R02-FDT02-FAT39,36.86401574,42.99652207,3BG
722-R02-FDT02-FAT40,36.86379135,42.99590142,3BG
722-R02-FDT02-FAT41,36.8639089,42.99573665,3BG
722-R02-FDT02-FAT42,36.86409233,42.9960863,3BG
722-R02-FDT02-FAT43,36.86449779,42.99571026,3BG
722-R02-FDT02-FAT44,36.86463411,42.99548442,3BG
722-R02-FDT02-FAT45,36.86276753,42.99781984,3BG
722-R02-FDT02-FAT46,36.8620716,42.99820472,3BG
722-R02-FDT02-FAT47,36.86132563,42.9990666,3BG
722-R02-FDT02-FAT48,36.86132914,42.99831701,3BG
722-R02-FDT02-FAT49,36.86204953,42.99845948,3BG
722-R02-FDT02-FAT50,36.86264396,42.99654486,3BG
722-R02-FDT03-FAT01,36.86071514,42.99888136,3BG
722-R02-FDT03-FAT02,36.86054336,42.99875727,3BG
722-R02-FDT03-FAT03,36.86054074,42.99860164,3BG
722-R02-FDT03-FAT04,36.86008811,42.99918013,3BG
722-R02-FDT03-FAT05,36.8600201,42.99969233,3BG
722-R02-FDT03-FAT06,36.85995119,43.00005081,3BG
722-R02-FDT03-FAT07,36.86013411,42.99846812,3BG
722-R02-FDT03-FAT08,36.85991343,42.99814623,3BG
722-R02-FDT03-FAT09,36.8599812,42.99781736,3BG
722-R02-FDT03-FAT10,36.85978911,42.99865671,3BG
722-R02-FDT03-FAT11,36.85967513,42.9990398,3BG
722-R02-FDT03-FAT12,36.85958185,42.99942111,3BG
722-R02-FDT03-FAT13,36.85946693,42.99986841,3BG
722-R02-FDT03-FAT14,36.85936452,43.00023879,3BG
722-R02-FDT03-FAT15,36.85934722,43.00037394,3BG
722-R02-FDT03-FAT16,36.86097134,42.99838296,3BG
722-R02-FDT03-FAT17,36.86064376,42.99786627,3BG
722-R02-FDT03-FAT18,36.86045716,42.99754029,3BG
722-R02-FDT03-FAT19,36.86116653,42.99799046,3BG
722-R02-FDT03-FAT20,36.86127176,42.99784772,3BG
722-R02-FDT03-FAT21,36.86075525,42.99693571,3BG
722-R02-FDT03-FAT22,36.86160309,42.99709939,3BG
722-R02-FDT03-FAT23,36.86206332,42.99591342,3BG
722-R02-FDT03-FAT24,36.86098329,42.99774923,3BG
722-R02-FDT04-FAT01,36.86066799,43.00101676,3BG
722-R02-FDT04-FAT02,36.86122694,43.0012073,3BG
722-R02-FDT04-FAT03,36.86123243,43.00111772,3BG
722-R02-FDT04-FAT04,36.861606,43.00122338,3BG
722-R02-FDT04-FAT05,36.85990489,43.00099085,3BG
722-R02-FDT04-FAT06,36.86022405,43.00032194,3BG
722-R02-FDT04-FAT07,36.86058163,42.99989653,3BG
722-R02-FDT04-FAT08,36.86071689,42.99987802,3BG
722-R02-FDT04-FAT09,36.86074975,42.99970961,3BG
722-R02-FDT04-FAT10,36.86098721,42.9994355,3BG
722-R02-FDT04-FAT11,36.86103722,42.99908243,3BG
722-R02-FDT04-FAT12,36.86055518,43.00051302,3BG
722-R02-FDT04-FAT13,36.86131531,43.00075111,3BG
722-R02-FDT04-FAT14,36.8613275,43.00061726,3BG
722-R02-FDT04-FAT15,36.8617412,43.00056406,3BG
722-R02-FDT04-FAT16,36.86075863,43.00023788,3BG
722-R02-FDT04-FAT17,36.86104784,43.00024694,3BG
722-R02-FDT04-FAT18,36.86133443,42.99973321,3BG
722-R02-FDT04-FAT19,36.86140661,42.99978081,3BG
722-R02-FDT04-FAT20,36.86151037,43.00001086,3BG
722-R02-FDT04-FAT21,36.86187348,42.9996716,3BG
722-R02-FDT04-FAT22,36.86074329,43.00180168,3BG
722-R02-FDT04-FAT23,36.86112119,43.00165676,3BG
722-R02-FDT04-FAT24,36.86173136,43.00184478,3BG
722-R02-FDT04-FAT25,36.86184874,43.00177335,3BG
722-R02-FDT04-FAT26,36.86193375,43.00325495,3BG
722-R02-FDT04-FAT27,36.86307521,43.003566,3BG
722-R02-FDT04-FAT28,36.8642389,43.003636,3BG
722-R02-FDT04-FAT29,36.86492059,43.00361627,3BG
722-R02-FDT04-FAT30,36.86215367,43.00183371,3BG
722-R02-FDT04-FAT31,36.8619135,43.00125456,3BG
722-R02-FDT04-FAT32,36.86191087,43.00067448,3BG
722-R02-FDT04-FAT33,36.86210117,42.99997065,3BG
722-R02-FDT04-FAT34,36.8621433,42.99981843,3BG
722-R02-FDT04-FAT35,36.86450784,43.00026363,3BG
722-R02-FDT04-FAT36,36.86239196,42.99916848,3BG
722-R02-FDT04-FAT37,36.86252622,42.99880828,3BG
722-R02-FDT04-FAT38,36.86288061,42.99820765,3BG
722-R02-FDT04-FAT39,36.86299684,42.99850233,3BG
722-R02-FDT04-FAT40,36.86390448,42.99910774,3BG
722-R02-FDT04-FAT41,36.86213163,42.99965842,3BG
722-R02-FDT04-FAT42,36.86223369,43.00049001,3BG
722-R02-FDT04-FAT43,36.86439604,42.99970848,3BG
722-R02-FDT05-FAT01,36.8616437,43.00390267,3BG
722-R02-FDT05-FAT02,36.86121431,43.00487184,3BG
722-R02-FDT05-FAT03,36.86202217,43.00456094,3BG
722-R02-FDT05-FAT04,36.86109122,43.00572467,3BG
722-R02-FDT05-FAT05,36.86078764,43.00649622,3BG
722-R02-FDT05-FAT06,36.86068237,43.00662805,3BG
722-R02-FDT05-FAT07,36.86202502,43.00514323,3BG
722-R02-FDT05-FAT08,36.86261158,43.0049889,3BG
722-R02-FDT05-FAT09,36.86145322,43.00558765,3BG
722-R02-FDT05-FAT10,36.86221214,43.00533936,3BG
722-R02-FDT05-FAT11,36.86132214,43.0056831,3BG
722-R02-FDT05-FAT12,36.86126625,43.00587292,3BG
722-R02-FDT05-FAT13,36.86204209,43.00658245,3BG
722-R02-FDT05-FAT14,36.86198645,43.00692119,3BG
722-R02-FDT05-FAT15,36.86254722,43.00707144,3BG
722-R02-FDT05-FAT16,36.86266684,43.00721282,3BG
722-R02-FDT05-FAT17,36.86242278,43.00817301,3BG
722-R02-FDT05-FAT18,36.86239593,43.00804773,3BG
722-R02-FDT05-FAT19,36.86203113,43.0087855,3BG
722-R02-FDT05-FAT20,36.86198575,43.00884964,3BG
722-R02-FDT05-FAT21,36.86175908,43.00870561,3BG
722-R02-FDT05-FAT22,36.86286529,43.00828166,3BG
722-R02-FDT05-FAT23,36.86312485,43.00801296,3BG
722-R02-FDT05-FAT24,36.86328961,43.00742596,3BG
722-R02-FDT05-FAT25,36.86314909,43.00844831,3BG
722-R02-FDT05-FAT26,36.8632598,43.00851263,3BG
722-R02-FDT05-FAT27,36.86312675,43.00902615,3BG
722-R02-FDT05-FAT28,36.8634188,43.00914234,3BG
722-R02-FDT05-FAT29,36.86343512,43.00922357,3BG
722-R02-FDT05-FAT30,36.86280697,43.00924939,3BG
722-R02-FDT05-FAT31,36.86236895,43.00910323,3BG
722-R02-FDT05-FAT32,36.86304526,43.00946745,3BG
722-R02-FDT05-FAT33,36.86331276,43.01009659,3BG
722-R02-FDT05-FAT34,36.86294093,43.0098353,3BG
722-R02-FDT05-FAT35,36.86282469,43.0100559,3BG
722-R02-FDT05-FAT36,36.86283967,43.0103896,3BG
722-R02-FDT05-FAT37,36.86273991,43.01090289,3BG
722-R02-FDT05-FAT38,36.86287572,43.01101328,3BG
722-R02-FDT05-FAT39,36.8608857,43.00523619,3BG
722-R02-FDT05-FAT40,36.86067093,43.00545929,3BG
722-R02-FDT05-FAT41,36.86037965,43.00626103,3BG
722-R02-FDT05-FAT42,36.86034588,43.00631352,#N/A
722-R02-FDT05-FAT43,36.86019816,43.00661215,3BG
722-R02-FDT05-FAT44,36.86002925,43.00696298,3BG
722-R02-FDT05-FAT45,36.86123467,43.00771587,3BG
722-R02-FDT05-FAT46,36.86137153,43.00763464,3BG
722-R02-FDT05-FAT47,36.86064561,43.00833315,3BG
722-R02-FDT05-FAT48,36.86116996,43.00900073,3BG
722-R02-FDT06-FAT01,36.86432822,43.00470472,3BG
722-R02-FDT06-FAT02,36.86438813,43.00543402,3BG
722-R02-FDT06-FAT03,36.86534851,43.00508569,3BG
722-R02-FDT06-FAT04,36.86567931,43.00513553,3BG
722-R02-FDT06-FAT05,36.86564408,43.0055569,3BG
722-R02-FDT06-FAT06,36.86566358,43.00588333,3BG
722-R02-FDT06-FAT07,36.86552421,43.00610504,3BG
722-R02-FDT06-FAT08,36.86549734,43.00625106,3BG
722-R02-FDT06-FAT09,36.86527288,43.00554073,3BG
722-R02-FDT06-FAT10,36.8653483,43.00582881,3BG
722-R02-FDT06-FAT11,36.86521636,43.00656322,3BG
722-R02-FDT06-FAT12,36.86485199,43.00639884,3BG
722-R02-FDT06-FAT13,36.86479254,43.00632052,3BG
722-R02-FDT06-FAT14,36.86473973,43.00653985,3BG
722-R02-FDT06-FAT15,36.86443074,43.00668622,3BG
722-R02-FDT06-FAT16,36.86441527,43.00696316,3BG
722-R02-FDT06-FAT17,36.8638864,43.00454155,3BG
722-R02-FDT06-FAT18,36.86394173,43.00560005,3BG
722-R02-FDT06-FAT19,36.86329649,43.00638496,3BG
722-R02-FDT06-FAT20,36.86350327,43.00551462,3BG
722-R02-FDT06-FAT21,36.86298908,43.00541669,3BG
722-R02-FDT06-FAT22,36.86306746,43.00563186,3BG
722-R02-FDT06-FAT23,36.86289368,43.00576202,3BG
722-R02-FDT06-FAT24,36.86268063,43.00624494,3BG
722-R02-FDT06-FAT25,36.86278852,43.0067435,3BG
722-R02-FDT06-FAT26,36.86557589,43.00400789,3BG
722-R02-FDT06-FAT27,36.8662492,43.00412648,3BG
722-R02-FDT06-FAT28,36.86655952,43.00345303,3BG
722-R02-FDT06-FAT29,36.86626997,43.0044423,3BG
722-R02-FDT06-FAT30,36.86639705,43.00517436,3BG
722-R02-FDT06-FAT31,36.86642313,43.00588951,3BG
722-R02-FDT06-FAT32,36.86630311,43.00703656,3BG
722-R02-FDT06-FAT33,36.86705076,43.00766116,3BG
722-R02-FDT06-FAT34,36.86659998,43.00784408,3BG
722-R02-FDT06-FAT35,36.86649006,43.00821941,#N/A
722-R02-FDT06-FAT36,36.86648297,43.008463,3BG
722-R02-FDT06-FAT37,36.86678438,43.00870535,3BG
722-R02-FDT06-FAT38,36.86658708,43.00903518,3BG
722-R02-FDT06-FAT39,36.86650559,43.00974615,3BG
722-R02-FDT07-FAT01,36.86816197,42.9973159,3BG
722-R02-FDT07-FAT02,36.86847064,42.99743049,3BG
722-R02-FDT07-FAT03,36.86898307,42.99773865,3BG
722-R02-FDT07-FAT04,36.86944993,42.99862314,3BG
722-R02-FDT07-FAT05,36.86947004,42.99870098,3BG
722-R02-FDT07-FAT06,36.86956203,42.99950257,3BG
722-R02-FDT07-FAT07,36.86912806,43.00020903,3BG
722-R02-FDT07-FAT08,36.86914654,42.99731712,3BG
722-R02-FDT07-FAT09,36.86978324,42.99789588,3BG
722-R02-FDT07-FAT10,36.86999849,42.99844478,3BG
722-R02-FDT07-FAT11,36.86978569,42.99902947,3BG
722-R02-FDT07-FAT12,36.87009649,42.9991303,3BG
722-R02-FDT07-FAT13,36.86987284,42.99720998,3BG
722-R02-FDT07-FAT14,36.8701905,42.99712612,3BG
722-R02-FDT07-FAT15,36.8703505,42.99693267,3BG
722-R02-FDT07-FAT16,36.87065729,42.99693055,3BG
722-R02-FDT07-FAT17,36.87079542,42.99684679,3BG
722-R02-FDT07-FAT18,36.87008387,42.99613392,3BG
722-R02-FDT07-FAT19,36.86970673,42.99576601,3BG
722-R02-FDT07-FAT20,36.87082164,42.99579836,3BG
722-R02-FDT07-FAT21,36.86705319,42.99923166,3BG
722-R02-FDT07-FAT22,36.86747132,43.00032118,3BG
722-R02-FDT07-FAT23,36.86797653,43.00011145,3BG
722-R02-FDT07-FAT24,36.86759148,43.0010379,3BG
722-R02-FDT07-FAT25,36.86798117,43.00124214,3BG
722-R02-FDT07-FAT26,36.87092116,43.00061638,3BG
722-R02-FDT07-FAT27,36.87387337,43.00367536,3BG
722-R02-FDT07-FAT29,36.87761595,43.0130641,BigLine
722-R02-FDT07-FAT30,36.87635136,43.0144415,BigLine
722-R02-FDT07-FAT31,36.87546613,43.01560186,BigLine
722-R02-FDT07-FAT32,36.87805208,43.01346316,BigLine
722-R02-FDT07-FAT33,36.88108544,42.9988043,BigLine
722-R02-FDT07-FAT34,36.88396218,42.99372553,BigLine
722-R02-FDT07-FAT35,36.88815522,42.99323446,BigLine
722-R02-FDT07-FAT36,36.8945823,42.99182888,BigLine
722-R02-FDT07-FAT37,36.89497637,42.99135243,BigLine
722-R02-FDT07-FAT38,36.87723554,42.99925335,BigLine
722-R02-FDT08-FAT01,36.86772706,42.99687256,3BG
722-R02-FDT08-FAT02,36.86768557,42.99655583,3BG
722-R02-FDT08-FAT03,36.86801963,42.99606673,3BG
722-R02-FDT08-FAT04,36.8683598,42.99606544,3BG
722-R02-FDT08-FAT05,36.86791065,42.99502314,3BG
722-R02-FDT08-FAT06,36.86795773,42.99443339,3BG
722-R02-FDT08-FAT07,36.86806117,42.99447382,3BG
722-R02-FDT08-FAT08,36.86843468,42.99461273,3BG
722-R02-FDT08-FAT09,36.86850719,42.99387107,3BG
722-R02-FDT08-FAT10,36.86753067,42.99504467,3BG
722-R02-FDT08-FAT11,36.86759521,42.99438855,3BG
722-R02-FDT08-FAT12,36.86709446,42.99525875,3BG
722-R02-FDT08-FAT13,36.86719472,42.99405568,3BG
722-R02-FDT08-FAT14,36.86716752,42.99300006,3BG
722-R02-FDT08-FAT15,36.86748431,42.997386,3BG
722-R02-FDT08-FAT16,36.86716474,42.99695488,3BG
722-R02-FDT08-FAT17,36.8669103,42.99614681,3BG
722-R02-FDT08-FAT18,36.86651601,42.99619969,3BG
722-R02-FDT08-FAT19,36.86634901,42.9945822,3BG
722-R02-FDT08-FAT20,36.86631929,42.99429107,3BG
722-R02-FDT08-FAT21,36.86621765,42.99373841,3BG
722-R02-FDT08-FAT22,36.86603947,42.99319097,3BG
722-R02-FDT08-FAT23,36.86662807,42.99476141,3BG
722-R02-FDT08-FAT24,36.86611965,42.99477663,3BG
722-R02-FDT08-FAT25,36.86601507,42.99404838,3BG
722-R02-FDT08-FAT26,36.8655091,42.99393187,3BG
722-R02-FDT08-FAT27,36.86506699,42.9951319,3BG
722-R02-FDT08-FAT28,36.86868741,42.99678639,3BG
722-R02-FDT08-FAT29,36.86866551,42.99640409,3BG
722-R02-FDT08-FAT30,36.8689305,42.9954902,3BG
722-R02-FDT08-FAT31,36.86892647,42.99442845,3BG
722-R02-FDT08-FAT32,36.86929698,42.99463706,3BG
722-R02-FDT08-FAT33,36.86931877,42.99446292,3BG
722-R02-FDT08-FAT34,36.86927965,42.99711974,3BG
722-R02-FDT08-FAT35,36.86896448,42.99691794,3BG
722-R02-FDT08-FAT36,36.86896817,42.99638397,3BG
722-R02-FDT08-FAT37,36.86927196,42.9963639,3BG
722-R02-FDT08-FAT38,36.8692605,42.99614771,3BG
722-R02-FDT08-FAT39,36.8692553,42.99563489,3BG
722-R02-FDT09-FAT01,36.86916961,42.98974834,3BG
722-R02-FDT09-FAT02,36.86908572,42.98913791,3BG
722-R02-FDT09-FAT03,36.86916744,42.98843493,3BG
722-R02-FDT09-FAT04,36.86887082,42.98804561,3BG
722-R02-FDT09-FAT05,36.86914125,42.99091445,3BG
722-R02-FDT09-FAT06,36.86866475,42.99172194,3BG
722-R02-FDT09-FAT07,36.86872403,42.99207429,3BG
722-R02-FDT09-FAT08,36.86833042,42.99202105,3BG
722-R02-FDT09-FAT09,36.86810778,42.9918663,#N/A
722-R02-FDT09-FAT10,36.86814265,42.99213928,3BG
722-R02-FDT09-FAT11,36.86821615,42.99262435,3BG
722-R02-FDT09-FAT12,36.86882746,42.99075568,3BG
722-R02-FDT09-FAT13,36.8687166,42.98959643,3BG
722-R02-FDT09-FAT14,36.86842474,42.99034016,3BG
722-R02-FDT09-FAT15,36.86800941,42.99050933,3BG
722-R02-FDT09-FAT16,36.86780812,42.99058582,3BG
722-R02-FDT09-FAT17,36.86760624,42.99065677,3BG
722-R02-FDT09-FAT18,36.86720888,42.99074267,3BG
722-R02-FDT09-FAT19,36.86710179,42.99130302,3BG
722-R02-FDT09-FAT20,36.86714679,42.99136756,3BG
722-R02-FDT09-FAT21,36.86655487,42.99169548,3BG
722-R02-FDT09-FAT22,36.86690401,42.99205725,3BG
722-R02-FDT09-FAT23,36.86619577,42.99185776,3BG
722-R02-FDT09-FAT24,36.86640218,42.99219159,3BG
722-R02-FDT09-FAT25,36.86641425,42.99304377,3BG
722-R02-FDT09-FAT26,36.86592765,42.99210439,3BG
722-R02-FDT09-FAT27,36.86584496,42.99283903,3BG
722-R02-FDT09-FAT28,36.87004907,42.98961875,3BG
722-R02-FDT09-FAT29,36.86965502,42.98884909,3BG
722-R02-FDT09-FAT30,36.86986082,42.98828459,3BG
722-R02-FDT09-FAT31,36.8698876,42.99132689,3BG
722-R02-FDT09-FAT32,36.86938577,42.9915635,3BG
722-R02-FDT09-FAT33,36.86983309,42.99186028,3BG
722-R02-FDT09-FAT34,36.86973958,42.99273816,3BG
722-R02-FDT09-FAT35,36.86947306,42.99265409,3BG
722-R02-FDT09-FAT36,36.86907117,42.99257758,3BG
722-R02-FDT10-FAT01,36.87051667,42.99076851,3BG
722-R02-FDT10-FAT02,36.87048678,42.991204,3BG
722-R02-FDT10-FAT03,36.87049011,42.99222792,3BG
722-R02-FDT10-FAT04,36.87047675,42.99246527,3BG
722-R02-FDT10-FAT05,36.87038519,42.99298604,3BG
722-R02-FDT10-FAT06,36.87080855,42.99124504,3BG
722-R02-FDT10-FAT07,36.87099264,42.99064835,3BG
722-R02-FDT10-FAT08,36.87134482,42.99079949,3BG
722-R02-FDT10-FAT09,36.87190129,42.9892142,3BG
722-R02-FDT10-FAT10,36.87212074,42.99069571,3BG
722-R02-FDT10-FAT11,36.87299554,42.99055227,3BG
722-R02-FDT10-FAT12,36.87294049,42.99106606,3BG
722-R02-FDT10-FAT13,36.87377386,42.99126615,3BG
722-R02-FDT10-FAT14,36.87382208,42.99072038,3BG
722-R02-FDT10-FAT15,36.87397297,42.99002943,3BG
722-R02-FDT10-FAT16,36.87226108,42.99140309,3BG
722-R02-FDT10-FAT17,36.87262186,42.99139506,3BG
722-R02-FDT10-FAT18,36.87249761,42.99240152,3BG
722-R02-FDT10-FAT19,36.87243655,42.99337392,3BG
722-R02-FDT10-FAT20,36.87175435,42.99115605,3BG
722-R02-FDT10-FAT21,36.87171403,42.99158696,3BG
722-R02-FDT10-FAT22,36.87163953,42.99215224,3BG
722-R02-FDT10-FAT23,36.87149515,42.99295008,3BG
722-R02-FDT10-FAT24,36.8713028,42.99309221,3BG
722-R02-FDT10-FAT25,36.87134447,42.99331185,3BG
722-R02-FDT10-FAT26,36.8709975,42.99413788,3BG
722-R02-FDT10-FAT27,36.870852,42.99465549,3BG
722-R02-FDT10-FAT28,36.87203552,42.99069122,3BG
722-R02-FDT10-FAT29,36.87087304,42.99514328,3BG
722-R02-FDT10-FAT30,36.87013231,42.99131786,3BG
722-R02-FDT10-FAT31,36.870005,42.9928412,3BG
722-R02-FDT10-FAT32,36.87183506,42.9892554,3BG
722-R02-FDT10-FAT33,36.87344518,42.99133483,3BG
722-R02-FDT11-FAT01,36.87308159,42.98642385,3BG
722-R02-FDT11-FAT02,36.87321998,42.9854274,3BG
722-R02-FDT11-FAT03,36.87342778,42.98720865,3BG
722-R02-FDT11-FAT04,36.87354133,42.98636827,3BG
722-R02-FDT11-FAT05,36.87387331,42.98607877,3BG
722-R02-FDT11-FAT06,36.87426236,42.98606939,3BG
722-R02-FDT11-FAT07,36.87439044,42.98523295,3BG
722-R02-FDT11-FAT08,36.87376999,42.98773348,3BG
722-R02-FDT11-FAT09,36.87391493,42.98855896,3BG
722-R02-FDT11-FAT10,36.87345873,42.9885647,3BG
722-R02-FDT11-FAT11,36.87312362,42.98999641,3BG
722-R02-FDT11-FAT12,36.87426578,42.98799925,3BG
722-R02-FDT11-FAT13,36.87449036,42.98804458,3BG
722-R02-FDT11-FAT14,36.8745613,42.98866385,3BG
722-R02-FDT11-FAT15,36.8744679,42.98876612,3BG
722-R02-FDT11-FAT16,36.87453042,42.98915656,3BG
722-R02-FDT11-FAT17,36.87267519,42.9878151,3BG
722-R02-FDT11-FAT18,36.87233106,42.98841627,3BG
722-R02-FDT11-FAT19,36.8721815,42.98694721,3BG
722-R02-FDT11-FAT20,36.871899,42.98641219,3BG
722-R02-FDT11-FAT21,36.87200651,42.98565725,3BG
722-R02-FDT11-FAT22,36.87174085,42.98506704,3BG
722-R02-FDT11-FAT23,36.8712682,42.98695503,3BG
722-R02-FDT11-FAT24,36.87138065,42.98718789,3BG
722-R02-FDT11-FAT25,36.87104925,42.98688863,3BG
722-R02-FDT11-FAT26,36.87071396,42.98666175,3BG
722-R02-FDT11-FAT27,36.87043468,42.98691304,3BG
722-R02-FDT11-FAT28,36.8698566,42.98758407,3BG
722-R02-FDT11-FAT29,36.87108974,42.98789207,3BG
722-R02-FDT11-FAT30,36.87104737,42.98815701,3BG
722-R02-FDT11-FAT31,36.87103067,42.98830617,3BG
722-R02-FDT11-FAT32,36.87093225,42.98887983,3BG
722-R02-FDT11-FAT33,36.87085492,42.98940788,3BG
722-R02-FDT11-FAT34,36.87092799,42.98960986,3BG
722-R02-FDT11-FAT35,36.87269162,42.98605357,3BG
722-R02-FDT11-FAT36,36.87278071,42.98539249,3BG
722-R02-FDT12-FAT01,36.86872246,42.98553951,3BG
722-R02-FDT12-FAT02,36.86850422,42.98566881,3BG
722-R02-FDT12-FAT03,36.86779047,42.98771623,3BG
722-R02-FDT12-FAT04,36.86675806,42.9862989,3BG
722-R02-FDT12-FAT05,36.86654776,42.98375421,3BG
722-R02-FDT12-FAT06,36.86945399,42.98477687,3BG
722-R02-FDT12-FAT07,36.86940512,42.98408583,3BG
722-R02-FDT12-FAT08,36.86895048,42.98355983,3BG
722-R02-FDT12-FAT09,36.86816497,42.98447673,3BG
722-R02-FDT12-FAT10,36.86784365,42.98379914,3BG
722-R02-FDT12-FAT11,36.86953138,42.98264408,3BG
722-R02-FDT12-FAT12,36.86946722,42.98181045,3BG
722-R02-FDT12-FAT13,36.86905261,42.9810687,3BG
722-R02-FDT12-FAT14,36.86879908,42.98024365,3BG
722-R02-FDT12-FAT15,36.8689999,42.97943309,3BG
722-R02-FDT12-FAT16,36.86862103,42.98218328,3BG
722-R02-FDT12-FAT17,36.86754574,42.98253296,3BG
722-R02-FDT12-FAT18,36.86738647,42.98184556,3BG
722-R02-FDT12-FAT19,36.86736651,42.9812663,3BG
722-R02-FDT12-FAT20,36.86797425,42.98169231,3BG
722-R02-FDT12-FAT21,36.86786124,42.98047608,3BG
722-R02-FDT12-FAT22,36.86763284,42.97997308,3BG
722-R02-FDT12-FAT23,36.86796793,42.97970105,3BG
722-R02-FDT12-FAT24,36.8677339,42.97922714,3BG
722-R02-FDT12-FAT25,36.87030934,42.98613413,3BG
722-R02-FDT12-FAT26,36.87067492,42.98571455,3BG
722-R02-FDT12-FAT27,36.8701828,42.98485554,3BG
722-R02-FDT12-FAT28,36.87061252,42.98459103,3BG
722-R02-FDT12-FAT29,36.87023874,42.98331092,3BG
722-R02-FDT12-FAT30,36.87097849,42.98417934,3BG
722-R02-FDT12-FAT31,36.87089042,42.98302699,3BG
722-R02-FDT12-FAT32,36.87072735,42.9822896,3BG
722-R02-FDT12-FAT33,36.87037345,42.98170828,3BG
722-R02-FDT12-FAT34,36.86997453,42.98100489,3BG
722-R02-FDT12-FAT35,36.87093433,42.98231448,3BG
722-R02-FDT12-FAT36,36.87175772,42.98100049,3BG
722-R02-FDT12-FAT37,36.87130746,42.98139305,3BG
722-R02-FDT12-FAT38,36.87130341,42.98208505,3BG
722-R02-FDT12-FAT39,36.87040408,42.9814098,3BG
722-R02-FDT12-FAT40,36.87007213,42.98085823,3BG
722-R02-FDT12-FAT41,36.87029946,42.97974837,3BG
722-R02-FDT12-FAT42,36.87077893,42.97967181,3BG
722-R02-FDT12-FAT43,36.86953551,42.98000021,3BG
722-R02-FDT12-FAT44,36.86931845,42.9796742,3BG
722-R02-FDT12-FAT45,36.86908005,42.97921374,3BG
722-R02-FDT12-FAT46,36.86877063,42.97898761,3BG
722-R02-FDT12-FAT47,36.86820348,42.97849365,3BG
722-R02-FDT12-FAT48,36.86845101,42.97787044,3BG
722-R02-FDT13-FAT01,36.88397981,43.02496791,BigLine
722-R02-FDT13-FAT02,36.88655896,43.01978044,BigLine
722-R02-FDT13-FAT03,36.89207563,43.01712595,BigLine
722-R02-FDT13-FAT04,36.91385425,43.01650199,BigLine
722-R03-FDT01-FAT01,36.86284814,42.98161154,Fiber Speed (Duhok)
722-R03-FDT01-FAT02,36.86282664,42.98161009,Fiber Speed (Duhok)
722-R03-FDT01-FAT03,36.86280462,42.98160861,Fiber Speed (Duhok)
722-R03-FDT01-FAT04,36.86286914,42.98118924,Fiber Speed (Duhok)
722-R03-FDT01-FAT05,36.86284765,42.98118779,Fiber Speed (Duhok)
722-R03-FDT01-FAT06,36.86282562,42.9811863,Fiber Speed (Duhok)
722-R03-FDT01-FAT07,36.86288226,42.98077061,Fiber Speed (Duhok)
722-R03-FDT01-FAT08,36.86286076,42.98076916,Fiber Speed (Duhok)
722-R03-FDT01-FAT09,36.86283874,42.98076767,Fiber Speed (Duhok)
722-R03-FDT01-FAT10,36.86291248,42.98033191,Fiber Speed (Duhok)
722-R03-FDT01-FAT11,36.86289099,42.98033046,Fiber Speed (Duhok)
722-R03-FDT01-FAT12,36.86286896,42.98032897,Fiber Speed (Duhok)
722-R03-FDT01-FAT13,36.86289525,42.9798412,Fiber Speed (Duhok)
722-R03-FDT01-FAT14,36.86291728,42.97984269,Fiber Speed (Duhok)
722-R03-FDT01-FAT15,36.86293877,42.97984414,Fiber Speed (Duhok)
722-R03-FDT01-FAT16,36.86328531,42.97986868,Fiber Speed (Duhok)
722-R03-FDT01-FAT17,36.86330734,42.97987016,Fiber Speed (Duhok)
722-R03-FDT01-FAT18,36.86332883,42.97987161,Fiber Speed (Duhok)
722-R03-FDT01-FAT19,36.86368596,42.97989837,Fiber Speed (Duhok)
722-R03-FDT01-FAT20,36.86370799,42.97989986,Fiber Speed (Duhok)
722-R03-FDT01-FAT21,36.86372948,42.97990131,Fiber Speed (Duhok)
722-R03-FDT01-FAT22,36.86419115,42.98009136,Fiber Speed (Duhok)
722-R03-FDT01-FAT23,36.86421317,42.98009285,Fiber Speed (Duhok)
722-R03-FDT01-FAT24,36.86423467,42.9800943,Fiber Speed (Duhok)
722-R03-FDT01-FAT25,36.864212,42.98061423,Fiber Speed (Duhok)
722-R03-FDT01-FAT26,36.86419051,42.98061278,Fiber Speed (Duhok)
722-R03-FDT01-FAT27,36.86416848,42.9806113,Fiber Speed (Duhok)
722-R03-FDT01-FAT28,36.86419408,42.98112798,Fiber Speed (Duhok)
722-R03-FDT01-FAT29,36.86417259,42.98112653,Fiber Speed (Duhok)
722-R03-FDT01-FAT30,36.86415056,42.98112505,Fiber Speed (Duhok)
722-R03-FDT01-FAT31,36.86417201,42.98163428,Fiber Speed (Duhok)
722-R03-FDT01-FAT32,36.86415052,42.98163283,Fiber Speed (Duhok)
722-R03-FDT01-FAT33,36.86412849,42.98163134,Fiber Speed (Duhok)
722-R03-FDT01-FAT34,36.86281842,42.98213855,Fiber Speed (Duhok)
722-R03-FDT01-FAT35,36.86279599,42.98213754,Fiber Speed (Duhok)
722-R03-FDT01-FAT36,36.86277504,42.98213659,Fiber Speed (Duhok)
722-R03-FDT01-FAT37,36.86314784,42.98201843,Fiber Speed (Duhok)
722-R03-FDT01-FAT38,36.8631254,42.98201742,Fiber Speed (Duhok)
722-R03-FDT01-FAT39,36.86310445,42.98201647,Fiber Speed (Duhok)
722-R03-FDT01-FAT40,36.86348074,42.98207533,Fiber Speed (Duhok)
722-R03-FDT01-FAT41,36.86350277,42.98207682,Fiber Speed (Duhok)
722-R03-FDT01-FAT42,36.86352426,42.98207827,Fiber Speed (Duhok)
722-R03-FDT01-FAT43,36.86358546,42.9816969,Fiber Speed (Duhok)
722-R03-FDT01-FAT44,36.86360748,42.98169839,Fiber Speed (Duhok)
722-R03-FDT01-FAT45,36.86362898,42.98169984,Fiber Speed (Duhok)
722-R03-FDT01-FAT46,36.86360503,42.98124794,Fiber Speed (Duhok)
722-R03-FDT01-FAT47,36.86362706,42.98124943,Fiber Speed (Duhok)
722-R03-FDT01-FAT48,36.86364855,42.98125088,Fiber Speed (Duhok)
722-R03-FDT01-FAT49,36.86362255,42.98084601,Fiber Speed (Duhok)
722-R03-FDT01-FAT50,36.86364458,42.9808475,Fiber Speed (Duhok)
722-R03-FDT01-FAT51,36.86366607,42.98084895,Fiber Speed (Duhok)
722-R03-FDT01-FAT52,36.86333668,42.98049443,Fiber Speed (Duhok)
722-R03-FDT01-FAT53,36.86331424,42.98049342,Fiber Speed (Duhok)
722-R03-FDT01-FAT54,36.86329329,42.98049247,Fiber Speed (Duhok)
722-R03-FDT01-FAT55,36.8636418,42.98040437,Fiber Speed (Duhok)
722-R03-FDT01-FAT56,36.86366383,42.98040585,Fiber Speed (Duhok)
722-R03-FDT01-FAT57,36.86368533,42.9804073,Fiber Speed (Duhok)
722-R03-FDT02-FAT01,36.86353116,42.98891909,3BG
722-R03-FDT02-FAT02,36.86439742,42.99029835,3BG
722-R03-FDT02-FAT03,36.86507475,42.991412,3BG
722-R03-FDT02-FAT04,36.86514614,42.99078691,3BG
722-R03-FDT02-FAT05,36.86508066,42.99032361,3BG
722-R03-FDT02-FAT06,36.86471671,42.98983205,3BG
722-R03-FDT02-FAT07,36.86642042,42.99074719,3BG
722-R03-FDT02-FAT08,36.86666744,42.99118264,3BG
722-R03-FDT02-FAT09,36.86577076,42.99075733,3BG
722-R03-FDT02-FAT10,36.86611093,42.99141572,3BG
722-R03-FDT02-FAT11,36.86591519,42.98982784,3BG
722-R03-FDT02-FAT12,36.86621461,42.98990346,3BG
722-R03-FDT02-FAT13,36.86570579,42.98885394,3BG
722-R03-FDT02-FAT14,36.86608194,42.98808521,3BG
722-R03-FDT02-FAT15,36.86580778,42.98800795,3BG
722-R03-FDT02-FAT16,36.86626417,42.98939475,3BG
722-R03-FDT02-FAT17,36.86677911,42.98995942,3BG
722-R03-FDT02-FAT18,36.86690266,42.98949493,3BG
722-R03-FDT02-FAT19,36.86697067,42.98922104,3BG
722-R03-FDT02-FAT20,36.86740683,42.98944235,3BG
722-R03-FDT02-FAT21,36.86424817,42.98676271,3BG
722-R03-FDT02-FAT22,36.86608758,42.98641606,3BG
722-R03-FDT02-FAT23,36.86620607,42.98506716,3BG
722-R03-FDT02-FAT24,36.86174586,42.986038,3BG
722-R03-FDT02-FAT25,36.86546703,42.9887274,3BG
722-R03-FDT02-FAT26,36.86241393,42.98154177,3BG
722-R03-FDT02-FAT27,36.86188572,42.97958957,3BG
722-R03-FDT02-FAT28,36.86037826,42.97719521,3BG
722-R03-FDT02-FAT29,36.85972145,42.97979672,3BG
722-R03-FDT02-FAT30,36.85906028,42.97797836,3BG
722-R03-FDT02-FAT31,36.86468148,42.98679371,Fiber Speed (Duhok)
722-R03-FDT02-FAT32,36.86468895,42.98676194,Fiber Speed (Duhok)
722-R03-FDT02-FAT33,36.86469591,42.98673079,Fiber Speed (Duhok)
722-R03-FDT02-FAT34,36.86470315,42.98670037,Fiber Speed (Duhok)
722-R03-FDT02-FAT35,36.86471181,42.98665913,Fiber Speed (Duhok)
722-R03-FDT02-FAT36,36.86474906,42.98653819,Fiber Speed (Duhok)
722-R03-FDT02-FAT37,36.86475653,42.98650643,Fiber Speed (Duhok)
722-R03-FDT02-FAT38,36.8647635,42.98647528,Fiber Speed (Duhok)
722-R03-FDT02-FAT39,36.86477073,42.98644486,Fiber Speed (Duhok)
722-R03-FDT02-FAT41,36.8660354,42.98449759,PrimeLink Duhok
722-R03-FDT02-FAT42,36.8660354,42.98449759,PrimeLink Duhok
722-R03-FDT02-FAT43,36.8660354,42.98449759,PrimeLink Duhok
722-R03-FDT02-FAT44,36.8660354,42.98449759,PrimeLink Duhok
722-R03-FDT02-FAT45,36.8660354,42.98449759,PrimeLink Duhok
722-R03-FDT02-FAT46,36.8660354,42.98449759,PrimeLink Duhok
722-R03-FDT02-FAT47,36.8660354,42.98449759,PrimeLink Duhok
722-R03-FDT02-FAT48,36.8660354,42.98449759,PrimeLink Duhok
722-R03-FDT02-FAT49,36.8660354,42.98449759,PrimeLink Duhok
722-R03-FDT02-FAT50,36.8660354,42.98449759,PrimeLink Duhok
722-R03-FDT02-FAT51,36.8660354,42.98449759,PrimeLink Duhok
722-R03-FDT02-FAT52,36.8660354,42.98449759,PrimeLink Duhok
722-R03-FDT02-FAT53,36.8660354,42.98449759,PrimeLink Duhok
722-R03-FDT02-FAT54,36.8660354,42.98449759,PrimeLink Duhok
722-R03-FDT02-FAT55,36.8660354,42.98449759,PrimeLink Duhok
722-R03-FDT02-FAT56,36.8660354,42.98449759,PrimeLink Duhok
722-R03-FDT02-FAT57,36.8660354,42.98449759,PrimeLink Duhok
722-R03-FDT02-FAT61,36.8605579,42.97903504,3BG
722-R03-FDT02-FAT62,36.86261274,42.97790189,3BG
722-R03-FDT03-FAT01,36.86341099,42.99013915,3BG
722-R03-FDT03-FAT02,36.86362095,42.99034573,3BG
722-R03-FDT03-FAT03,36.86417646,42.99041215,3BG
722-R03-FDT03-FAT04,36.86404449,42.99106449,3BG
722-R03-FDT03-FAT05,36.8643325,42.99199549,3BG
722-R03-FDT03-FAT06,36.86487244,42.99151709,3BG
722-R03-FDT03-FAT07,36.86518436,42.99212832,3BG
722-R03-FDT03-FAT08,36.86515165,42.9922776,3BG
722-R03-FDT03-FAT09,36.86458899,42.99244113,3BG
722-R03-FDT03-FAT10,36.86459173,42.99336958,3BG
722-R03-FDT03-FAT11,36.86477547,42.99337703,3BG
722-R03-FDT03-FAT12,36.86538301,42.99340855,3BG
722-R03-FDT03-FAT13,36.86401115,42.9924935,3BG
722-R03-FDT03-FAT14,36.86406837,42.99378348,3BG
722-R03-FDT03-FAT15,36.86368418,42.99372026,3BG
722-R03-FDT03-FAT16,36.86360195,42.99347133,3BG
722-R03-FDT03-FAT17,36.86256636,42.98993219,3BG
722-R03-FDT03-FAT18,36.86234673,42.99051443,3BG
722-R03-FDT03-FAT19,36.86248494,42.99076687,3BG
722-R03-FDT03-FAT20,36.86211397,42.99116267,3BG
722-R03-FDT03-FAT21,36.86180261,42.9912272,3BG
722-R03-FDT03-FAT22,36.86186365,42.9916537,3BG
722-R03-FDT03-FAT23,36.86210015,42.99276146,3BG
722-R03-FDT03-FAT24,36.86212588,42.99304878,3BG
722-R03-FDT03-FAT25,36.86258509,42.99143781,3BG
722-R03-FDT03-FAT26,36.86248146,42.9915178,3BG
722-R03-FDT03-FAT27,36.86248815,42.9915573,3BG
722-R03-FDT03-FAT28,36.86305982,42.99215514,3BG
722-R03-FDT03-FAT29,36.86317399,42.99244353,3BG
722-R03-FDT03-FAT30,36.86220372,42.99229598,3BG
722-R03-FDT03-FAT31,36.86228486,42.99266048,3BG
722-R03-FDT03-FAT32,36.86263741,42.99261716,3BG
722-R03-FDT03-FAT33,36.86268428,42.99289925,3BG
722-R03-FDT03-FAT34,36.86278862,42.9890916,3BG
722-R03-FDT03-FAT35,36.86247227,42.98940021,3BG
722-R03-FDT03-FAT36,36.86223259,42.98964394,3BG
722-R03-FDT03-FAT37,36.86195845,42.99022483,3BG
722-R03-FDT03-FAT38,36.86183976,42.98989664,3BG
722-R03-FDT03-FAT39,36.86116694,42.98946824,3BG
722-R03-FDT03-FAT40,36.86317665,42.98910528,3BG
722-R03-FDT03-FAT41,36.86251186,42.99041491,3BG
722-R03-FDT03-FAT42,36.86272249,42.99016372,3BG
722-R03-FDT03-FAT43,36.86236046,42.99215743,3BG
722-R03-FDT04-FAT01,36.86408885,42.98336648,Fiber Speed (Duhok)
722-R03-FDT04-FAT02,36.86408907,42.98340225,Fiber Speed (Duhok)
722-R03-FDT04-FAT03,36.86403994,42.98333826,Fiber Speed (Duhok)
722-R03-FDT04-FAT04,36.86404151,42.98338599,Fiber Speed (Duhok)
722-R03-FDT04-FAT05,36.86404203,42.98343277,Fiber Speed (Duhok)
722-R03-FDT04-FAT06,36.86409634,42.98389315,Fiber Speed (Duhok)
722-R03-FDT04-FAT07,36.86409656,42.98392892,Fiber Speed (Duhok)
722-R03-FDT04-FAT08,36.86404742,42.98386494,Fiber Speed (Duhok)
722-R03-FDT04-FAT09,36.86404899,42.98391266,Fiber Speed (Duhok)
722-R03-FDT04-FAT10,36.86404951,42.98395944,Fiber Speed (Duhok)
722-R03-FDT04-FAT11,36.8644519,42.98327772,Fiber Speed (Duhok)
722-R03-FDT04-FAT12,36.86445212,42.98331348,Fiber Speed (Duhok)
722-R03-FDT04-FAT13,36.86440299,42.9832495,Fiber Speed (Duhok)
722-R03-FDT04-FAT14,36.86440456,42.98329722,Fiber Speed (Duhok)
722-R03-FDT04-FAT15,36.86440508,42.983344,Fiber Speed (Duhok)
722-R03-FDT04-FAT16,36.86386562,42.98284075,Fiber Speed (Duhok)
722-R03-FDT04-FAT17,36.86457959,42.9839956,Fiber Speed (Duhok)
722-R03-FDT04-FAT18,36.8646007,42.98399447,Fiber Speed (Duhok)
722-R03-FDT04-FAT19,36.86462083,42.98400534,Fiber Speed (Duhok)
722-R03-FDT04-FAT20,36.86460206,42.98401957,Fiber Speed (Duhok)
722-R03-FDT04-FAT21,36.86458025,42.98402072,Fiber Speed (Duhok)
722-R03-FDT04-FAT22,36.86488175,42.98443297,Fiber Speed (Duhok)
722-R03-FDT04-FAT23,36.86489261,42.98445562,Fiber Speed (Duhok)
722-R03-FDT04-FAT24,36.86489882,42.98441714,Fiber Speed (Duhok)
722-R03-FDT04-FAT25,36.86491084,42.98443961,Fiber Speed (Duhok)
722-R03-FDT04-FAT26,36.86492257,42.98441504,Fiber Speed (Duhok)
722-R03-FDT04-FAT27,36.86532192,42.98411154,Fiber Speed (Duhok)
722-R03-FDT04-FAT28,36.86530859,42.9841221,Fiber Speed (Duhok)
722-R03-FDT04-FAT29,36.86529383,42.9841336,Fiber Speed (Duhok)
722-R03-FDT04-FAT30,36.86532449,42.9841355,Fiber Speed (Duhok)
722-R03-FDT04-FAT31,36.86531069,42.98414637,Fiber Speed (Duhok)
722-R03-FDT04-FAT32,36.86377551,42.98394495,Fiber Speed (Duhok)
722-R03-FDT04-FAT33,36.86376374,42.98394526,Fiber Speed (Duhok)
722-R03-FDT04-FAT34,36.86375395,42.98394581,Fiber Speed (Duhok)
722-R03-FDT04-FAT35,36.86374411,42.98394466,Fiber Speed (Duhok)
722-R03-FDT04-FAT36,36.86373398,42.9839421,Fiber Speed (Duhok)
722-R03-FDT04-FAT37,36.86345504,42.983956,Fiber Speed (Duhok)
722-R03-FDT04-FAT38,36.86343992,42.9839564,Fiber Speed (Duhok)
722-R03-FDT04-FAT39,36.8634284,42.98395519,Fiber Speed (Duhok)
722-R03-FDT04-FAT40,36.86341149,42.98395714,Fiber Speed (Duhok)
722-R03-FDT04-FAT41,36.86339569,42.98395543,Fiber Speed (Duhok)
722-R03-FDT04-FAT42,36.86316586,42.98399507,Fiber Speed (Duhok)
722-R03-FDT04-FAT43,36.8631578,42.98399725,Fiber Speed (Duhok)
722-R03-FDT04-FAT44,36.86315193,42.98399643,Fiber Speed (Duhok)
722-R03-FDT04-FAT45,36.86314331,42.9839952,Fiber Speed (Duhok)
722-R03-FDT04-FAT46,36.86313277,42.98399547,Fiber Speed (Duhok)
722-R03-FDT04-FAT47,36.86327124,42.98352082,Fiber Speed (Duhok)
722-R03-FDT04-FAT48,36.86326069,42.98352243,Fiber Speed (Duhok)
722-R03-FDT04-FAT49,36.8649882,42.98299325,3BG
722-R03-FDT04-FAT53,36.86324946,42.98352142,Fiber Speed (Duhok)
722-R03-FDT04-FAT54,36.86324102,42.98353005,Fiber Speed (Duhok)
722-R03-FDT04-FAT55,36.86323337,42.98352714,Fiber Speed (Duhok)
724-R01-FDT01-FAT01,36.85669546,43.00154073,3BG
724-R01-FDT01-FAT02,36.85682504,43.00174596,3BG
724-R01-FDT01-FAT03,36.85684188,43.00193377,3BG
724-R01-FDT01-FAT04,36.85720896,43.00189339,3BG
724-R01-FDT01-FAT05,36.85752251,43.00219352,3BG
724-R01-FDT01-FAT06,36.85764962,43.00246532,3BG
724-R01-FDT01-FAT07,36.85763846,43.00226625,3BG
724-R01-FDT01-FAT08,36.85793832,43.00199781,3BG
724-R01-FDT01-FAT09,36.85792036,43.00114312,3BG
724-R01-FDT01-FAT10,36.85702272,43.00247165,3BG
724-R01-FDT01-FAT11,36.85715947,43.00302033,3BG
724-R01-FDT01-FAT12,36.85717538,43.00317446,3BG
724-R01-FDT01-FAT13,36.85809555,43.0031835,3BG
724-R01-FDT01-FAT14,36.85801013,43.0027098,3BG
724-R01-FDT01-FAT15,36.85811632,43.00229726,3BG
724-R01-FDT01-FAT16,36.85823614,43.00163261,3BG
724-R01-FDT01-FAT17,36.85833749,43.0037317,3BG
724-R01-FDT01-FAT18,36.85823865,43.00415576,3BG
724-R01-FDT01-FAT19,36.85816174,43.00451155,3BG
724-R01-FDT01-FAT20,36.85771249,43.00389807,3BG
724-R01-FDT01-FAT21,36.85750905,43.00425469,3BG
724-R01-FDT01-FAT22,36.8576773,43.00441984,3BG
724-R01-FDT01-FAT23,36.85718833,43.00511004,3BG
724-R01-FDT01-FAT24,36.85621381,43.00121076,3BG
724-R01-FDT01-FAT25,36.85620683,43.00125063,3BG
724-R01-FDT01-FAT26,36.85592235,43.00191691,3BG
724-R01-FDT01-FAT27,36.85606988,43.00224115,3BG
724-R01-FDT01-FAT28,36.85614695,43.00257797,3BG
724-R01-FDT01-FAT29,36.85639735,43.00246846,3BG
724-R01-FDT01-FAT30,36.8558537,43.00299251,3BG
724-R01-FDT01-FAT31,36.85598949,43.0036144,3BG
724-R01-FDT01-FAT32,36.85605526,43.00104406,3BG
724-R01-FDT01-FAT33,36.85557424,43.00119797,3BG
724-R01-FDT01-FAT34,36.85318997,43.00174131,3BG
724-R01-FDT01-FAT35,36.85173885,43.00359739,3BG
724-R01-FDT01-FAT36,36.85073091,43.00400607,3BG
724-R01-FDT01-FAT37,36.8561159,43.00052041,3BG
724-R01-FDT01-FAT38,36.85604426,43.00057331,3BG
724-R01-FDT01-FAT39,36.85616316,43.00006553,3BG
724-R01-FDT01-FAT40,36.85672067,43.00082334,3BG
724-R01-FDT01-FAT41,36.85700283,43.0010471,3BG
724-R01-FDT01-FAT42,36.85717825,43.00099496,3BG
724-R01-FDT01-FAT43,36.85750393,43.00093147,3BG
724-R01-FDT01-FAT44,36.8499711,43.00386661,3BG
724-R01-FDT01-FAT45,36.84947047,42.99950395,3BG
724-R01-FDT02-FAT01,36.85712574,42.99876347,3BG
724-R01-FDT02-FAT02,36.85720678,42.99847781,3BG
724-R01-FDT02-FAT03,36.85673649,42.99819153,3BG
724-R01-FDT02-FAT04,36.8562791,42.99828807,3BG
724-R01-FDT02-FAT05,36.85618975,42.99856378,3BG
724-R01-FDT02-FAT06,36.85586409,42.99857386,3BG
724-R01-FDT02-FAT07,36.85545805,42.99838925,3BG
724-R01-FDT02-FAT08,36.85531793,42.99869354,3BG
724-R01-FDT02-FAT09,36.85482808,42.99864619,3BG
724-R01-FDT02-FAT10,36.85444925,42.99867144,3BG
724-R01-FDT02-FAT11,36.85449232,42.99845691,3BG
724-R01-FDT02-FAT12,36.8544427,42.99822497,3BG
724-R01-FDT02-FAT13,36.85523797,42.99821919,3BG
724-R01-FDT02-FAT14,36.85515914,42.99789982,3BG
724-R01-FDT02-FAT15,36.85510933,42.99794188,3BG
724-R01-FDT02-FAT16,36.85506725,42.99749988,#N/A
724-R01-FDT02-FAT17,36.85516909,42.99751277,3BG
724-R01-FDT02-FAT18,36.85511803,42.99711382,3BG
724-R01-FDT02-FAT19,36.85746812,42.99936724,3BG
724-R01-FDT02-FAT20,36.85734401,43.00008335,3BG
724-R01-FDT02-FAT21,36.85729844,43.00051447,3BG
724-R01-FDT02-FAT22,36.85768137,42.99967947,3BG
724-R01-FDT02-FAT23,36.85782654,42.99972341,3BG
724-R01-FDT02-FAT24,36.85815062,42.99902261,3BG
724-R01-FDT02-FAT25,36.85791091,43.00041474,3BG
724-R01-FDT02-FAT26,36.85837641,42.99963797,3BG
724-R01-FDT02-FAT27,36.85858032,42.99894928,3BG
724-R01-FDT02-FAT28,36.85859099,42.99889737,3BG
724-R01-FDT02-FAT29,36.85871038,42.99858562,3BG
724-R01-FDT02-FAT30,36.85837274,43.00010283,3BG
724-R01-FDT02-FAT31,36.85859257,43.00018758,3BG
724-R01-FDT02-FAT32,36.85886669,42.99959847,3BG
724-R01-FDT02-FAT33,36.85903907,42.99954356,3BG
724-R01-FDT02-FAT34,36.85891074,42.99946429,3BG
724-R01-FDT02-FAT35,36.85893761,42.99899959,3BG
724-R01-FDT02-FAT36,36.85906885,42.99836635,3BG
724-R01-FDT02-FAT37,36.85686382,42.99949008,3BG
724-R01-FDT02-FAT38,36.85661169,42.99953435,3BG
724-R01-FDT02-FAT39,36.85661013,42.99946647,3BG
724-R01-FDT02-FAT40,36.85624427,42.99945903,3BG
724-R01-FDT03-FAT01,36.85793003,42.99709955,3BG
724-R01-FDT03-FAT02,36.85763617,42.99830547,3BG
724-R01-FDT03-FAT03,36.8577121,42.99795084,3BG
724-R01-FDT03-FAT04,36.85806622,42.99802875,3BG
724-R01-FDT03-FAT05,36.8583978,42.99812654,3BG
724-R01-FDT03-FAT06,36.85869516,42.99829661,3BG
724-R01-FDT03-FAT07,36.85911601,42.99836775,3BG
724-R01-FDT03-FAT08,36.85809518,42.99628257,3BG
724-R01-FDT03-FAT09,36.85806044,42.9961399,3BG
724-R01-FDT03-FAT10,36.85843543,42.99683705,3BG
724-R01-FDT03-FAT11,36.85870631,42.99702133,3BG
724-R01-FDT03-FAT12,36.85876882,42.99733084,3BG
724-R01-FDT03-FAT13,36.85889735,42.99726606,3BG
724-R01-FDT03-FAT14,36.85894833,42.99748633,3BG
724-R01-FDT03-FAT15,36.85931531,42.99762465,3BG
724-R01-FDT03-FAT16,36.85838988,42.99653014,3BG
724-R01-FDT03-FAT17,36.85885964,42.99594795,3BG
724-R01-FDT03-FAT18,36.85895725,42.99606643,3BG
724-R01-FDT03-FAT19,36.85906905,42.99620984,3BG
724-R01-FDT03-FAT20,36.85935496,42.99666953,3BG
724-R01-FDT03-FAT21,36.85951017,42.99690951,3BG
724-R01-FDT03-FAT22,36.85969489,42.99716422,3BG
724-R01-FDT03-FAT23,36.85978197,42.99746275,3BG
724-R01-FDT03-FAT24,36.859809,42.99768947,3BG
724-R01-FDT03-FAT25,36.85975498,42.99789659,3BG
724-R01-FDT03-FAT26,36.85964735,42.99836416,3BG
724-R01-FDT03-FAT27,36.85742211,42.9969258,3BG
724-R01-FDT03-FAT28,36.85736301,42.9972643,3BG
724-R01-FDT03-FAT29,36.85705572,42.99688354,3BG
724-R01-FDT03-FAT30,36.85664359,42.9975003,3BG
724-R01-FDT03-FAT31,36.85689966,42.9976973,3BG
724-R01-FDT03-FAT32,36.85684328,42.99802099,3BG
724-R01-FDT03-FAT33,36.8568404,42.99646221,3BG
724-R01-FDT03-FAT34,36.85653959,42.99667082,3BG
724-R01-FDT03-FAT35,36.85632452,42.99697061,3BG
724-R01-FDT03-FAT36,36.85607454,42.99664847,3BG
724-R01-FDT03-FAT37,36.85596381,42.99737224,3BG
724-R01-FDT03-FAT38,36.85572628,42.99680663,3BG
724-R01-FDT03-FAT39,36.85573729,42.99718962,3BG
724-R01-FDT03-FAT40,36.85526326,42.99668344,3BG
724-R01-FDT04-FAT01,36.85570171,42.99313329,3BG
724-R01-FDT04-FAT02,36.85583937,42.99287303,3BG
724-R01-FDT04-FAT03,36.85575542,42.99246744,3BG
724-R01-FDT04-FAT04,36.85597948,42.9923171,3BG
724-R01-FDT04-FAT05,36.85568102,42.99210759,3BG
724-R01-FDT04-FAT06,36.85532482,42.99242782,3BG
724-R01-FDT04-FAT07,36.8552195,42.99196758,3BG
724-R01-FDT04-FAT08,36.85509088,42.99196761,3BG
724-R01-FDT04-FAT09,36.85437319,42.99146361,3BG
724-R01-FDT04-FAT10,36.85416976,42.9916142,3BG
724-R01-FDT04-FAT11,36.85464926,42.99134246,3BG
724-R01-FDT04-FAT12,36.85495911,42.99083725,3BG
724-R01-FDT04-FAT13,36.85532549,42.99065903,3BG
724-R01-FDT04-FAT14,36.85566606,42.99059218,3BG
724-R01-FDT04-FAT15,36.85515588,42.99002915,3BG
724-R01-FDT04-FAT16,36.85538716,42.98933408,3BG
724-R01-FDT04-FAT17,36.85531041,42.98908791,3BG
724-R01-FDT04-FAT18,36.85519346,42.98891725,3BG
724-R01-FDT04-FAT19,36.85604278,42.9934211,3BG
724-R01-FDT04-FAT20,36.8564204,42.99318443,3BG
724-R01-FDT04-FAT21,36.85695695,42.99283289,3BG
724-R01-FDT04-FAT22,36.85755331,42.99256055,3BG
724-R01-FDT04-FAT23,36.85688498,42.99349351,3BG
724-R01-FDT04-FAT24,36.85693385,42.99376188,3BG
724-R01-FDT04-FAT25,36.85778276,42.99351709,3BG
724-R01-FDT04-FAT26,36.85711715,42.99407841,3BG
724-R01-FDT04-FAT27,36.85804684,42.99475975,3BG
724-R01-FDT04-FAT28,36.85887909,42.99533521,3BG
724-R01-FDT04-FAT29,36.85954696,42.99655847,3BG
724-R01-FDT04-FAT30,36.86002473,42.99648743,3BG
724-R01-FDT04-FAT31,36.85709436,42.99453877,3BG
724-R01-FDT04-FAT32,36.85773322,42.9952786,#N/A
724-R01-FDT04-FAT33,36.85739817,42.99577922,3BG
724-R01-FDT04-FAT34,36.85695074,42.99572645,3BG
724-R01-FDT04-FAT35,36.85632101,42.99584673,3BG
724-R01-FDT04-FAT36,36.85599704,42.99563117,3BG
724-R01-FDT04-FAT37,36.85590489,42.99369193,3BG
724-R01-FDT04-FAT38,36.85563106,42.99335119,3BG
724-R01-FDT04-FAT39,36.85483548,42.99343173,3BG
724-R01-FDT04-FAT40,36.85454544,42.99412651,#N/A
724-R01-FDT05-FAT01,36.85010176,42.98963673,3BG
724-R01-FDT05-FAT02,36.85061151,42.98964605,3BG
724-R01-FDT05-FAT03,36.85123698,42.99008376,3BG
724-R01-FDT05-FAT04,36.85132703,42.99061282,3BG
724-R01-FDT05-FAT05,36.85151464,42.99055803,3BG
724-R01-FDT05-FAT06,36.85128172,42.99112696,3BG
724-R01-FDT05-FAT07,36.85210946,42.99176736,3BG
724-R01-FDT05-FAT08,36.8524481,42.98901545,3BG
724-R01-FDT05-FAT09,36.85267028,42.98889859,3BG
724-R01-FDT05-FAT10,36.85171216,42.98962111,3BG
724-R01-FDT05-FAT11,36.85266194,42.99025937,3BG
724-R01-FDT05-FAT12,36.85287747,42.99081318,3BG
724-R01-FDT05-FAT13,36.85235108,42.9909584,3BG
724-R01-FDT05-FAT14,36.85304339,42.99039067,3BG
724-R01-FDT05-FAT15,36.8533472,42.99072433,3BG
724-R01-FDT05-FAT16,36.85380828,42.99072231,3BG
724-R01-FDT05-FAT17,36.85314393,42.99161634,3BG
724-R01-FDT05-FAT18,36.85307362,42.99191243,3BG
724-R01-FDT05-FAT19,36.85276423,42.99269185,3BG
724-R01-FDT05-FAT20,36.85053266,42.99051172,3BG
724-R01-FDT05-FAT21,36.85004676,42.99074598,3BG
724-R01-FDT05-FAT22,36.84999018,42.99176699,3BG
724-R01-FDT05-FAT23,36.84985762,42.99361485,3BG
724-R01-FDT05-FAT24,36.85112846,42.98181463,3BG
724-R01-FDT05-FAT25,36.85042745,42.9926525,3BG
724-R01-FDT05-FAT26,36.85066393,42.99251234,3BG
724-R01-FDT05-FAT27,36.85091058,42.99235495,3BG
724-R01-FDT05-FAT28,36.85107775,42.9921527,3BG
724-R01-FDT05-FAT29,36.8513303,42.99278767,3BG
724-R01-FDT05-FAT30,36.85027607,42.98683591,3BG
724-R01-FDT05-FAT31,36.85029027,42.98653806,3BG
724-R01-FDT05-FAT32,36.85072801,42.98536346,3BG
724-R01-FDT05-FAT33,36.85108922,42.98490258,3BG
724-R01-FDT05-FAT34,36.85089306,42.98470008,3BG
724-R01-FDT05-FAT35,36.85123555,42.98434285,3BG
724-R01-FDT05-FAT36,36.85151543,42.98402019,3BG
724-R01-FDT05-FAT37,36.85120588,42.98362309,3BG
724-R01-FDT05-FAT38,36.85042606,42.98846237,3BG
724-R01-FDT05-FAT39,36.85064312,42.98739493,3BG
724-R01-FDT05-FAT40,36.8508378,42.98753092,3BG
724-R01-FDT05-FAT41,36.85138848,42.9873695,3BG
724-R01-FDT05-FAT42,36.85179743,42.98728308,3BG
724-R01-FDT05-FAT43,36.85257566,42.98767193,3BG
724-R01-FDT05-FAT44,36.85257024,42.98717154,3BG
724-R01-FDT05-FAT45,36.85140441,42.98656633,3BG
724-R01-FDT05-FAT46,36.85119809,42.98611479,3BG
724-R01-FDT05-FAT47,36.85203234,42.98612719,3BG
724-R01-FDT05-FAT48,36.85231909,42.98645093,3BG
724-R01-FDT05-FAT49,36.85117125,42.9856561,3BG
724-R01-FDT05-FAT50,36.85171979,42.98559942,3BG
724-R01-FDT05-FAT51,36.85291641,42.98446904,3BG
724-R01-FDT05-FAT52,36.85264414,42.98425137,3BG
724-R01-FDT05-FAT53,36.85244973,42.98408626,3BG
724-R01-FDT05-FAT54,36.85308724,42.98495215,3BG
724-R01-FDT05-FAT55,36.85284135,42.98524067,3BG
724-R01-FDT05-FAT56,36.8517689,42.98401643,3BG
724-R01-FDT05-FAT57,36.85046025,42.99131266,3BG
724-R01-FDT05-FAT58,36.85228032,42.9917192,3BG
724-R01-FDT05-FAT59,36.85179101,42.98861632,3BG
724-R01-FDT05-FAT60,36.85175116,42.99461964,3BG
724-R01-FDT06-FAT01,36.84947934,42.989239,3BG
724-R01-FDT06-FAT02,36.84887677,42.98772499,3BG
724-R01-FDT06-FAT03,36.84846387,42.98783139,3BG
724-R01-FDT06-FAT04,36.84942149,42.99015661,3BG
724-R01-FDT06-FAT05,36.84876816,42.99014325,3BG
724-R01-FDT06-FAT06,36.849123,42.98931805,3BG
724-R01-FDT06-FAT07,36.84818021,42.98934199,3BG
724-R01-FDT06-FAT08,36.8468628,42.98968673,3BG
724-R01-FDT06-FAT09,36.84717144,42.98835052,3BG
724-R01-FDT06-FAT10,36.84749252,42.99039717,3BG
724-R01-FDT06-FAT11,36.84793812,42.99018723,3BG
724-R01-FDT06-FAT12,36.84811147,42.9915691,3BG
724-R01-FDT06-FAT13,36.84812891,42.99226994,3BG
724-R01-FDT06-FAT14,36.84760174,42.9921712,3BG
724-R01-FDT06-FAT15,36.84701923,42.99221949,3BG
724-R01-FDT06-FAT16,36.84996783,42.98810137,3BG
724-R01-FDT06-FAT17,36.85002669,42.98697421,3BG
724-R01-FDT06-FAT18,36.84924657,42.98709926,3BG
724-R01-FDT06-FAT19,36.84922439,42.9864114,3BG
724-R01-FDT06-FAT20,36.8500664,42.98651986,3BG
724-R01-FDT06-FAT21,36.85010306,42.98540154,3BG
724-R01-FDT06-FAT22,36.84982252,42.99046657,3BG
724-R01-FDT06-FAT23,36.84958143,42.99150587,3BG
724-R01-FDT06-FAT24,36.8496915,42.99271694,3BG
724-R01-FDT06-FAT25,36.84964872,42.99344997,3BG
724-R01-FDT06-FAT26,36.84931585,42.99210477,3BG
724-R01-FDT06-FAT27,36.84925812,42.99291652,3BG
724-R01-FDT06-FAT28,36.84813308,42.99319109,3BG
724-R01-FDT06-FAT29,36.84830335,42.9945702,3BG
724-R01-FDT06-FAT30,36.84780613,42.99402515,3BG
724-R01-FDT06-FAT31,36.84796167,42.99277245,3BG
724-R01-FDT06-FAT32,36.84708109,42.99288461,3BG
724-R01-FDT06-FAT33,36.84853535,42.98829255,3BG
724-R01-FDT06-FAT34,36.84880878,42.98781107,3BG
724-R01-FDT06-FAT35,36.84945219,42.9860622,3BG
724-R01-FDT06-FAT36,36.8490291,42.99257496,3BG
724-R01-FDT07-FAT01,36.84696319,42.98361358,3BG
724-R01-FDT07-FAT02,36.84749861,42.98363278,3BG
724-R01-FDT07-FAT03,36.84842982,42.98281574,3BG
724-R01-FDT07-FAT04,36.84841131,42.98311607,3BG
724-R01-FDT07-FAT05,36.84887835,42.98273879,3BG
724-R01-FDT07-FAT06,36.84895316,42.98184661,3BG
724-R01-FDT07-FAT07,36.84812676,42.98373662,3BG
724-R01-FDT07-FAT08,36.84736706,42.98238575,3BG
724-R01-FDT07-FAT09,36.84779097,42.98349576,3BG
724-R01-FDT07-FAT10,36.8482395,42.98360446,3BG
724-R01-FDT07-FAT11,36.8487287,42.9837579,3BG
724-R01-FDT07-FAT12,36.84924423,42.98395654,3BG
724-R01-FDT07-FAT13,36.84919172,42.98327908,3BG
724-R01-FDT07-FAT14,36.8492082,42.98304421,3BG
724-R01-FDT07-FAT15,36.85014566,42.98240823,3BG
724-R01-FDT07-FAT16,36.84757824,42.98485893,3BG
724-R01-FDT07-FAT17,36.84761637,42.98585033,3BG
724-R01-FDT07-FAT18,36.84756682,42.98648001,3BG
724-R01-FDT07-FAT19,36.84766038,42.98421665,3BG
724-R01-FDT07-FAT20,36.84831902,42.98432378,3BG
724-R01-FDT07-FAT21,36.84701779,42.98478838,3BG
724-R01-FDT07-FAT22,36.84730542,42.98597302,3BG
724-R01-FDT07-FAT23,36.84664342,42.98590234,3BG
724-R01-FDT07-FAT24,36.84670705,42.98700168,3BG
724-R01-FDT07-FAT25,36.84642413,42.98084731,3BG
724-R01-FDT07-FAT26,36.84686069,42.9800059,3BG
724-R01-FDT07-FAT27,36.84680177,42.97891648,3BG
724-R01-FDT07-FAT28,36.84719558,42.97922915,3BG
724-R01-FDT07-FAT29,36.84631727,42.97964622,3BG
724-R01-FDT07-FAT30,36.84719602,42.98027218,3BG
724-R01-FDT07-FAT31,36.8476622,42.9803851,3BG
724-R01-FDT07-FAT32,36.84810733,42.97946485,3BG
724-R01-FDT07-FAT33,36.84929097,42.98170788,3BG
724-R01-FDT07-FAT34,36.84857212,42.98079617,3BG
724-R01-FDT07-FAT35,36.84657327,42.98359012,3BG
724-R01-FDT07-FAT36,36.84995362,42.98182506,3BG
724-R01-FDT08-FAT01,36.84495073,42.98206286,3BG
724-R01-FDT08-FAT02,36.84488242,42.98096998,3BG
724-R01-FDT08-FAT03,36.84091378,42.98363867,3BG
724-R01-FDT08-FAT04,36.84456847,42.98163862,3BG
724-R01-FDT08-FAT05,36.84447262,42.98176758,3BG
724-R01-FDT08-FAT06,36.84441138,42.98156051,3BG
724-R01-FDT08-FAT07,36.84413065,42.98221738,3BG
724-R01-FDT08-FAT08,36.8439269,42.98223524,3BG
724-R01-FDT08-FAT09,36.84343985,42.98282951,3BG
724-R01-FDT08-FAT10,36.84273645,42.98294041,3BG
724-R01-FDT08-FAT11,36.84240758,42.98371105,3BG
724-R01-FDT08-FAT12,36.84202496,42.98386082,3BG
724-R01-FDT08-FAT13,36.8419491,42.98376972,3BG
724-R01-FDT08-FAT14,36.84198658,42.98444506,3BG
724-R01-FDT08-FAT15,36.8433532,42.98096313,3BG
724-R01-FDT08-FAT16,36.84295086,42.98057412,3BG
724-R01-FDT08-FAT17,36.8425325,42.98122996,3BG
724-R01-FDT08-FAT18,36.84189797,42.98126781,3BG
724-R01-FDT08-FAT19,36.84381266,42.98134727,3BG
724-R01-FDT08-FAT20,36.84346984,42.98160386,3BG
724-R01-FDT08-FAT21,36.84292663,42.9816723,3BG
724-R01-FDT08-FAT22,36.84276613,42.98182327,3BG
724-R01-FDT08-FAT23,36.84219819,42.98185217,3BG
724-R01-FDT08-FAT24,36.84183551,42.98189902,3BG
724-R01-FDT08-FAT25,36.84160697,42.9819819,3BG
724-R01-FDT08-FAT26,36.84115781,42.982275,3BG
724-R01-FDT08-FAT27,36.84058141,42.98255741,3BG
724-R01-FDT08-FAT28,36.84037625,42.98269407,3BG
724-R01-FDT08-FAT29,36.84030675,42.98217306,3BG
724-R01-FDT08-FAT30,36.84493641,42.9840661,3BG
724-R01-FDT08-FAT31,36.84511212,42.98499634,3BG
724-R01-FDT08-FAT32,36.84508282,42.9846086,3BG
724-R01-FDT08-FAT33,36.84478372,42.98568049,3BG
724-R01-FDT08-FAT34,36.84473022,42.98641743,3BG
724-R01-FDT08-FAT35,36.84371873,42.98589534,3BG
724-R01-FDT08-FAT36,36.84441483,42.98468481,3BG
724-R01-FDT08-FAT37,36.84428678,42.98481495,3BG
724-R01-FDT08-FAT38,36.84357183,42.98486463,3BG
724-R01-FDT08-FAT39,36.84315189,42.98539632,3BG
724-R01-FDT08-FAT40,36.84321371,42.98655847,3BG
724-R01-FDT08-FAT41,36.84286452,42.98606389,3BG
724-R01-FDT08-FAT42,36.84209265,42.986134,3BG
724-R01-FDT08-FAT43,36.84183315,42.98546658,3BG
724-R01-FDT08-FAT44,36.84180143,42.98500287,3BG
724-R01-FDT08-FAT45,36.84173037,42.98416242,3BG
724-R01-FDT08-FAT46,36.84169918,42.98349077,3BG
724-R01-FDT08-FAT47,36.84133693,42.98311204,3BG
724-R01-FDT08-FAT48,36.84126165,42.98270916,3BG
724-R01-FDT08-FAT49,36.84166924,42.98262081,3BG
724-R01-FDT08-FAT50,36.84191325,42.9870732,3BG
724-R01-FDT08-FAT51,36.84196097,42.98765834,3BG
724-R01-FDT08-FAT52,36.8414102,42.98575107,3BG
724-R01-FDT08-FAT53,36.84149821,42.98587729,3BG
724-R01-FDT08-FAT54,36.84056237,42.98676347,3BG
724-R01-FDT08-FAT55,36.84061454,42.9865277,3BG
724-R01-FDT08-FAT56,36.84009632,42.98735227,3BG
724-R01-FDT08-FAT57,36.84509908,42.98473235,3BG
724-R01-FDT08-FAT58,36.84171375,42.98372905,3BG
724-R01-FDT08-FAT59,36.83883884,42.98697811,3BG
724-R01-FDT08-FAT60,36.84205148,42.98631718,3BG
724-R01-FDT08-FAT61,36.8420064,42.98573796,3BG
724-R01-FDT08-FAT62,36.84380014,42.98102595,3BG
724-R01-FDT08-FAT63,36.84018133,42.98344154,3BG
724-R01-FDT08-FAT64,36.84048252,42.98145995,3BG
724-R01-FDT09-FAT01,36.84472602,42.97206019,3BG
724-R01-FDT09-FAT02,36.84359687,42.97078757,3BG
724-R01-FDT09-FAT03,36.84354996,42.97012392,3BG
724-R01-FDT09-FAT04,36.84335981,42.96988693,3BG
724-R01-FDT09-FAT05,36.84329868,42.96938329,3BG
724-R01-FDT09-FAT06,36.84323029,42.96941592,3BG
724-R01-FDT09-FAT07,36.84314527,42.96889659,3BG
724-R01-FDT09-FAT08,36.84319522,42.96884001,3BG
724-R01-FDT09-FAT09,36.84257816,42.96795911,3BG
724-R01-FDT09-FAT10,36.84241116,42.96792273,3BG
724-R01-FDT09-FAT11,36.84216897,42.96807805,3BG
724-R01-FDT09-FAT12,36.84210617,42.96701231,3BG
724-R01-FDT09-FAT13,36.84173346,42.96594994,3BG
724-R01-FDT09-FAT14,36.84352931,42.96827265,3BG
724-R01-FDT09-FAT15,36.8436272,42.96818921,3BG
724-R01-FDT09-FAT16,36.84398504,42.96813298,3BG
724-R01-FDT09-FAT17,36.84437951,42.96812028,3BG
724-R01-FDT09-FAT18,36.84279779,42.96850715,3BG
724-R01-FDT09-FAT19,36.84222913,42.96859123,3BG
724-R01-FDT09-FAT20,36.84326117,42.96778655,3BG
724-R01-FDT09-FAT21,36.84328799,42.96676275,3BG
724-R01-FDT09-FAT22,36.843224,42.96614432,3BG
724-R01-FDT09-FAT23,36.84317098,42.9656417,3BG
724-R01-FDT09-FAT24,36.84335472,42.96535755,3BG
724-R01-FDT09-FAT25,36.84436477,42.96533518,3BG
724-R01-FDT09-FAT26,36.84442263,42.96625396,3BG
724-R01-FDT09-FAT27,36.8449633,42.96615987,3BG
724-R01-FDT09-FAT28,36.84390213,42.96586355,3BG
724-R01-FDT09-FAT29,36.84455823,42.96577446,3BG
724-R01-FDT09-FAT30,36.84516723,42.96565752,3BG
724-R01-FDT09-FAT31,36.84460785,42.97100351,3BG
724-R01-FDT09-FAT32,36.84466397,42.97059527,3BG
724-R01-FDT09-FAT33,36.84465984,42.97039197,3BG
724-R01-FDT09-FAT34,36.84459879,42.96949933,3BG
724-R01-FDT09-FAT35,36.84447991,42.969308,3BG
724-R01-FDT09-FAT36,36.84456758,42.96902787,3BG
724-R01-FDT09-FAT37,36.8450592,42.96878004,3BG
724-R01-FDT09-FAT38,36.8448501,42.96827707,3BG
724-R01-FDT09-FAT39,36.84472654,42.9679019,3BG
724-R01-FDT09-FAT40,36.8451593,42.96770042,3BG
724-R01-FDT09-FAT41,36.84573396,42.96705785,3BG
724-R01-FDT09-FAT42,36.84653044,42.96774118,3BG
724-R01-FDT09-FAT43,36.84719029,42.96774052,3BG
724-R01-FDT09-FAT44,36.84582951,42.97085054,3BG
724-R01-FDT09-FAT45,36.84640481,42.9699153,3BG
724-R01-FDT09-FAT46,36.845731,42.96969347,3BG
724-R01-FDT09-FAT47,36.84567571,42.96899357,3BG
724-R01-FDT09-FAT48,36.84658448,42.96943146,3BG
724-R01-FDT09-FAT49,36.84687149,42.96884524,3BG
724-R01-FDT09-FAT50,36.84672268,42.96873773,3BG
724-R01-FDT09-FAT51,36.84630401,42.96821112,3BG
724-R01-FDT09-FAT52,36.84544852,42.97240082,3BG
724-R01-FDT09-FAT53,36.84611105,42.97667686,3BG
724-R01-FDT09-FAT54,36.84710915,42.97226593,3BG
724-R01-FDT09-FAT55,36.84773859,42.9702751,3BG
724-R01-FDT09-FAT56,36.84842221,42.96880067,3BG
724-R01-FDT09-FAT57,36.84227647,42.96886253,3BG
724-R01-FDT09-FAT58,36.84166083,42.96920412,3BG
724-R01-FDT09-FAT59,36.84931024,42.96236662,3BG
724-R01-FDT09-FAT60,36.84228057,42.96668659,3BG
724-R01-FDT09-FAT61,36.84734471,42.96826179,3BG
724-R01-FDT09-FAT62,36.84610734,42.97035574,3BG
724-R01-FDT09-FAT63,36.84395712,42.97112506,3BG
724-R01-FDT09-FAT64,36.84583662,42.96839253,3BG
724-R01-FDT09-FAT65,36.84559491,42.96795623,3BG
724-R01-FDT09-FAT66,36.84088474,42.9687143,3BG
724-R01-FDT09-FAT67,36.84706357,42.96906342,3BG
724-R01-FDT10-FAT01,36.8432336,42.97741431,3BG
724-R01-FDT10-FAT02,36.84217812,42.97811644,3BG
724-R01-FDT10-FAT03,36.84189462,42.9784854,3BG
724-R01-FDT10-FAT04,36.84131237,42.97847438,3BG
724-R01-FDT10-FAT05,36.8400738,42.97848548,3BG
724-R01-FDT10-FAT06,36.84056342,42.97831279,3BG
724-R01-FDT10-FAT07,36.84074976,42.97792204,3BG
724-R01-FDT10-FAT08,36.8406423,42.9774295,3BG
724-R01-FDT10-FAT09,36.84181812,42.97900934,3BG
724-R01-FDT10-FAT10,36.84122224,42.97889755,3BG
724-R01-FDT10-FAT11,36.84051453,42.97938108,3BG
724-R01-FDT10-FAT12,36.84255083,42.9780992,3BG
724-R01-FDT10-FAT13,36.84302371,42.97803966,3BG
724-R01-FDT10-FAT14,36.84286455,42.97917927,3BG
724-R01-FDT10-FAT15,36.84379077,42.97824859,3BG
724-R01-FDT10-FAT16,36.84423672,42.97772851,3BG
724-R01-FDT10-FAT17,36.84468745,42.97755716,3BG
724-R01-FDT10-FAT18,36.84385543,42.97881458,3BG
724-R01-FDT10-FAT19,36.84415111,42.97928121,3BG
724-R01-FDT10-FAT20,36.84480032,42.979206,3BG
724-R01-FDT10-FAT21,36.84271695,42.97472727,3BG
724-R01-FDT10-FAT22,36.84324781,42.97419649,3BG
724-R01-FDT10-FAT23,36.84406429,42.97402137,3BG
724-R01-FDT10-FAT24,36.84439825,42.97340124,3BG
724-R01-FDT10-FAT25,36.84257182,42.97418104,3BG
724-R01-FDT10-FAT26,36.84194785,42.97429333,3BG
724-R01-FDT10-FAT27,36.8420608,42.9746548,3BG
724-R01-FDT10-FAT28,36.84324569,42.97359088,3BG
724-R01-FDT10-FAT29,36.8431259,42.97300964,3BG
724-R01-FDT10-FAT30,36.84276751,42.97364836,3BG
724-R01-FDT10-FAT31,36.84247205,42.97219646,3BG
724-R01-FDT10-FAT32,36.84166449,42.97228451,3BG
724-R01-FDT10-FAT33,36.84237425,42.96467666,Fiber Speed (Duhok)
724-R01-FDT10-FAT34,36.8423724,42.96461947,Fiber Speed (Duhok)
724-R01-FDT10-FAT35,36.84231738,42.96470309,Fiber Speed (Duhok)
724-R01-FDT10-FAT36,36.84231493,42.96464904,Fiber Speed (Duhok)
724-R01-FDT10-FAT37,36.84231432,42.96459531,Fiber Speed (Duhok)
724-R01-FDT10-FAT38,36.84254069,42.96442991,Fiber Speed (Duhok)
724-R01-FDT10-FAT39,36.84344482,42.96428841,Fiber Speed (Duhok)
724-R01-FDT10-FAT40,36.84253897,42.9631463,Fiber Speed (Duhok)
724-R01-FDT10-FAT41,36.84293278,42.96310375,Fiber Speed (Duhok)
724-R01-FDT10-FAT42,36.842363,42.96417527,Fiber Speed (Duhok)
724-R01-FDT10-FAT43,36.84236115,42.96411807,Fiber Speed (Duhok)
724-R01-FDT10-FAT44,36.84230613,42.9642017,Fiber Speed (Duhok)
724-R01-FDT10-FAT45,36.84230368,42.96414764,Fiber Speed (Duhok)
724-R01-FDT10-FAT46,36.84230306,42.96409392,Fiber Speed (Duhok)
724-R01-FDT10-FAT47,36.84230985,42.96366484,Fiber Speed (Duhok)
724-R01-FDT10-FAT48,36.84230799,42.96360765,Fiber Speed (Duhok)
724-R01-FDT10-FAT49,36.84225298,42.96369127,Fiber Speed (Duhok)
724-R01-FDT10-FAT50,36.84225052,42.96363722,Fiber Speed (Duhok)
724-R01-FDT10-FAT51,36.84224991,42.9635835,Fiber Speed (Duhok)
724-R01-FDT10-FAT52,36.84228093,42.96318179,Fiber Speed (Duhok)
724-R01-FDT10-FAT53,36.84227908,42.96312459,Fiber Speed (Duhok)
724-R01-FDT10-FAT54,36.84222406,42.96320822,Fiber Speed (Duhok)
724-R01-FDT10-FAT55,36.84222161,42.96315417,Fiber Speed (Duhok)
724-R01-FDT10-FAT56,36.84222099,42.96310045,Fiber Speed (Duhok)
724-R01-FDT10-FAT57,36.84223653,42.96241064,Fiber Speed (Duhok)
724-R01-FDT10-FAT58,36.84223468,42.96235345,Fiber Speed (Duhok)
724-R01-FDT10-FAT59,36.84217966,42.96243707,Fiber Speed (Duhok)
724-R01-FDT10-FAT60,36.84217721,42.96238302,Fiber Speed (Duhok)
724-R01-FDT10-FAT61,36.8421766,42.9623293,Fiber Speed (Duhok)
724-R01-FDT10-FAT62,36.84222394,42.96195446,Fiber Speed (Duhok)
724-R01-FDT10-FAT63,36.84222208,42.96189726,Fiber Speed (Duhok)
724-R01-FDT10-FAT64,36.84216707,42.96198089,Fiber Speed (Duhok)
724-R01-FDT10-FAT65,36.84216462,42.96192684,Fiber Speed (Duhok)
724-R01-FDT10-FAT66,36.842164,42.96187311,Fiber Speed (Duhok)
724-R01-FDT10-FAT67,36.84219443,42.96149865,Fiber Speed (Duhok)
724-R01-FDT10-FAT68,36.84219257,42.96144146,Fiber Speed (Duhok)
724-R01-FDT10-FAT69,36.84213756,42.96152509,Fiber Speed (Duhok)
724-R01-FDT10-FAT70,36.8421351,42.96147103,Fiber Speed (Duhok)
724-R01-FDT10-FAT71,36.84213449,42.96141731,Fiber Speed (Duhok)
724-R01-FDT10-FAT72,36.84372767,42.96194308,Fiber Speed (Duhok)
724-R01-FDT10-FAT73,36.84197659,42.9752243,3BG
724-R01-FDT10-FAT74,36.84475815,42.97459478,3BG
724-R01-FDT10-FAT75,36.84482793,42.97515368,3BG
724-R01-FDT10-FAT76,36.84358918,42.97410761,3BG
724-R01-FDT10-FAT77,36.84265001,42.97943504,3BG
724-R01-FDT10-FAT78,36.84149299,42.98005521,3BG
724-R01-FDT10-FAT79,36.84104086,42.97838522,3BG
724-R01-FDT10-FAT80,36.83993368,42.97990022,3BG
724-R01-FDT10-FAT81,36.84164685,42.97765355,3BG
724-R01-FDT10-FAT82,36.84196444,42.97809869,3BG
724-R01-FDT10-FAT83,36.84306848,42.97686979,3BG
724-R02-FDT01-FAT01,36.84156952,43.01450908,Fiber Speed (Duhok)
724-R02-FDT01-FAT02,36.84155439,43.01449636,Fiber Speed (Duhok)
724-R02-FDT01-FAT03,36.84153969,43.01448396,Fiber Speed (Duhok)
724-R02-FDT01-FAT04,36.8415221,43.01447141,Fiber Speed (Duhok)
724-R02-FDT01-FAT05,36.84135421,43.01482242,Fiber Speed (Duhok)
724-R02-FDT01-FAT06,36.84134319,43.01484061,Fiber Speed (Duhok)
724-R02-FDT01-FAT07,36.84133369,43.01485856,Fiber Speed (Duhok)
724-R02-FDT01-FAT08,36.84132321,43.01487589,Fiber Speed (Duhok)
724-R02-FDT01-FAT09,36.84114315,43.01524375,Fiber Speed (Duhok)
724-R02-FDT01-FAT10,36.84112973,43.01523119,Fiber Speed (Duhok)
724-R02-FDT01-FAT11,36.84111483,43.01521726,Fiber Speed (Duhok)
724-R02-FDT01-FAT12,36.84109954,43.01520525,Fiber Speed (Duhok)
724-R02-FDT01-FAT13,36.84106768,43.014451,Fiber Speed (Duhok)
724-R02-FDT01-FAT14,36.84105311,43.01443697,Fiber Speed (Duhok)
724-R02-FDT01-FAT15,36.84103952,43.01442388,Fiber Speed (Duhok)
724-R02-FDT01-FAT16,36.84102384,43.01441029,Fiber Speed (Duhok)
724-R02-FDT01-FAT17,36.84075675,43.01495065,Fiber Speed (Duhok)
724-R02-FDT01-FAT18,36.84077144,43.0149648,Fiber Speed (Duhok)
724-R02-FDT01-FAT19,36.84078672,43.01497616,Fiber Speed (Duhok)
724-R02-FDT01-FAT20,36.84080269,43.01498689,Fiber Speed (Duhok)
724-R02-FDT01-FAT21,36.84036483,43.01557844,Fiber Speed (Duhok)
724-R02-FDT01-FAT22,36.84036814,43.01560455,Fiber Speed (Duhok)
724-R02-FDT01-FAT23,36.84055602,43.01524911,Fiber Speed (Duhok)
724-R02-FDT01-FAT24,36.84017218,43.01604823,Fiber Speed (Duhok)
724-R02-FDT01-FAT25,36.84018685,43.01606201,Fiber Speed (Duhok)
724-R02-FDT01-FAT26,36.84020227,43.01607519,Fiber Speed (Duhok)
724-R02-FDT01-FAT27,36.84021732,43.01608844,Fiber Speed (Duhok)
724-R02-FDT01-FAT28,36.83992601,43.01664478,Fiber Speed (Duhok)
724-R02-FDT01-FAT29,36.83991006,43.01663141,Fiber Speed (Duhok)
724-R02-FDT01-FAT30,36.83989501,43.01661666,Fiber Speed (Duhok)
724-R02-FDT01-FAT31,36.83988132,43.01660323,Fiber Speed (Duhok)
724-R02-FDT01-FAT32,36.84033742,43.01659009,Fiber Speed (Duhok)
724-R02-FDT01-FAT33,36.84034776,43.01657067,Fiber Speed (Duhok)
724-R02-FDT01-FAT34,36.84035779,43.01655031,Fiber Speed (Duhok)
724-R02-FDT01-FAT35,36.84036837,43.01653021,Fiber Speed (Duhok)
724-R02-FDT01-FAT36,36.84066622,43.01592911,Fiber Speed (Duhok)
724-R02-FDT01-FAT37,36.84068136,43.01590572,Fiber Speed (Duhok)
724-R02-FDT01-FAT38,36.84087179,43.01553313,Fiber Speed (Duhok)
724-R02-FDT01-FAT39,36.84103489,43.01446809,Fiber Speed (Duhok)
724-R02-FDT01-FAT40,36.84076731,43.01494432,Fiber Speed (Duhok)
724-R02-FDT01-FAT41,36.84229667,43.01415723,3BG
724-R02-FDT01-FAT45,36.8415447,43.01439311,Fiber Speed (Duhok)
724-R02-FDT02-FAT01,36.84235521,42.99104748,3BG
724-R02-FDT02-FAT02,36.84278663,42.99147287,3BG
724-R02-FDT02-FAT03,36.84288049,42.99302169,3BG
724-R02-FDT02-FAT04,36.84297188,42.99304659,3BG
724-R02-FDT02-FAT05,36.84336716,42.993568,3BG
724-R02-FDT02-FAT06,36.84400834,42.99385562,3BG
724-R02-FDT02-FAT07,36.84421787,42.9944048,3BG
724-R02-FDT02-FAT08,36.84484275,42.99433909,3BG
724-R02-FDT02-FAT09,36.84241422,42.99180624,3BG
724-R02-FDT02-FAT10,36.8425065,42.99313106,3BG
724-R02-FDT02-FAT11,36.84253704,42.99373961,3BG
724-R02-FDT02-FAT12,36.84302969,42.99413038,3BG
724-R02-FDT02-FAT13,36.84350831,42.9950274,3BG
724-R02-FDT02-FAT14,36.84405327,42.99484246,3BG
724-R02-FDT02-FAT15,36.84323515,42.99146674,3BG
724-R02-FDT02-FAT16,36.84325186,42.99185164,3BG
724-R02-FDT02-FAT17,36.84423975,42.99248349,3BG
724-R02-FDT02-FAT18,36.84471664,42.99225583,3BG
724-R02-FDT02-FAT19,36.84463543,42.99287234,3BG
724-R02-FDT02-FAT20,36.84467459,42.99296912,3BG
724-R02-FDT02-FAT21,36.8447896,42.99352396,3BG
724-R02-FDT02-FAT22,36.8452351,42.9932668,3BG
724-R02-FDT02-FAT23,36.84528932,42.99421838,3BG
724-R02-FDT02-FAT24,36.84578058,42.99465976,3BG
724-R02-FDT02-FAT25,36.84227574,42.9892029,3BG
724-R02-FDT02-FAT26,36.84260045,42.98845331,3BG
724-R02-FDT02-FAT27,36.84254722,42.98734904,3BG
724-R02-FDT02-FAT28,36.84308654,42.98749262,3BG
724-R02-FDT02-FAT29,36.84296362,42.98682948,3BG
724-R02-FDT02-FAT30,36.84339546,42.98677663,3BG
724-R02-FDT02-FAT31,36.84349272,42.98683943,3BG
724-R02-FDT02-FAT32,36.84444045,42.98667299,3BG
724-R02-FDT02-FAT33,36.842057,42.98975725,3BG
724-R02-FDT02-FAT34,36.84161968,42.98913282,3BG
724-R02-FDT02-FAT35,36.84272639,42.98903448,3BG
724-R02-FDT02-FAT36,36.8444381,42.98885879,3BG
724-R02-FDT02-FAT37,36.84489221,42.9888447,3BG
724-R02-FDT02-FAT38,36.84542388,42.98866613,3BG
724-R02-FDT02-FAT39,36.84404489,42.9884403,3BG
724-R02-FDT02-FAT40,36.84449707,42.98829047,3BG
724-R02-FDT02-FAT41,36.84433164,42.98719405,3BG
724-R02-FDT02-FAT42,36.84487662,42.98717303,3BG
724-R02-FDT02-FAT43,36.84316812,42.99037447,3BG
724-R02-FDT02-FAT44,36.8436035,42.99027963,3BG
724-R02-FDT02-FAT45,36.84366467,42.99119077,3BG
724-R02-FDT02-FAT46,36.8441454,42.99027045,3BG
724-R02-FDT02-FAT47,36.84427333,42.99072142,3BG
724-R02-FDT02-FAT48,36.84454921,42.99090349,3BG
724-R02-FDT02-FAT49,36.84511654,42.99131921,3BG
724-R02-FDT02-FAT50,36.84548037,42.9912502,3BG
724-R02-FDT02-FAT51,36.84567836,42.99263433,3BG
724-R02-FDT02-FAT52,36.84517076,42.99233473,3BG
724-R02-FDT02-FAT53,36.84532315,42.98696283,3BG
724-R02-FDT02-FAT54,36.84530027,42.98656634,3BG
724-R02-FDT02-FAT55,36.84216365,42.98742999,3BG
724-R02-FDT02-FAT56,36.84244621,42.99269427,3BG
724-R02-FDT02-FAT57,36.84200197,42.98901451,3BG
724-R02-FDT02-FAT58,36.84433514,42.99352233,3BG
724-R02-FDT02-FAT59,36.84299143,42.99498821,3BG
724-R02-FDT02-FAT60,36.84352428,42.99139607,3BG
724-R02-FDT02-FAT61,36.84531045,42.9927405,3BG
724-R02-FDT02-FAT62,36.84216283,42.988037,3BG
724-R02-FDT02-FAT63,36.84225795,42.98684003,3BG
724-R02-FDT02-FAT64,36.84359036,42.99183417,3BG
724-R02-FDT03-FAT01,36.84296404,43.00420873,3BG
724-R02-FDT03-FAT02,36.84287889,43.0031941,3BG
724-R02-FDT03-FAT03,36.84266238,43.00282901,3BG
724-R02-FDT03-FAT04,36.8428327,43.00226734,3BG
724-R02-FDT03-FAT05,36.84301447,43.00163891,3BG
724-R02-FDT03-FAT06,36.84305764,43.0022083,3BG
724-R02-FDT03-FAT07,36.84341361,43.00208377,3BG
724-R02-FDT03-FAT08,36.84387423,43.00215052,3BG
724-R02-FDT03-FAT09,36.84430611,43.00139703,3BG
724-R02-FDT03-FAT10,36.84439791,43.00217268,3BG
724-R02-FDT03-FAT11,36.8424071,43.00182128,3BG
724-R02-FDT03-FAT12,36.84239591,43.00119195,3BG
724-R02-FDT03-FAT13,36.84276026,43.00127581,3BG
724-R02-FDT03-FAT14,36.8427131,43.00059664,3BG
724-R02-FDT03-FAT15,36.84229092,43.00062472,3BG
724-R02-FDT03-FAT16,36.84267087,43.00023569,3BG
724-R02-FDT03-FAT17,36.84262517,42.99948333,3BG
724-R02-FDT03-FAT18,36.84229096,42.99955742,3BG
724-R02-FDT03-FAT19,36.84349278,43.00341622,3BG
724-R02-FDT03-FAT20,36.84412525,43.00332272,3BG
724-R02-FDT03-FAT21,36.84483232,43.00324053,3BG
724-R02-FDT03-FAT22,36.84476984,43.00215918,3BG
724-R02-FDT03-FAT23,36.84482065,43.00143772,3BG
724-R02-FDT03-FAT24,36.84359175,43.00397421,3BG
724-R02-FDT03-FAT25,36.84576411,43.00370326,3BG
724-R02-FDT03-FAT26,36.84531079,43.00372876,3BG
724-R02-FDT03-FAT27,36.8452758,43.00317554,3BG
724-R02-FDT03-FAT28,36.8453293,43.00259514,3BG
724-R02-FDT03-FAT29,36.84576544,43.00199767,3BG
724-R02-FDT03-FAT30,36.84621397,43.00184921,3BG
724-R02-FDT03-FAT31,36.84613438,43.00242409,3BG
724-R02-FDT03-FAT32,36.84287836,43.00387094,3BG
724-R02-FDT03-FAT33,36.84353639,43.00565737,3BG
724-R02-FDT03-FAT34,36.84307168,43.00248792,3BG
724-R02-FDT03-FAT35,36.84293851,43.00085157,3BG
724-R02-FDT03-FAT36,36.84194285,43.00177751,3BG
724-R02-FDT03-FAT37,36.84225543,42.99861649,3BG
724-R02-FDT03-FAT38,36.84655383,43.00296506,3BG
724-R02-FDT03-FAT39,36.84199877,43.00393438,3BG
724-R02-FDT03-FAT40,36.84289588,43.00580966,3BG
724-R02-FDT04-FAT01,36.84358311,43.0126206,3BG
724-R02-FDT04-FAT02,36.84422488,43.01264919,3BG
724-R02-FDT04-FAT03,36.84493786,43.01257307,3BG
724-R02-FDT04-FAT04,36.84534652,43.01145613,3BG
724-R02-FDT04-FAT05,36.84584092,43.01126065,3BG
724-R02-FDT04-FAT06,36.84589467,43.01148434,3BG
724-R02-FDT04-FAT07,36.8462807,43.01104265,3BG
724-R02-FDT04-FAT08,36.84631199,43.01027899,3BG
724-R02-FDT04-FAT09,36.84587006,43.01025418,3BG
724-R02-FDT04-FAT10,36.84585651,43.009576,3BG
724-R02-FDT04-FAT11,36.84445108,43.0116381,3BG
724-R02-FDT04-FAT12,36.84488389,43.01165309,3BG
724-R02-FDT04-FAT13,36.84499933,43.01070952,3BG
724-R02-FDT04-FAT14,36.84502859,43.01012234,3BG
724-R02-FDT04-FAT15,36.84538877,43.01011713,3BG
724-R02-FDT04-FAT16,36.84554123,43.00831717,3BG
724-R02-FDT04-FAT17,36.8458858,43.00834066,3BG
724-R02-FDT04-FAT18,36.84634743,43.00834537,3BG
724-R02-FDT04-FAT19,36.84430998,43.01312931,3BG
724-R02-FDT04-FAT20,36.84537105,43.01327731,3BG
724-R02-FDT04-FAT21,36.84583858,43.01315037,3BG
724-R02-FDT04-FAT22,36.84622434,43.01269448,3BG
724-R02-FDT04-FAT23,36.84405771,43.01446159,3BG
724-R02-FDT04-FAT24,36.84374697,43.01521693,3BG
724-R02-FDT04-FAT25,36.84349942,43.01578259,3BG
724-R02-FDT04-FAT26,36.84199615,43.01625508,3BG
724-R02-FDT04-FAT27,36.84488113,43.01526608,3BG
724-R02-FDT04-FAT28,36.8448614,43.01572665,3BG
724-R02-FDT04-FAT29,36.84473073,43.01672586,3BG
724-R02-FDT04-FAT30,36.84426775,43.01653709,3BG
724-R02-FDT04-FAT31,36.84391951,43.01649193,3BG
724-R02-FDT04-FAT32,36.84430721,43.01513084,3BG
724-R02-FDT04-FAT33,36.84524755,43.01515264,3BG
724-R02-FDT04-FAT34,36.84534626,43.0151847,3BG
724-R02-FDT04-FAT35,36.84569677,43.01533935,3BG
724-R02-FDT04-FAT36,36.84625919,43.01525729,3BG
724-R02-FDT04-FAT37,36.84611355,43.01685292,3BG
724-R02-FDT04-FAT38,36.84403066,43.01066787,3BG
724-R02-FDT04-FAT39,36.84405862,43.00973763,3BG
724-R02-FDT04-FAT40,36.84449585,43.00977455,3BG
724-R02-FDT04-FAT41,36.84498453,43.00879107,3BG
724-R02-FDT04-FAT42,36.8430443,43.01115551,3BG
724-R02-FDT04-FAT43,36.84362482,43.01117857,3BG
724-R02-FDT04-FAT44,36.84367367,43.00993937,3BG
724-R02-FDT04-FAT45,36.84329767,43.00923611,3BG
724-R02-FDT04-FAT46,36.84369855,43.00871756,3BG
724-R02-FDT04-FAT47,36.8440911,43.00826127,3BG
724-R02-FDT04-FAT48,36.8445508,43.00812608,3BG
724-R02-FDT04-FAT49,36.84501012,43.00816742,3BG
724-R02-FDT04-FAT50,36.84465808,43.00715158,3BG
724-R02-FDT04-FAT51,36.84496165,43.0065924,3BG
724-R02-FDT04-FAT52,36.84507619,43.00612472,3BG
724-R02-FDT04-FAT53,36.84321475,43.01297978,3BG
724-R02-FDT04-FAT54,36.8414743,43.01363439,3BG
724-R02-FDT04-FAT55,36.84265496,43.00931526,3BG
724-R02-FDT04-FAT56,36.84264794,43.00996015,3BG
724-R02-FDT04-FAT57,36.84306006,43.00872662,3BG
724-R02-FDT04-FAT58,36.84151756,43.01139688,3BG
724-R02-FDT04-FAT59,36.84195349,43.01090193,3BG
724-R02-FDT04-FAT60,36.84529408,43.01664386,3BG
724-R02-FDT04-FAT61,36.84411416,43.00658926,3BG
724-R02-FDT04-FAT62,36.84590358,43.01451413,3BG
724-R02-FDT04-FAT63,36.84182742,43.01159051,3BG
724-R02-FDT05-FAT01,36.84595414,42.9992248,3BG
724-R02-FDT05-FAT02,36.84552649,42.99961878,3BG
724-R02-FDT05-FAT03,36.84565222,43.00049043,3BG
724-R02-FDT05-FAT04,36.84516885,42.99943817,3BG
724-R02-FDT05-FAT05,36.84521698,43.00067359,3BG
724-R02-FDT05-FAT06,36.84603283,43.00059315,3BG
724-R02-FDT05-FAT07,36.84459888,42.99939737,3BG
724-R02-FDT05-FAT08,36.84463724,42.99993269,3BG
724-R02-FDT05-FAT09,36.84421482,43.00028773,3BG
724-R02-FDT05-FAT10,36.8443354,43.0008625,3BG
724-R02-FDT05-FAT11,36.84376276,43.00057771,3BG
724-R02-FDT05-FAT12,36.8433361,43.00083985,3BG
724-R02-FDT05-FAT13,36.84410658,42.99871536,3BG
724-R02-FDT05-FAT14,36.84418253,42.99987101,3BG
724-R02-FDT05-FAT15,36.84374092,42.99873064,3BG
724-R02-FDT05-FAT16,36.84372473,42.99830274,3BG
724-R02-FDT05-FAT17,36.84325979,42.99955678,3BG
724-R02-FDT05-FAT18,36.84289577,42.99960439,3BG
724-R02-FDT05-FAT19,36.8428731,42.99914784,3BG
724-R02-FDT05-FAT20,36.84282065,42.99845153,3BG
724-R02-FDT05-FAT21,36.84495688,42.99784551,3BG
724-R02-FDT05-FAT22,36.84489666,42.99686544,3BG
724-R02-FDT05-FAT23,36.84446404,42.99701861,3BG
724-R02-FDT05-FAT24,36.84390965,42.99698302,3BG
724-R02-FDT05-FAT25,36.84320633,42.99714698,3BG
724-R02-FDT05-FAT26,36.84307439,42.99659995,3BG
724-R02-FDT05-FAT27,36.84318613,42.99646809,3BG
724-R02-FDT05-FAT28,36.84539604,42.99781786,3BG
724-R02-FDT05-FAT29,36.84536121,42.99692062,3BG
724-R02-FDT05-FAT30,36.84487448,42.99641778,3BG
724-R02-FDT05-FAT31,36.8442141,42.99633684,3BG
724-R02-FDT05-FAT32,36.84350889,42.99592425,3BG
724-R02-FDT05-FAT33,36.84586369,42.99773832,3BG
724-R02-FDT05-FAT34,36.84579513,42.99664828,3BG
724-R02-FDT05-FAT35,36.84574877,42.99563032,3BG
724-R02-FDT05-FAT36,36.84508577,42.99579978,3BG
733-R01-FDT01-FAT01,37.14114169,42.68762291,Delta (Zakho)
733-R01-FDT01-FAT02,37.14090585,42.68824267,Delta (Zakho)
733-R01-FDT01-FAT03,37.14037481,42.68793788,Delta (Zakho)
733-R01-FDT01-FAT04,37.14014983,42.68742734,Delta (Zakho)
733-R01-FDT01-FAT05,37.13942828,42.68739934,Delta (Zakho)
733-R01-FDT01-FAT06,37.14084435,42.68745084,Delta (Zakho)
733-R01-FDT01-FAT07,37.14064468,42.68731255,Delta (Zakho)
733-R01-FDT01-FAT08,37.14073474,42.68719428,Delta (Zakho)
733-R01-FDT01-FAT09,37.1402755,42.68708813,Delta (Zakho)
733-R01-FDT01-FAT10,37.13996021,42.68688365,Delta (Zakho)
733-R01-FDT01-FAT11,37.13934966,42.68650256,Delta (Zakho)
733-R01-FDT01-FAT12,37.13912796,42.68635815,Delta (Zakho)
733-R01-FDT01-FAT13,37.13872664,42.68609892,Delta (Zakho)
733-R01-FDT01-FAT14,37.13869682,42.68617058,Delta (Zakho)
733-R01-FDT01-FAT15,37.14121389,42.68689993,Delta (Zakho)
733-R01-FDT01-FAT16,37.14093584,42.68673884,Delta (Zakho)
733-R01-FDT01-FAT17,37.1406803,42.68602271,Delta (Zakho)
733-R01-FDT01-FAT18,37.1403287,42.6858044,Delta (Zakho)
733-R01-FDT01-FAT19,37.14037182,42.68519021,Delta (Zakho)
733-R01-FDT01-FAT20,37.14018269,42.68630001,Delta (Zakho)
733-R01-FDT01-FAT21,37.13985356,42.68611055,Delta (Zakho)
733-R01-FDT01-FAT22,37.13923003,42.68575842,Delta (Zakho)
733-R01-FDT01-FAT23,37.13884841,42.68572077,Delta (Zakho)
733-R01-FDT01-FAT24,37.13818788,42.68572049,Delta (Zakho)
733-R01-FDT01-FAT25,37.13786548,42.68489679,Delta (Zakho)
733-R01-FDT01-FAT26,37.13882631,42.68551467,Delta (Zakho)
733-R01-FDT01-FAT27,37.1390624,42.68487758,Delta (Zakho)
733-R01-FDT01-FAT28,37.13935648,42.68444807,Delta (Zakho)
733-R01-FDT01-FAT29,37.13870558,42.68405157,Delta (Zakho)
733-R01-FDT01-FAT30,37.14109955,42.68630703,Delta (Zakho)
733-R01-FDT01-FAT31,37.14114755,42.68603735,Delta (Zakho)
733-R01-FDT01-FAT32,37.14130262,42.68565879,Delta (Zakho)
733-R01-FDT01-FAT33,37.14140908,42.68538429,Delta (Zakho)
733-R01-FDT01-FAT34,37.14172341,42.68542576,Delta (Zakho)
733-R01-FDT01-FAT35,37.1408577,42.68482576,Delta (Zakho)
733-R01-FDT01-FAT36,37.14012438,42.68433499,Delta (Zakho)
733-R01-FDT01-FAT37,37.13998788,42.68485083,Delta (Zakho)
733-R01-FDT01-FAT38,37.1396836,42.68341022,Delta (Zakho)
733-R01-FDT01-FAT39,37.14168659,42.68621795,Delta (Zakho)
733-R01-FDT01-FAT40,37.14180127,42.6858937,Delta (Zakho)
733-R01-FDT02-FAT01,37.14153168,42.68712884,Delta (Zakho)
733-R01-FDT02-FAT02,37.1417723,42.68746933,Delta (Zakho)
733-R01-FDT02-FAT03,37.14220361,42.68772482,Delta (Zakho)
733-R01-FDT02-FAT04,37.14213246,42.68751103,Delta (Zakho)
733-R01-FDT02-FAT05,37.14401283,42.6880485,Delta (Zakho)
733-R01-FDT02-FAT06,37.1426489,42.6878214,Delta (Zakho)
733-R01-FDT02-FAT07,37.14278683,42.68733872,Delta (Zakho)
733-R01-FDT02-FAT08,37.14282528,42.68737051,Delta (Zakho)
733-R01-FDT02-FAT09,37.14282344,42.68726473,Delta (Zakho)
733-R01-FDT02-FAT10,37.14278173,42.68724359,Delta (Zakho)
733-R01-FDT02-FAT11,37.14300493,42.686725,Delta (Zakho)
733-R01-FDT02-FAT12,37.14315956,42.68635525,Delta (Zakho)
733-R01-FDT02-FAT13,37.14342312,42.68585462,Delta (Zakho)
733-R01-FDT02-FAT14,37.14292059,42.68799318,Delta (Zakho)
733-R01-FDT02-FAT15,37.14327495,42.68820311,Delta (Zakho)
733-R01-FDT02-FAT16,37.14423598,42.68698386,Delta (Zakho)
733-R01-FDT02-FAT17,37.14424046,42.68637588,Delta (Zakho)
733-R01-FDT02-FAT18,37.14348774,42.68740295,Delta (Zakho)
733-R01-FDT02-FAT19,37.14362553,42.68727394,Delta (Zakho)
733-R01-FDT02-FAT20,37.14369013,42.68670373,Delta (Zakho)
733-R01-FDT02-FAT21,37.14171303,42.68663295,Delta (Zakho)
733-R01-FDT02-FAT22,37.14183242,42.68630804,Delta (Zakho)
733-R01-FDT02-FAT23,37.14221928,42.68625222,Delta (Zakho)
733-R01-FDT02-FAT24,37.14225156,42.686274,Delta (Zakho)
733-R01-FDT02-FAT25,37.14223413,42.68631746,Delta (Zakho)
733-R01-FDT02-FAT26,37.14206957,42.68567532,Delta (Zakho)
733-R01-FDT02-FAT27,37.14223653,42.68526638,Delta (Zakho)
733-R01-FDT02-FAT28,37.14261557,42.68541992,Delta (Zakho)
733-R01-FDT02-FAT29,37.14314687,42.68524894,Delta (Zakho)
733-R01-FDT02-FAT30,37.1431596,42.68509886,Delta (Zakho)
733-R01-FDT02-FAT31,37.14342937,42.68525453,Delta (Zakho)
733-R01-FDT02-FAT32,37.14366981,42.68527687,Delta (Zakho)
733-R01-FDT02-FAT33,37.14379282,42.68542121,Delta (Zakho)
733-R01-FDT02-FAT34,37.14396123,42.68467222,Delta (Zakho)
733-R01-FDT02-FAT35,37.14369151,42.68469822,Delta (Zakho)
733-R01-FDT02-FAT36,37.1438044,42.6856468,Delta (Zakho)
733-R01-FDT02-FAT37,37.14425073,42.68575076,Delta (Zakho)
733-R01-FDT02-FAT38,37.14424966,42.68500992,Delta (Zakho)
733-R01-FDT02-FAT39,37.14203723,42.68679212,Delta (Zakho)
733-R01-FDT02-FAT40,37.14201866,42.68683115,Delta (Zakho)
733-R01-FDT02-FAT41,37.1423947,42.68706636,Delta (Zakho)
733-R01-FDT02-FAT42,37.1426083,42.68658181,Delta (Zakho)
733-R01-FDT02-FAT43,37.14261643,42.68655344,Delta (Zakho)
733-R01-FDT02-FAT44,37.14276153,42.68618379,Delta (Zakho)
733-R01-FDT02-FAT45,37.14421774,42.68758587,Delta (Zakho)
733-R01-FDT02-FAT46,37.14387045,42.68859571,Delta (Zakho)
733-R01-FDT02-FAT47,37.14392444,42.68880634,Delta (Zakho)
733-R01-FDT02-FAT48,37.14478243,42.68796318,Delta (Zakho)
733-R01-FDT03-FAT01,37.14167071,42.68926483,Delta (Zakho)
733-R01-FDT03-FAT02,37.14194922,42.68841912,Delta (Zakho)
733-R01-FDT03-FAT03,37.14203384,42.68819582,Delta (Zakho)
733-R01-FDT03-FAT04,37.14253494,42.68851634,Delta (Zakho)
733-R01-FDT03-FAT05,37.14255514,42.68852991,Delta (Zakho)
733-R01-FDT03-FAT06,37.14270042,42.68861406,Delta (Zakho)
733-R01-FDT03-FAT07,37.14271991,42.68862762,Delta (Zakho)
733-R01-FDT03-FAT08,37.14316114,42.68984444,Delta (Zakho)
733-R01-FDT03-FAT09,37.14301845,42.69022221,Delta (Zakho)
733-R01-FDT03-FAT10,37.14210639,42.68937089,Delta (Zakho)
733-R01-FDT03-FAT11,37.14223992,42.6896153,Delta (Zakho)
733-R01-FDT03-FAT12,37.14213873,42.6887882,Delta (Zakho)
733-R01-FDT03-FAT13,37.14384123,42.68844262,Delta (Zakho)
733-R01-FDT03-FAT14,37.14231072,42.68888303,Delta (Zakho)
733-R01-FDT03-FAT15,37.14247175,42.68897786,Delta (Zakho)
733-R01-FDT03-FAT16,37.14244306,42.68905954,Delta (Zakho)
733-R01-FDT03-FAT17,37.14262692,42.6890782,Delta (Zakho)
733-R01-FDT03-FAT18,37.14275843,42.68924796,Delta (Zakho)
733-R01-FDT03-FAT19,37.1427723,42.68925696,Delta (Zakho)
733-R01-FDT03-FAT20,37.14298673,42.68869172,Delta (Zakho)
733-R01-FDT03-FAT21,37.1429965,42.68866548,Delta (Zakho)
733-R01-FDT03-FAT22,37.14123549,42.68921249,Delta (Zakho)
733-R01-FDT03-FAT23,37.14151201,42.6896782,Delta (Zakho)
733-R01-FDT03-FAT24,37.14184054,42.6898869,Delta (Zakho)
733-R01-FDT03-FAT25,37.14186145,42.68989881,Delta (Zakho)
733-R01-FDT03-FAT26,37.14202948,42.69012738,Delta (Zakho)
733-R01-FDT03-FAT27,37.14198153,42.69085419,Delta (Zakho)
733-R01-FDT03-FAT28,37.14208714,42.69092485,Delta (Zakho)
733-R01-FDT03-FAT29,37.14246865,42.69003368,Delta (Zakho)
733-R01-FDT03-FAT30,37.1426144,42.68996031,Delta (Zakho)
733-R01-FDT03-FAT31,37.1426533,42.69117851,Delta (Zakho)
733-R01-FDT03-FAT32,37.14255471,42.69160623,Delta (Zakho)
733-R01-FDT03-FAT33,37.14235771,42.69239611,Delta (Zakho)
733-R01-FDT03-FAT34,37.14082059,42.68993498,Delta (Zakho)
733-R01-FDT03-FAT35,37.14076744,42.69065467,Delta (Zakho)
733-R01-FDT03-FAT36,37.14051378,42.69136235,Delta (Zakho)
733-R01-FDT03-FAT37,37.14094239,42.69124962,Delta (Zakho)
733-R01-FDT03-FAT38,37.14122192,42.69018518,Delta (Zakho)
733-R01-FDT03-FAT39,37.14154314,42.69039474,Delta (Zakho)
733-R01-FDT03-FAT40,37.14145254,42.69132465,Delta (Zakho)
733-R01-FDT03-FAT41,37.14121312,42.69229067,Delta (Zakho)
733-R01-FDT03-FAT42,37.14038035,42.6901158,Delta (Zakho)
733-R01-FDT03-FAT43,37.1400289,42.69138892,Delta (Zakho)
733-R01-FDT03-FAT44,37.14158585,42.68735287,Delta (Zakho)
733-R01-FDT03-FAT45,37.14257299,42.68796082,Delta (Zakho)
733-R01-FDT03-FAT46,37.14272819,42.68806122,Delta (Zakho)
733-R01-FDT03-FAT47,37.14288357,42.68815904,Delta (Zakho)
733-R01-FDT03-FAT48,37.14357899,42.68840192,Delta (Zakho)
733-R01-FDT04-FAT01,37.13955961,42.69661169,Delta (Zakho)
733-R01-FDT04-FAT02,37.13988335,42.6957893,Delta (Zakho)
733-R01-FDT04-FAT03,37.13995629,42.69528738,Delta (Zakho)
733-R01-FDT04-FAT04,37.13974255,42.69465542,Delta (Zakho)
733-R01-FDT04-FAT05,37.13979491,42.69339999,Delta (Zakho)
733-R01-FDT04-FAT06,37.14010994,42.69255148,Delta (Zakho)
733-R01-FDT04-FAT07,37.14027215,42.69392356,Delta (Zakho)
733-R01-FDT04-FAT08,37.1407458,42.69388446,Delta (Zakho)
733-R01-FDT04-FAT09,37.1406896,42.69289673,Delta (Zakho)
733-R01-FDT04-FAT10,37.14112266,42.6924859,Delta (Zakho)
733-R01-FDT04-FAT11,37.14075708,42.69226181,Delta (Zakho)
733-R01-FDT04-FAT12,37.14010579,42.69187101,Delta (Zakho)
733-R01-FDT04-FAT13,37.14002305,42.69697792,Delta (Zakho)
733-R01-FDT04-FAT14,37.14022408,42.69645879,Delta (Zakho)
733-R01-FDT04-FAT15,37.14054754,42.69613849,Delta (Zakho)
733-R01-FDT04-FAT16,37.14069402,42.69518695,Delta (Zakho)
733-R01-FDT04-FAT17,37.14136213,42.69494412,Delta (Zakho)
733-R01-FDT04-FAT18,37.14138461,42.69445635,Delta (Zakho)
733-R01-FDT04-FAT19,37.14198095,42.69442896,Delta (Zakho)
733-R01-FDT04-FAT20,37.14122863,42.69379792,Delta (Zakho)
733-R01-FDT04-FAT21,37.14018579,42.69728797,Delta (Zakho)
733-R01-FDT04-FAT22,37.14110598,42.69763637,Delta (Zakho)
733-R01-FDT04-FAT23,37.14128692,42.69681103,Delta (Zakho)
733-R01-FDT04-FAT24,37.1413279,42.69614743,Delta (Zakho)
733-R01-FDT04-FAT25,37.14179433,42.69650905,Delta (Zakho)
733-R01-FDT04-FAT26,37.14159477,42.69559475,Delta (Zakho)
733-R01-FDT04-FAT27,37.14218497,42.69520092,Delta (Zakho)
733-R01-FDT04-FAT28,37.14251926,42.69408464,Delta (Zakho)
733-R01-FDT04-FAT29,37.14260292,42.69332149,Delta (Zakho)
733-R01-FDT04-FAT30,37.14211506,42.6930306,Delta (Zakho)
733-R01-FDT04-FAT31,37.13905442,42.69684861,Delta (Zakho)
733-R01-FDT04-FAT32,37.13840522,42.69659855,Delta (Zakho)
733-R01-FDT04-FAT33,37.13926669,42.69644192,Delta (Zakho)
733-R01-FDT04-FAT34,37.13887686,42.69621535,Delta (Zakho)
733-R01-FDT04-FAT35,37.1385739,42.69587496,Delta (Zakho)
733-R01-FDT04-FAT36,37.13865426,42.69565358,Delta (Zakho)
733-R01-FDT04-FAT37,37.13867688,42.69464316,Delta (Zakho)
733-R01-FDT04-FAT38,37.13900097,42.69377509,Delta (Zakho)
733-R01-FDT04-FAT39,37.13951929,42.69240174,Delta (Zakho)
733-R01-FDT05-FAT01,37.14284399,42.69829386,Delta (Zakho)
733-R01-FDT05-FAT02,37.14269267,42.69928305,Delta (Zakho)
733-R01-FDT05-FAT03,37.14241821,42.70031962,Delta (Zakho)
733-R01-FDT05-FAT04,37.14331202,42.70071374,Delta (Zakho)
733-R01-FDT05-FAT05,37.14304123,42.70118614,Delta (Zakho)
733-R01-FDT05-FAT06,37.14318783,42.70176909,Delta (Zakho)
733-R01-FDT05-FAT07,37.14231978,42.70207844,Delta (Zakho)
733-R01-FDT05-FAT08,37.14224686,42.70230653,Delta (Zakho)
733-R01-FDT05-FAT09,37.14162201,42.7021602,Delta (Zakho)
733-R01-FDT05-FAT10,37.14359253,42.70236109,Delta (Zakho)
733-R01-FDT05-FAT11,37.14323114,42.70282588,Delta (Zakho)
733-R01-FDT05-FAT12,37.14325936,42.70358067,Delta (Zakho)
733-R01-FDT05-FAT13,37.14390758,42.70316762,Delta (Zakho)
733-R01-FDT05-FAT14,37.14217085,42.70389416,Delta (Zakho)
733-R01-FDT05-FAT15,37.1426247,42.70293168,Delta (Zakho)
733-R01-FDT05-FAT16,37.14161143,42.70272669,Delta (Zakho)
733-R01-FDT05-FAT17,37.14283626,42.70370032,Delta (Zakho)
733-R01-FDT05-FAT18,37.14230909,42.70341627,Delta (Zakho)
733-R01-FDT05-FAT19,37.1414996,42.70309327,Delta (Zakho)
733-R01-FDT05-FAT20,37.14320893,42.69837925,Delta (Zakho)
733-R01-FDT05-FAT21,37.14356691,42.69846996,Delta (Zakho)
733-R01-FDT05-FAT22,37.14400472,42.69857636,Delta (Zakho)
733-R01-FDT05-FAT23,37.14421086,42.69862337,Delta (Zakho)
733-R01-FDT05-FAT24,37.14456035,42.69870202,Delta (Zakho)
733-R01-FDT05-FAT25,37.14520843,42.69885545,Delta (Zakho)
733-R01-FDT05-FAT26,37.1454182,42.69980019,Delta (Zakho)
733-R01-FDT05-FAT27,37.14593272,42.70005049,Delta (Zakho)
733-R01-FDT05-FAT28,37.14590327,42.70024927,Delta (Zakho)
733-R01-FDT05-FAT29,37.14557259,42.6989155,Delta (Zakho)
733-R01-FDT05-FAT30,37.14644848,42.69914434,Delta (Zakho)
733-R01-FDT05-FAT31,37.14636081,42.69989441,Delta (Zakho)
733-R01-FDT05-FAT32,37.14635295,42.69996067,Delta (Zakho)
733-R01-FDT05-FAT33,37.1463253,42.70019212,Delta (Zakho)
733-R01-FDT05-FAT34,37.14321257,42.69894543,Delta (Zakho)
733-R01-FDT05-FAT35,37.14393388,42.69910011,Delta (Zakho)
733-R01-FDT05-FAT36,37.1436981,42.70016957,Delta (Zakho)
733-R01-FDT05-FAT37,37.14423846,42.70034177,Delta (Zakho)
733-R01-FDT05-FAT38,37.14468769,42.70054086,Delta (Zakho)
733-R01-FDT05-FAT39,37.14406774,42.69967787,Delta (Zakho)
733-R01-FDT05-FAT40,37.14492459,42.70006767,Delta (Zakho)
733-R01-FDT05-FAT41,37.14538328,42.70074229,Delta (Zakho)
733-R01-FDT05-FAT42,37.14492102,42.70143045,Delta (Zakho)
733-R01-FDT05-FAT43,37.14443627,42.70220285,Delta (Zakho)
733-R01-FDT05-FAT44,37.14430198,42.7015424,Delta (Zakho)
733-R01-FDT05-FAT45,37.14469128,42.70107955,Delta (Zakho)
733-R01-FDT05-FAT46,37.14548578,42.70116153,Delta (Zakho)
733-R01-FDT05-FAT47,37.14587654,42.70186213,Delta (Zakho)
733-R01-FDT05-FAT48,37.14605224,42.70208711,Delta (Zakho)
733-R01-FDT06-FAT01,37.14364906,42.69758194,Delta (Zakho)
733-R01-FDT06-FAT02,37.14415763,42.69658508,Delta (Zakho)
733-R01-FDT06-FAT03,37.14463612,42.69608591,Delta (Zakho)
733-R01-FDT06-FAT04,37.14476836,42.69628823,Delta (Zakho)
733-R01-FDT06-FAT05,37.14550401,42.69582876,Delta (Zakho)
733-R01-FDT06-FAT06,37.14590289,42.69477726,Delta (Zakho)
733-R01-FDT06-FAT07,37.14599185,42.69437737,Delta (Zakho)
733-R01-FDT06-FAT08,37.14631953,42.69460885,Delta (Zakho)
733-R01-FDT06-FAT09,37.14724767,42.69544154,Delta (Zakho)
733-R01-FDT06-FAT10,37.14777187,42.69559132,Delta (Zakho)
733-R01-FDT06-FAT11,37.1480866,42.69575918,Delta (Zakho)
733-R01-FDT06-FAT12,37.1483094,42.69698012,Delta (Zakho)
733-R01-FDT06-FAT13,37.14798167,42.69691637,Delta (Zakho)
733-R01-FDT06-FAT14,37.14806557,42.69741936,Delta (Zakho)
733-R01-FDT06-FAT15,37.14705365,42.69594963,Delta (Zakho)
733-R01-FDT06-FAT16,37.14704874,42.69690819,Delta (Zakho)
733-R01-FDT06-FAT17,37.14697023,42.6937414,Delta (Zakho)
733-R01-FDT06-FAT18,37.14760498,42.69499143,Delta (Zakho)
733-R01-FDT06-FAT19,37.14679691,42.69483568,Delta (Zakho)
733-R01-FDT06-FAT20,37.14688715,42.69432269,Delta (Zakho)
733-R01-FDT06-FAT21,37.14760166,42.69451665,Delta (Zakho)
733-R01-FDT06-FAT22,37.14806487,42.69465772,Delta (Zakho)
733-R01-FDT06-FAT23,37.14394875,42.6983428,Delta (Zakho)
733-R01-FDT06-FAT24,37.14468924,42.69780661,Delta (Zakho)
733-R01-FDT06-FAT25,37.14545689,42.69807308,Delta (Zakho)
733-R01-FDT06-FAT26,37.14609446,42.6975732,Delta (Zakho)
733-R01-FDT06-FAT27,37.14564803,42.69753011,Delta (Zakho)
733-R01-FDT06-FAT28,37.14442411,42.69847109,Delta (Zakho)
733-R01-FDT06-FAT29,37.14559552,42.69875097,Delta (Zakho)
733-R01-FDT06-FAT30,37.14636099,42.69890891,Delta (Zakho)
733-R01-FDT06-FAT31,37.14632322,42.6985495,Delta (Zakho)
733-R01-FDT06-FAT32,37.14778866,42.69850247,Delta (Zakho)
733-R01-FDT06-FAT33,37.14806601,42.69803795,Delta (Zakho)
733-R01-FDT06-FAT34,37.14826198,42.69805796,Delta (Zakho)
733-R01-FDT06-FAT35,37.14887488,42.69845541,Delta (Zakho)
733-R01-FDT06-FAT36,37.14819216,42.69937114,Delta (Zakho)
733-R01-FDT06-FAT37,37.14854107,42.69944575,Delta (Zakho)
733-R01-FDT06-FAT38,37.14906146,42.69955194,Delta (Zakho)
733-R01-FDT06-FAT39,37.14367341,42.69679592,Delta (Zakho)
733-R01-FDT06-FAT40,37.14425774,42.69524631,Delta (Zakho)
733-R01-FDT06-FAT41,37.14445348,42.69477443,Delta (Zakho)
733-R01-FDT06-FAT42,37.14459768,42.69442316,Delta (Zakho)
733-R01-FDT06-FAT43,37.14543589,42.69289022,Delta (Zakho)
733-R01-FDT06-FAT44,37.14588708,42.69197372,Delta (Zakho)
733-R01-FDT06-FAT45,37.14625799,42.69011611,Delta (Zakho)
733-R01-FDT06-FAT46,37.14606416,42.69552336,Delta (Zakho)
733-R01-FDT07-FAT01,37.14409634,42.69419435,Delta (Zakho)
733-R01-FDT07-FAT02,37.14398057,42.69454417,Delta (Zakho)
733-R01-FDT07-FAT03,37.1439086,42.69409967,Delta (Zakho)
733-R01-FDT07-FAT04,37.14385059,42.6938383,Delta (Zakho)
733-R01-FDT07-FAT05,37.14331041,42.69353956,Delta (Zakho)
733-R01-FDT07-FAT06,37.14271322,42.69399776,Delta (Zakho)
733-R01-FDT07-FAT07,37.14256703,42.69449308,Delta (Zakho)
733-R01-FDT07-FAT08,37.14351551,42.69443987,Delta (Zakho)
733-R01-FDT07-FAT09,37.14319305,42.69225035,Delta (Zakho)
733-R01-FDT07-FAT10,37.14351779,42.69305579,Delta (Zakho)
733-R01-FDT07-FAT11,37.14423988,42.69326617,Delta (Zakho)
733-R01-FDT07-FAT12,37.14275862,42.69126053,Delta (Zakho)
733-R01-FDT07-FAT13,37.14360227,42.69185429,Delta (Zakho)
733-R01-FDT07-FAT14,37.14398867,42.69204802,Delta (Zakho)
733-R01-FDT07-FAT15,37.14395075,42.69262219,Delta (Zakho)
733-R01-FDT07-FAT16,37.14401302,42.69130419,Delta (Zakho)
733-R01-FDT07-FAT17,37.14420992,42.69080635,Delta (Zakho)
733-R01-FDT07-FAT18,37.14324153,42.69085515,Delta (Zakho)
733-R01-FDT07-FAT19,37.1433805,42.69017777,Delta (Zakho)
733-R01-FDT07-FAT20,37.14402507,42.69002216,Delta (Zakho)
733-R01-FDT07-FAT21,37.14503604,42.69320076,Delta (Zakho)
733-R01-FDT07-FAT22,37.14467411,42.69239299,Delta (Zakho)
733-R01-FDT07-FAT23,37.14523593,42.69199435,Delta (Zakho)
733-R01-FDT07-FAT24,37.1451121,42.69117283,Delta (Zakho)
733-R01-FDT07-FAT25,37.1456353,42.69204938,Delta (Zakho)
733-R01-FDT07-FAT26,37.14613165,42.69107441,Delta (Zakho)
733-R01-FDT07-FAT27,37.14575141,42.6906969,Delta (Zakho)
733-R01-FDT07-FAT28,37.14499363,42.68945895,Delta (Zakho)
733-R01-FDT07-FAT29,37.14412848,42.69525696,Delta (Zakho)
733-R01-FDT07-FAT30,37.14366447,42.69553513,Delta (Zakho)
733-R01-FDT07-FAT31,37.14317153,42.69540999,Delta (Zakho)
733-R01-FDT07-FAT32,37.14271301,42.69536257,Delta (Zakho)
733-R01-FDT07-FAT33,37.14357124,42.69670297,Delta (Zakho)
733-R01-FDT07-FAT34,37.1430864,42.69663927,Delta (Zakho)
733-R01-FDT07-FAT35,37.14268037,42.69627195,Delta (Zakho)
733-R01-FDT07-FAT36,37.14224068,42.6969562,Delta (Zakho)
733-R01-FDT07-FAT37,37.14189547,42.69787116,Delta (Zakho)
733-R01-FDT07-FAT38,37.14244046,42.69763005,Delta (Zakho)
733-R01-FDT07-FAT39,37.14282305,42.69777215,Delta (Zakho)
733-R01-FDT07-FAT40,37.14187908,42.69678109,Delta (Zakho)
733-R01-FDT07-FAT41,37.14440734,42.6892342,Delta (Zakho)
733-R01-FDT08-FAT01,37.14769536,42.6909351,Delta (Zakho)
733-R01-FDT08-FAT02,37.14665132,42.69029608,Delta (Zakho)
733-R01-FDT08-FAT03,37.1469075,42.68894957,Delta (Zakho)
733-R01-FDT08-FAT04,37.14705496,42.68891928,Delta (Zakho)
733-R01-FDT08-FAT05,37.14707858,42.68891662,Delta (Zakho)
733-R01-FDT08-FAT06,37.147541,42.6888391,Delta (Zakho)
733-R01-FDT08-FAT07,37.14683238,42.68738348,Delta (Zakho)
733-R01-FDT08-FAT08,37.14692617,42.68685976,Delta (Zakho)
733-R01-FDT08-FAT09,37.1466742,42.68847635,Delta (Zakho)
733-R01-FDT08-FAT10,37.14652911,42.68737698,Delta (Zakho)
733-R01-FDT08-FAT11,37.14645292,42.68686948,Delta (Zakho)
733-R01-FDT08-FAT12,37.14587038,42.68596795,Delta (Zakho)
733-R01-FDT08-FAT13,37.14608259,42.68706054,Delta (Zakho)
733-R01-FDT08-FAT14,37.14620195,42.68617791,Delta (Zakho)
733-R01-FDT08-FAT15,37.14544515,42.68696963,Delta (Zakho)
733-R01-FDT08-FAT16,37.14547762,42.68511621,Delta (Zakho)
733-R01-FDT08-FAT17,37.14603994,42.68473004,Delta (Zakho)
733-R01-FDT08-FAT18,37.14546784,42.68380845,Delta (Zakho)
733-R01-FDT08-FAT19,37.14860902,42.6898668,Delta (Zakho)
733-R01-FDT08-FAT20,37.14868594,42.6891046,Delta (Zakho)
733-R01-FDT08-FAT21,37.1483743,42.68827192,Delta (Zakho)
733-R01-FDT08-FAT22,37.14795282,42.68815134,Delta (Zakho)
733-R01-FDT08-FAT23,37.14738895,42.68781631,Delta (Zakho)
733-R01-FDT08-FAT24,37.14754414,42.68668119,Delta (Zakho)
733-R01-FDT08-FAT25,37.14864638,42.68768082,Delta (Zakho)
733-R01-FDT08-FAT26,37.14844571,42.68658646,Delta (Zakho)
733-R01-FDT08-FAT27,37.14818509,42.68709754,Delta (Zakho)
733-R01-FDT08-FAT28,37.14820631,42.68577429,Delta (Zakho)
733-R01-FDT08-FAT29,37.14802491,42.68526383,Delta (Zakho)
733-R01-FDT08-FAT30,37.14790939,42.68495758,Delta (Zakho)
733-R01-FDT08-FAT31,37.14758591,42.68481603,Delta (Zakho)
733-R01-FDT08-FAT32,37.14696779,42.68443621,Delta (Zakho)
733-R01-FDT08-FAT33,37.14630391,42.68460888,Delta (Zakho)
733-R01-FDT08-FAT34,37.14667795,42.68388216,Delta (Zakho)
733-R01-FDT08-FAT35,37.14713807,42.68290441,Delta (Zakho)
733-R01-FDT08-FAT36,37.14598393,42.68914481,Delta (Zakho)
733-R01-FDT08-FAT37,37.14494816,42.68565573,Delta (Zakho)
733-R01-FDT08-FAT38,37.14488903,42.68456968,Delta (Zakho)
733-R01-FDT08-FAT39,37.14543312,42.6878971,Delta (Zakho)
733-R02-FDT01-FAT01,37.14846525,42.68574586,Delta (Zakho)
733-R02-FDT01-FAT02,37.14832882,42.6853329,Delta (Zakho)
733-R02-FDT01-FAT03,37.14823305,42.68514253,Delta (Zakho)
733-R02-FDT01-FAT04,37.14803684,42.68463664,Delta (Zakho)
733-R02-FDT01-FAT05,37.14757956,42.6834442,Delta (Zakho)
733-R02-FDT01-FAT06,37.14753923,42.68310213,Delta (Zakho)
733-R02-FDT01-FAT07,37.14735515,42.68266335,Delta (Zakho)
733-R02-FDT01-FAT08,37.14724017,42.68142872,Delta (Zakho)
733-R02-FDT01-FAT09,37.14761626,42.68153174,Delta (Zakho)
733-R02-FDT01-FAT10,37.1471481,42.68212777,Delta (Zakho)
733-R02-FDT01-FAT11,37.1479424,42.6820762,Delta (Zakho)
733-R02-FDT01-FAT12,37.14900505,42.68241179,Delta (Zakho)
733-R02-FDT01-FAT13,37.14862133,42.6823823,Delta (Zakho)
733-R02-FDT01-FAT14,37.1488179,42.68166791,Delta (Zakho)
733-R02-FDT01-FAT15,37.14887311,42.68130972,Delta (Zakho)
733-R02-FDT01-FAT16,37.14784192,42.68014183,Delta (Zakho)
733-R02-FDT01-FAT17,37.1498612,42.6802171,Delta (Zakho)
733-R02-FDT01-FAT18,37.14919561,42.68103816,Delta (Zakho)
733-R02-FDT01-FAT19,37.14999638,42.68108433,Delta (Zakho)
733-R02-FDT01-FAT20,37.15029435,42.68071737,Delta (Zakho)
733-R02-FDT01-FAT21,37.15052737,42.68081469,Delta (Zakho)
733-R02-FDT01-FAT22,37.14835004,42.6851145,Delta (Zakho)
733-R02-FDT01-FAT23,37.14834876,42.6840212,Delta (Zakho)
733-R02-FDT01-FAT24,37.14821311,42.68344601,Delta (Zakho)
733-R02-FDT01-FAT25,37.14829579,42.68358456,Delta (Zakho)
733-R02-FDT01-FAT26,37.14887195,42.68353432,Delta (Zakho)
733-R02-FDT01-FAT27,37.14906762,42.68298346,Delta (Zakho)
733-R02-FDT01-FAT28,37.14920625,42.68504202,Delta (Zakho)
733-R02-FDT01-FAT29,37.14922099,42.68420315,Delta (Zakho)
733-R02-FDT01-FAT30,37.14924894,42.68429141,Delta (Zakho)
733-R02-FDT01-FAT31,37.14970345,42.68402439,Delta (Zakho)
733-R02-FDT01-FAT32,37.15023595,42.68303527,Delta (Zakho)
733-R02-FDT01-FAT33,37.1455175,42.67985775,Delta (Zakho)
733-R02-FDT02-FAT01,37.1390405,42.69893201,Delta (Zakho)
733-R02-FDT02-FAT02,37.13860122,42.6994208,Delta (Zakho)
733-R02-FDT02-FAT03,37.13879418,42.7001674,Delta (Zakho)
733-R02-FDT02-FAT04,37.13895274,42.70072899,Delta (Zakho)
733-R02-FDT02-FAT05,37.13908359,42.70119306,Delta (Zakho)
733-R02-FDT02-FAT06,37.13883521,42.69835955,Delta (Zakho)
733-R02-FDT02-FAT07,37.13990635,42.69809065,Delta (Zakho)
733-R02-FDT02-FAT08,37.13970348,42.6986624,Delta (Zakho)
733-R02-FDT02-FAT09,37.14091067,42.69895696,Delta (Zakho)
733-R02-FDT02-FAT10,37.1419988,42.69922341,Delta (Zakho)
733-R02-FDT02-FAT11,37.13958032,42.69897474,Delta (Zakho)
733-R02-FDT02-FAT12,37.13972776,42.69938991,Delta (Zakho)
733-R02-FDT02-FAT13,37.13992394,42.69986848,Delta (Zakho)
733-R02-FDT02-FAT14,37.1401159,42.70037105,Delta (Zakho)
733-R02-FDT02-FAT15,37.13951271,42.70140207,Delta (Zakho)
733-R02-FDT02-FAT16,37.13953989,42.70298637,Delta (Zakho)
733-R02-FDT02-FAT17,37.13957235,42.70411082,Delta (Zakho)
733-R02-FDT02-FAT18,37.13998069,42.70505005,Delta (Zakho)
733-R02-FDT02-FAT19,37.1402185,42.69934985,Delta (Zakho)
733-R02-FDT02-FAT20,37.1411446,42.69955827,Delta (Zakho)
733-R02-FDT02-FAT21,37.14180821,42.69972294,Delta (Zakho)
733-R02-FDT02-FAT22,37.14037901,42.6998296,Delta (Zakho)
733-R02-FDT02-FAT23,37.14094773,42.69998711,Delta (Zakho)
733-R02-FDT02-FAT24,37.14063263,42.70088223,Delta (Zakho)
733-R02-FDT02-FAT25,37.14024778,42.70166056,Delta (Zakho)
733-R02-FDT02-FAT26,37.13985982,42.70269992,Delta (Zakho)
733-R02-FDT02-FAT27,37.14001455,42.70315227,Delta (Zakho)
733-R02-FDT02-FAT28,37.14079647,42.70062694,Delta (Zakho)
733-R02-FDT02-FAT29,37.14217894,42.70026401,Delta (Zakho)
733-R02-FDT02-FAT30,37.14145019,42.70122905,Delta (Zakho)
733-R02-FDT02-FAT31,37.14129246,42.7018465,Delta (Zakho)
733-R02-FDT02-FAT32,37.14077548,42.70244237,Delta (Zakho)
733-R02-FDT02-FAT33,37.14102197,42.7028878,Delta (Zakho)
733-R02-FDT02-FAT34,37.14089166,42.7034804,Delta (Zakho)
733-R02-FDT02-FAT35,37.14083803,42.70421123,Delta (Zakho)
733-R02-FDT02-FAT36,37.13849429,42.69802174,Delta (Zakho)
733-R02-FDT02-FAT37,37.1398818,42.69737009,#N/A
733-R02-FDT02-FAT38,37.14008633,42.69745119,Delta (Zakho)
733-R02-FDT02-FAT39,37.14074113,42.69769974,Delta (Zakho)
733-R02-FDT02-FAT40,37.14171864,42.69799997,Delta (Zakho)
733-R02-FDT02-FAT41,37.14138342,42.69837497,Delta (Zakho)
733-R02-FDT02-FAT42,37.14122186,42.69846094,Delta (Zakho)
733-R02-FDT02-FAT43,37.14264678,42.69879356,Delta (Zakho)
733-R02-FDT02-FAT44,37.14266079,42.69870481,Delta (Zakho)
733-R02-FDT03-FAT01,37.13945992,42.70630148,Delta (Zakho)
733-R02-FDT03-FAT02,37.13945588,42.70513051,Delta (Zakho)
733-R02-FDT03-FAT03,37.13919058,42.70517934,Delta (Zakho)
733-R02-FDT03-FAT04,37.13904735,42.70530938,Delta (Zakho)
733-R02-FDT03-FAT05,37.13902498,42.70402311,Delta (Zakho)
733-R02-FDT03-FAT06,37.13940749,42.70334824,Delta (Zakho)
733-R02-FDT03-FAT07,37.13914924,42.70309376,Delta (Zakho)
733-R02-FDT03-FAT08,37.13859592,42.70238555,Delta (Zakho)
733-R02-FDT03-FAT09,37.13818439,42.70231588,Delta (Zakho)
733-R02-FDT03-FAT10,37.13807464,42.70220085,Delta (Zakho)
733-R02-FDT03-FAT11,37.1381046,42.70172302,Delta (Zakho)
733-R02-FDT03-FAT12,37.13809837,42.70105168,Delta (Zakho)
733-R02-FDT03-FAT13,37.13809799,42.70057957,Delta (Zakho)
733-R02-FDT03-FAT14,37.13808966,42.699986,Delta (Zakho)
733-R02-FDT03-FAT15,37.13772905,42.69936575,Delta (Zakho)
733-R02-FDT03-FAT16,37.13769866,42.69901652,Delta (Zakho)
733-R02-FDT03-FAT17,37.13761804,42.69902117,Delta (Zakho)
733-R02-FDT03-FAT18,37.13865605,42.70707096,Delta (Zakho)
733-R02-FDT03-FAT19,37.13800421,42.70752606,Delta (Zakho)
733-R02-FDT03-FAT20,37.13779565,42.7078923,Delta (Zakho)
733-R02-FDT03-FAT21,37.13770521,42.70683541,Delta (Zakho)
733-R02-FDT03-FAT22,37.13847864,42.7082855,Delta (Zakho)
733-R02-FDT03-FAT23,37.1386751,42.70902599,Delta (Zakho)
733-R02-FDT03-FAT24,37.13865849,42.70914845,Delta (Zakho)
733-R02-FDT03-FAT25,37.13786013,42.71080595,Delta (Zakho)
733-R02-FDT03-FAT26,37.13888752,42.71218896,Delta (Zakho)
733-R02-FDT03-FAT27,37.13882579,42.71273209,Delta (Zakho)
733-R02-FDT03-FAT28,37.13866891,42.71385544,Delta (Zakho)
733-R02-FDT03-FAT29,37.13798626,42.7061887,Delta (Zakho)
733-R02-FDT03-FAT30,37.13743363,42.70441144,Delta (Zakho)
733-R02-FDT03-FAT31,37.13692885,42.70400513,Delta (Zakho)
733-R02-FDT03-FAT32,37.13813347,42.70484634,Delta (Zakho)
733-R02-FDT03-FAT33,37.13804949,42.70354734,Delta (Zakho)
733-R02-FDT03-FAT34,37.13833813,42.70320208,Delta (Zakho)
733-R02-FDT03-FAT35,37.13809395,42.70291641,Delta (Zakho)
733-R02-FDT03-FAT36,37.13588482,42.70340867,Delta (Zakho)
733-R02-FDT03-FAT37,37.13512474,42.70348978,Delta (Zakho)
733-R02-FDT03-FAT38,37.13536775,42.70240854,Delta (Zakho)
733-R02-FDT03-FAT39,37.13466483,42.70521527,Delta (Zakho)
733-R02-FDT03-FAT40,37.13537381,42.69687566,Delta (Zakho)
733-R02-FDT03-FAT41,37.13716404,42.70282597,Delta (Zakho)
733-R02-FDT03-FAT42,37.13695939,42.70540879,Delta (Zakho)
733-R02-FDT03-FAT43,37.13527069,42.70435177,Delta (Zakho)
733-R02-FDT03-FAT44,37.13849294,42.71140712,Delta (Zakho)
733-R02-FDT04-FAT01,37.14010329,42.70980565,Delta (Zakho)
733-R02-FDT04-FAT02,37.14045778,42.70869747,Delta (Zakho)
733-R02-FDT04-FAT03,37.14015832,42.70932978,Delta (Zakho)
733-R02-FDT04-FAT04,37.13955484,42.70856038,Delta (Zakho)
733-R02-FDT04-FAT05,37.13958449,42.70800591,Delta (Zakho)
733-R02-FDT04-FAT06,37.14058998,42.70805845,Delta (Zakho)
733-R02-FDT04-FAT07,37.14060913,42.70758784,Delta (Zakho)
733-R02-FDT04-FAT08,37.14062418,42.70701898,Delta (Zakho)
733-R02-FDT04-FAT09,37.14044956,42.70633053,Delta (Zakho)
733-R02-FDT04-FAT10,37.14097597,42.70646431,Delta (Zakho)
733-R02-FDT04-FAT11,37.14165141,42.70647415,Delta (Zakho)
733-R02-FDT04-FAT12,37.14006333,42.70659943,Delta (Zakho)
733-R02-FDT04-FAT13,37.13970914,42.706432,Delta (Zakho)
733-R02-FDT04-FAT14,37.1400962,42.70586792,Delta (Zakho)
733-R02-FDT04-FAT15,37.14127059,42.70478297,Delta (Zakho)
733-R02-FDT04-FAT16,37.14076002,42.70589109,Delta (Zakho)
733-R02-FDT04-FAT17,37.14054939,42.70533312,Delta (Zakho)
733-R02-FDT04-FAT18,37.14091405,42.70377794,Delta (Zakho)
733-R02-FDT04-FAT19,37.14121741,42.7090752,Delta (Zakho)
733-R02-FDT04-FAT20,37.14192602,42.70810909,Delta (Zakho)
733-R02-FDT04-FAT21,37.14318702,42.70659355,Delta (Zakho)
733-R02-FDT04-FAT22,37.14428426,42.70711726,Delta (Zakho)
733-R02-FDT04-FAT23,37.14451425,42.70658382,Delta (Zakho)
733-R02-FDT04-FAT24,37.14251373,42.70729144,Delta (Zakho)
733-R02-FDT04-FAT25,37.1435965,42.70745499,Delta (Zakho)
733-R02-FDT04-FAT26,37.14250349,42.70868495,Delta (Zakho)
733-R02-FDT04-FAT27,37.14302636,42.7080488,Delta (Zakho)
733-R02-FDT04-FAT28,37.14353122,42.70800291,Delta (Zakho)
733-R02-FDT04-FAT29,37.14284854,42.70607242,Delta (Zakho)
733-R02-FDT04-FAT30,37.14235001,42.7057582,Delta (Zakho)
733-R02-FDT04-FAT31,37.1416565,42.70536608,Delta (Zakho)
733-R02-FDT04-FAT32,37.14175783,42.70458263,Delta (Zakho)
733-R02-FDT04-FAT33,37.14302512,42.70565227,Delta (Zakho)
733-R02-FDT04-FAT34,37.14340673,42.70509772,Delta (Zakho)
733-R02-FDT04-FAT35,37.14405111,42.70472073,Delta (Zakho)
733-R02-FDT04-FAT36,37.14426559,42.70535678,Delta (Zakho)
733-R02-FDT04-FAT37,37.14364455,42.70594818,Delta (Zakho)
733-R02-FDT04-FAT38,37.14230699,42.70425468,Delta (Zakho)
733-R02-FDT04-FAT39,37.14251973,42.70426405,Delta (Zakho)
733-R02-FDT04-FAT40,37.14204192,42.70942505,Delta (Zakho)
733-R02-FDT05-FAT01,37.14853485,42.69305258,Delta (Zakho)
733-R02-FDT05-FAT02,37.14936204,42.69327183,Delta (Zakho)
733-R02-FDT05-FAT03,37.15050415,42.69345154,Delta (Zakho)
733-R02-FDT05-FAT04,37.15079142,42.69453476,Delta (Zakho)
733-R02-FDT05-FAT05,37.15024536,42.69450515,Delta (Zakho)
733-R02-FDT05-FAT06,37.15035778,42.69387859,Delta (Zakho)
733-R02-FDT05-FAT07,37.15132254,42.69357981,Delta (Zakho)
733-R02-FDT05-FAT08,37.15129658,42.69433436,Delta (Zakho)
733-R02-FDT05-FAT09,37.1521163,42.69493213,Delta (Zakho)
733-R02-FDT05-FAT10,37.15246644,42.69509153,Delta (Zakho)
733-R02-FDT05-FAT11,37.15320389,42.69595693,Delta (Zakho)
733-R02-FDT05-FAT12,37.15263069,42.69444851,Delta (Zakho)
733-R02-FDT05-FAT13,37.15292316,42.69391859,Delta (Zakho)
733-R02-FDT05-FAT14,37.15328671,42.6944273,Delta (Zakho)
733-R02-FDT05-FAT15,37.15381746,42.69466753,Delta (Zakho)
733-R02-FDT05-FAT16,37.15360291,42.69477498,Delta (Zakho)
733-R02-FDT05-FAT17,37.15405918,42.69541879,Delta (Zakho)
733-R02-FDT05-FAT18,37.15469254,42.69538459,Delta (Zakho)
733-R02-FDT05-FAT19,37.15476358,42.69429622,Delta (Zakho)
733-R02-FDT05-FAT20,37.1551572,42.6948165,Delta (Zakho)
733-R02-FDT05-FAT21,37.15512378,42.69552706,Delta (Zakho)
733-R02-FDT05-FAT22,37.1549075,42.69598013,Delta (Zakho)
733-R02-FDT05-FAT23,37.1546856,42.69651872,Delta (Zakho)
733-R02-FDT05-FAT24,37.15579147,42.69450899,Delta (Zakho)
733-R02-FDT05-FAT25,37.15567926,42.69492942,Delta (Zakho)
733-R02-FDT05-FAT26,37.15539816,42.69594483,Delta (Zakho)
733-R02-FDT05-FAT27,37.14873076,42.69360739,Delta (Zakho)
733-R02-FDT05-FAT28,37.14869398,42.69453453,Delta (Zakho)
733-R02-FDT05-FAT29,37.1489999,42.6957537,Delta (Zakho)
733-R02-FDT05-FAT30,37.14956999,42.69610137,Delta (Zakho)
733-R02-FDT05-FAT31,37.14948801,42.69488454,Delta (Zakho)
733-R02-FDT05-FAT32,37.14989137,42.69503479,Delta (Zakho)
733-R02-FDT05-FAT33,37.15034401,42.69542368,Delta (Zakho)
733-R02-FDT05-FAT34,37.15076574,42.69531771,Delta (Zakho)
733-R02-FDT05-FAT35,37.14843543,42.6940447,Delta (Zakho)
733-R02-FDT05-FAT36,37.14839787,42.69572146,Delta (Zakho)
733-R02-FDT05-FAT37,37.14934478,42.69693804,Delta (Zakho)
733-R02-FDT05-FAT38,37.15037164,42.69694782,Delta (Zakho)
733-R02-FDT05-FAT39,37.15113115,42.69664578,Delta (Zakho)
733-R02-FDT05-FAT40,37.15126457,42.69544471,Delta (Zakho)
733-R02-FDT05-FAT41,37.15073366,42.69653386,Delta (Zakho)
733-R02-FDT05-FAT42,37.15186047,42.69695332,Delta (Zakho)
733-R02-FDT05-FAT43,37.15171019,42.69622595,Delta (Zakho)
733-R02-FDT05-FAT44,37.1522308,42.69640343,Delta (Zakho)
733-R02-FDT05-FAT45,37.1530847,42.6964152,Delta (Zakho)
733-R02-FDT05-FAT46,37.1534114,42.69699126,Delta (Zakho)
733-R02-FDT05-FAT47,37.15383619,42.69654027,Delta (Zakho)
733-R02-FDT05-FAT48,37.15463591,42.69696796,Delta (Zakho)
733-R02-FDT05-FAT49,37.15194643,42.6955654,Delta (Zakho)
733-R02-FDT06-FAT01,37.14982491,42.68999093,Delta (Zakho)
733-R02-FDT06-FAT02,37.15062714,42.69057753,Delta (Zakho)
733-R02-FDT06-FAT03,37.15049245,42.6916235,Delta (Zakho)
733-R02-FDT06-FAT04,37.15019956,42.69055999,Delta (Zakho)
733-R02-FDT06-FAT05,37.15002843,42.69100903,Delta (Zakho)
733-R02-FDT06-FAT06,37.15107854,42.6904928,Delta (Zakho)
733-R02-FDT06-FAT07,37.15206376,42.69042129,Delta (Zakho)
733-R02-FDT06-FAT08,37.15202337,42.69133075,Delta (Zakho)
733-R02-FDT06-FAT09,37.15267646,42.69187153,Delta (Zakho)
733-R02-FDT06-FAT10,37.15260742,42.69256769,Delta (Zakho)
733-R02-FDT06-FAT11,37.15143255,42.69160757,Delta (Zakho)
733-R02-FDT06-FAT12,37.15159661,42.69179254,Delta (Zakho)
733-R02-FDT06-FAT13,37.15145288,42.69222994,Delta (Zakho)
733-R02-FDT06-FAT14,37.15096134,42.69146148,Delta (Zakho)
733-R02-FDT06-FAT15,37.1508575,42.69233106,Delta (Zakho)
733-R02-FDT06-FAT16,37.15215776,42.68995095,Delta (Zakho)
733-R02-FDT06-FAT17,37.15278194,42.69104216,Delta (Zakho)
733-R02-FDT06-FAT18,37.15317633,42.69153057,Delta (Zakho)
733-R02-FDT06-FAT19,37.15369417,42.69147507,Delta (Zakho)
733-R02-FDT06-FAT20,37.15356195,42.69253315,Delta (Zakho)
733-R02-FDT06-FAT21,37.15343598,42.6925123,Delta (Zakho)
733-R02-FDT06-FAT22,37.15334596,42.69024105,Delta (Zakho)
733-R02-FDT06-FAT23,37.15463786,42.69199009,Delta (Zakho)
733-R02-FDT06-FAT24,37.15436122,42.69272045,Delta (Zakho)
733-R02-FDT06-FAT25,37.15433381,42.69358386,Delta (Zakho)
733-R02-FDT06-FAT26,37.15400952,42.69191044,Delta (Zakho)
733-R02-FDT06-FAT27,37.1539668,42.69294657,Delta (Zakho)
733-R02-FDT06-FAT28,37.15423533,42.69091577,Delta (Zakho)
733-R02-FDT06-FAT29,37.15585705,42.69242684,Delta (Zakho)
733-R02-FDT06-FAT30,37.15608216,42.69348709,Delta (Zakho)
733-R02-FDT06-FAT31,37.1491655,42.69058913,Delta (Zakho)
733-R02-FDT06-FAT32,37.1490707,42.69157584,Delta (Zakho)
733-R02-FDT06-FAT33,37.14899803,42.6930754,Delta (Zakho)
733-R02-FDT06-FAT34,37.1489488,42.69205052,Delta (Zakho)
733-R02-FDT06-FAT35,37.14945078,42.69193935,Delta (Zakho)
733-R02-FDT06-FAT36,37.14997406,42.6925768,Delta (Zakho)
733-R02-FDT06-FAT37,37.15014504,42.6932153,Delta (Zakho)
733-R02-FDT06-FAT38,37.15072348,42.69334585,Delta (Zakho)
733-R02-FDT06-FAT39,37.15129963,42.69345829,Delta (Zakho)
733-R02-FDT06-FAT40,37.15174302,42.69285976,Delta (Zakho)
733-R02-FDT06-FAT41,37.15218711,42.69361462,Delta (Zakho)
733-R02-FDT06-FAT42,37.15297766,42.69321598,Delta (Zakho)
733-R02-FDT06-FAT43,37.15294973,42.69275383,Delta (Zakho)
733-R02-FDT06-FAT44,37.15339263,42.69385985,Delta (Zakho)
733-R02-FDT06-FAT45,37.15465857,42.69411214,Delta (Zakho)
733-R02-FDT06-FAT46,37.15526867,42.69331852,Delta (Zakho)
733-R02-FDT06-FAT47,37.1554334,42.69276143,Delta (Zakho)
733-R02-FDT06-FAT48,37.15545959,42.69402791,Delta (Zakho)
733-R02-FDT06-FAT49,37.14884491,42.6900003,Delta (Zakho)
733-R02-FDT06-FAT50,37.14871714,42.69134227,Delta (Zakho)
733-R02-FDT06-FAT51,37.14889879,42.68957426,Delta (Zakho)
733-R02-FDT06-FAT52,37.14941523,42.68921949,Delta (Zakho)
733-R02-FDT06-FAT53,37.15009765,42.68931145,Delta (Zakho)
733-R02-FDT06-FAT54,37.14979529,42.68875409,Delta (Zakho)
733-R02-FDT06-FAT55,37.15025187,42.68846716,Delta (Zakho)
733-R02-FDT06-FAT56,37.15096054,42.68828594,Delta (Zakho)
733-R02-FDT06-FAT57,37.14983695,42.68979013,Delta (Zakho)
733-R02-FDT06-FAT58,37.15076551,42.68976236,Delta (Zakho)
733-R02-FDT06-FAT59,37.15113279,42.68963113,Delta (Zakho)
733-R02-FDT06-FAT60,37.15158251,42.68963456,Delta (Zakho)
733-R02-FDT06-FAT61,37.15537361,42.69191697,Delta (Zakho)
733-R02-FDT06-FAT62,37.15347386,42.68939962,Delta (Zakho)
733-R02-FDT06-FAT63,37.15448105,42.69042016,Delta (Zakho)
733-R02-FDT06-FAT64,37.15563692,42.69094954,Delta (Zakho)
733-R02-FDT06-FAT65,37.15209632,42.6889909,Delta (Zakho)
733-R02-FDT06-FAT66,37.15632552,42.69162832,Delta (Zakho)
733-R02-FDT07-FAT01,37.13864905,42.72054822,Fiber Speed (Duhok)
733-R02-FDT07-FAT02,37.13998955,42.72333636,Fiber Speed (Duhok)
733-R02-FDT07-FAT03,37.13988785,42.72217482,Fiber Speed (Duhok)
733-R02-FDT07-FAT04,37.14026691,42.72186093,Fiber Speed (Duhok)
733-R02-FDT07-FAT05,37.1407128,42.72125938,Fiber Speed (Duhok)
733-R02-FDT07-FAT06,37.14088186,42.72069975,Fiber Speed (Duhok)
733-R02-FDT07-FAT07,37.13928001,42.72174289,Fiber Speed (Duhok)
733-R02-FDT07-FAT08,37.13928571,42.72088422,Fiber Speed (Duhok)
733-R02-FDT07-FAT09,37.1399112,42.72037091,Fiber Speed (Duhok)
733-R02-FDT07-FAT10,37.14019299,42.72249955,Fiber Speed (Duhok)
733-R02-FDT07-FAT11,37.14093095,42.72188733,Fiber Speed (Duhok)
733-R02-FDT07-FAT12,37.14120851,42.72221352,Fiber Speed (Duhok)
733-R02-FDT07-FAT13,37.14151128,42.72154116,Fiber Speed (Duhok)
733-R02-FDT07-FAT14,37.14226386,42.72092873,Fiber Speed (Duhok)
733-R02-FDT07-FAT15,37.14230308,42.72305574,Fiber Speed (Duhok)
733-R02-FDT07-FAT16,37.14208557,42.7217789,Fiber Speed (Duhok)
733-R02-FDT07-FAT17,37.14267805,42.7229058,Fiber Speed (Duhok)
733-R02-FDT07-FAT18,37.14320459,42.72155025,Fiber Speed (Duhok)
733-R02-FDT07-FAT19,37.14286661,42.72114958,Fiber Speed (Duhok)
733-R02-FDT07-FAT20,37.14332087,42.72307827,Fiber Speed (Duhok)
733-R02-FDT07-FAT21,37.14332764,42.72229682,Fiber Speed (Duhok)
733-R02-FDT07-FAT22,37.14374908,42.72258401,Fiber Speed (Duhok)
733-R02-FDT07-FAT23,37.13978355,42.72558195,Fiber Speed (Duhok)
733-R02-FDT07-FAT24,37.14011186,42.72626058,Fiber Speed (Duhok)
733-R02-FDT07-FAT25,37.14032196,42.72545804,Fiber Speed (Duhok)
733-R02-FDT07-FAT26,37.13997506,42.72744405,Fiber Speed (Duhok)
733-R02-FDT07-FAT27,37.14009109,42.72828558,Fiber Speed (Duhok)
733-R02-FDT07-FAT28,37.14099147,42.72899807,Fiber Speed (Duhok)
733-R02-FDT07-FAT29,37.1401635,42.72889014,Fiber Speed (Duhok)
733-R02-FDT07-FAT30,37.14094225,42.72964178,Fiber Speed (Duhok)
733-R02-FDT07-FAT31,37.14104343,42.72833074,Fiber Speed (Duhok)
733-R02-FDT07-FAT32,37.14144653,42.72702639,Fiber Speed (Duhok)
733-R02-FDT07-FAT33,37.14004522,42.7296535,Fiber Speed (Duhok)
733-R02-FDT07-FAT34,37.14023043,42.73034034,Fiber Speed (Duhok)
733-R02-FDT07-FAT35,37.13996008,42.73096066,Fiber Speed (Duhok)
733-R02-FDT07-FAT36,37.14152196,42.7276597,Fiber Speed (Duhok)
733-R02-FDT07-FAT37,37.14294403,42.72022519,Fiber Speed (Duhok)
733-R02-FDT07-FAT38,37.14429669,42.72239116,Fiber Speed (Duhok)
733-R02-FDT07-FAT39,37.1386345,42.7185954,Fiber Speed (Duhok)
733-R02-FDT07-FAT40,37.14074379,42.72573605,Fiber Speed (Duhok)
733-R02-FDT07-FAT41,37.13408009,42.72718276,Fiber Speed (Duhok)
733-R02-FDT07-FAT42,37.13194233,42.72952868,Fiber Speed (Duhok)
733-R02-FDT07-FAT43,37.13072447,42.73161886,Fiber Speed (Duhok)
733-R02-FDT08-FAT01,37.14398134,42.73975183,Fiber Speed (Duhok)
733-R02-FDT08-FAT02,37.14289133,42.73993843,Fiber Speed (Duhok)
733-R02-FDT08-FAT03,37.14353326,42.73984468,Fiber Speed (Duhok)
733-R02-FDT08-FAT04,37.14406188,42.74061248,Fiber Speed (Duhok)
733-R02-FDT08-FAT05,37.14399076,42.74144969,Fiber Speed (Duhok)
733-R02-FDT08-FAT06,37.14363197,42.74177783,Fiber Speed (Duhok)
733-R02-FDT08-FAT07,37.14326543,42.73844514,Fiber Speed (Duhok)
733-R02-FDT08-FAT08,37.14511992,42.7402693,Fiber Speed (Duhok)
733-R02-FDT08-FAT09,37.14646573,42.74199967,Fiber Speed (Duhok)
733-R02-FDT08-FAT10,37.14730377,42.74235203,Fiber Speed (Duhok)
733-R02-FDT08-FAT11,37.1481526,42.74332688,Fiber Speed (Duhok)
733-R02-FDT08-FAT12,37.14887382,42.74457227,Fiber Speed (Duhok)
733-R02-FDT08-FAT13,37.14916173,42.74513342,Fiber Speed (Duhok)
733-R02-FDT08-FAT14,37.1466439,42.742892,Fiber Speed (Duhok)
733-R02-FDT08-FAT15,37.14610018,42.74349133,Fiber Speed (Duhok)
733-R02-FDT08-FAT16,37.14540157,42.74264009,Fiber Speed (Duhok)
733-R02-FDT08-FAT17,37.14565165,42.74219078,Fiber Speed (Duhok)
733-R02-FDT08-FAT18,37.14533228,42.74314219,Fiber Speed (Duhok)
733-R02-FDT08-FAT19,37.14078398,42.73721342,Fiber Speed (Duhok)
733-R02-FDT08-FAT20,37.14109215,42.73670417,Fiber Speed (Duhok)
733-R02-FDT08-FAT21,37.14056866,42.73614564,Fiber Speed (Duhok)
733-R02-FDT08-FAT22,37.1401656,42.73711965,Fiber Speed (Duhok)
733-R02-FDT08-FAT23,37.13960533,42.73659277,Fiber Speed (Duhok)
733-R02-FDT08-FAT24,37.13895084,42.73593654,Fiber Speed (Duhok)
733-R02-FDT08-FAT25,37.13870486,42.73467634,Fiber Speed (Duhok)
733-R02-FDT08-FAT26,37.13890948,42.73283223,Fiber Speed (Duhok)
733-R02-FDT08-FAT27,37.14201884,42.73382894,Fiber Speed (Duhok)
733-R02-FDT08-FAT28,37.14181631,42.73285578,Fiber Speed (Duhok)
733-R02-FDT08-FAT29,37.14284969,42.73392456,Fiber Speed (Duhok)
733-R02-FDT08-FAT30,37.14307312,42.732658,Fiber Speed (Duhok)
733-R02-FDT08-FAT31,37.14414595,42.73147902,Fiber Speed (Duhok)
733-R02-FDT08-FAT32,37.14437285,42.73092682,Fiber Speed (Duhok)
733-R02-FDT08-FAT33,37.14237115,42.73267374,Fiber Speed (Duhok)
733-R02-FDT08-FAT34,37.14196967,42.73196799,Fiber Speed (Duhok)
733-R02-FDT08-FAT35,37.14200393,42.73028958,Fiber Speed (Duhok)
733-R02-FDT08-FAT36,37.14351578,42.72842975,Fiber Speed (Duhok)
733-R02-FDT08-FAT37,37.14427558,42.7284172,Fiber Speed (Duhok)
733-R02-FDT08-FAT38,37.14483595,42.72674997,Fiber Speed (Duhok)
733-R02-FDT08-FAT39,37.14392628,42.73516856,Fiber Speed (Duhok)
733-R02-FDT08-FAT40,37.1445209,42.73412118,Fiber Speed (Duhok)
733-R02-FDT08-FAT41,37.14539407,42.73410954,Fiber Speed (Duhok)
733-R02-FDT08-FAT42,37.14367015,42.73629246,Fiber Speed (Duhok)
733-R02-FDT08-FAT43,37.1449846,42.73543679,Fiber Speed (Duhok)
733-R02-FDT08-FAT44,37.14729047,42.73963956,Fiber Speed (Duhok)
733-R02-FDT08-FAT45,37.14677398,42.74517584,Fiber Speed (Duhok)
733-R02-FDT08-FAT46,37.14024721,42.73649927,Fiber Speed (Duhok)
733-R02-FDT08-FAT47,37.13949911,42.73741162,Fiber Speed (Duhok)
733-R02-FDT08-FAT48,37.14632854,42.7351875,Fiber Speed (Duhok)
733-R02-FDT08-FAT49,37.14118095,42.73595111,Fiber Speed (Duhok)
733-R02-FDT08-FAT50,37.14263682,42.73148551,Fiber Speed (Duhok)
733-R02-FDT08-FAT51,37.14360649,42.73093266,Fiber Speed (Duhok)
733-R02-FDT08-FAT52,37.14292447,42.73118536,Fiber Speed (Duhok)
733-R02-FDT08-FAT53,37.14424792,42.74294092,Fiber Speed (Duhok)
733-R02-FDT08-FAT54,37.14885456,42.74350098,Fiber Speed (Duhok)
733-R02-FDT08-FAT55,37.14470033,42.73657118,Fiber Speed (Duhok)
733-R02-FDT08-FAT56,37.14342203,42.73490492,Fiber Speed (Duhok)
733-R02-FDT08-FAT57,37.14321917,42.73896406,Fiber Speed (Duhok)
733-R02-FDT08-FAT58,37.14443674,42.74257945,Fiber Speed (Duhok)
733-R02-FDT08-FAT59,37.14435418,42.73262455,Fiber Speed (Duhok)
733-R02-FDT08-FAT60,37.145494,42.7365596,Fiber Speed (Duhok)
733-R02-FDT08-FAT61,37.14281204,42.73771245,Fiber Speed (Duhok)
733-R02-FDT08-FAT62,37.14298594,42.74081175,Fiber Speed (Duhok)
733-R02-FDT09-FAT01,37.14748619,42.74614007,Fiber Speed (Duhok)
733-R02-FDT09-FAT02,37.14716987,42.74494064,Fiber Speed (Duhok)
733-R02-FDT09-FAT03,37.14673926,42.74424746,Fiber Speed (Duhok)
733-R02-FDT09-FAT04,37.14717254,42.74580181,Fiber Speed (Duhok)
733-R02-FDT09-FAT05,37.14671832,42.74655997,Fiber Speed (Duhok)
733-R02-FDT09-FAT06,37.14622405,42.74728661,Fiber Speed (Duhok)
733-R02-FDT09-FAT07,37.14536587,42.74783495,Fiber Speed (Duhok)
733-R02-FDT09-FAT08,37.14493389,42.7480881,Fiber Speed (Duhok)
733-R02-FDT09-FAT09,37.14458497,42.74823153,Fiber Speed (Duhok)
733-R02-FDT09-FAT10,37.14373326,42.74783676,Fiber Speed (Duhok)
733-R02-FDT09-FAT11,37.14721358,42.74717462,Fiber Speed (Duhok)
733-R02-FDT09-FAT12,37.14572388,42.74653033,Fiber Speed (Duhok)
733-R02-FDT09-FAT13,37.14530835,42.74582019,Fiber Speed (Duhok)
733-R02-FDT09-FAT14,37.14479456,42.74470212,Fiber Speed (Duhok)
733-R02-FDT09-FAT15,37.14491039,42.74402323,Fiber Speed (Duhok)
733-R02-FDT09-FAT16,37.14533955,42.74474033,Fiber Speed (Duhok)
733-R02-FDT09-FAT17,37.14469864,42.74676229,Fiber Speed (Duhok)
733-R02-FDT09-FAT18,37.14481461,42.74551893,Fiber Speed (Duhok)
733-R02-FDT09-FAT19,37.14429003,42.7455438,Fiber Speed (Duhok)
733-R02-FDT09-FAT20,37.14370988,42.74549918,Fiber Speed (Duhok)
733-R02-FDT09-FAT21,37.14360112,42.74486445,Fiber Speed (Duhok)
733-R02-FDT09-FAT22,37.14803554,42.7452982,Fiber Speed (Duhok)
733-R02-FDT09-FAT23,37.14819991,42.74501313,Fiber Speed (Duhok)
733-R02-FDT09-FAT24,37.14764467,42.74401807,Fiber Speed (Duhok)
733-R02-FDT09-FAT25,37.14715071,42.74318541,Fiber Speed (Duhok)
733-R02-FDT09-FAT26,37.14853728,42.74696567,Fiber Speed (Duhok)
733-R02-FDT09-FAT27,37.14893638,42.7478814,Fiber Speed (Duhok)
733-R02-FDT09-FAT28,37.14959765,42.74728106,Fiber Speed (Duhok)
733-R02-FDT09-FAT29,37.14917661,42.74643901,Fiber Speed (Duhok)
733-R02-FDT09-FAT30,37.15034286,42.74777462,Fiber Speed (Duhok)
733-R02-FDT09-FAT31,37.15010685,42.74691544,Fiber Speed (Duhok)
733-R02-FDT09-FAT32,37.15013915,42.74857463,Fiber Speed (Duhok)
733-R02-FDT09-FAT33,37.15106187,42.7495804,Fiber Speed (Duhok)
733-R02-FDT09-FAT34,37.15038906,42.75032745,Fiber Speed (Duhok)
733-R02-FDT09-FAT35,37.15102228,42.75069522,Fiber Speed (Duhok)
733-R02-FDT09-FAT36,37.15133584,42.75001987,Fiber Speed (Duhok)
733-R02-FDT09-FAT37,37.14934553,42.74921442,Fiber Speed (Duhok)
733-R02-FDT09-FAT38,37.14910592,42.74936152,Fiber Speed (Duhok)
733-R02-FDT09-FAT39,37.14961749,42.74986155,Fiber Speed (Duhok)
733-R02-FDT09-FAT40,37.14982357,42.75027791,Fiber Speed (Duhok)
733-R02-FDT09-FAT41,37.14985803,42.75092382,Fiber Speed (Duhok)
733-R02-FDT09-FAT42,37.15030499,42.75206475,Fiber Speed (Duhok)
733-R02-FDT09-FAT43,37.15100759,42.75207606,Fiber Speed (Duhok)
733-R02-FDT09-FAT44,37.15174654,42.75330917,Fiber Speed (Duhok)
733-R02-FDT09-FAT45,37.15237262,42.75332792,Fiber Speed (Duhok)
733-R02-FDT09-FAT46,37.15202177,42.75238917,Fiber Speed (Duhok)
733-R02-FDT09-FAT47,37.14814773,42.74727226,Fiber Speed (Duhok)
733-R02-FDT09-FAT48,37.14315573,42.74333541,Fiber Speed (Duhok)
733-R02-FDT09-FAT49,37.14277951,42.74406661,Fiber Speed (Duhok)
733-R02-FDT09-FAT50,37.14171976,42.74611871,Fiber Speed (Duhok)
733-R02-FDT09-FAT51,37.14391148,42.74324555,Fiber Speed (Duhok)
733-R02-FDT09-FAT52,37.152639,42.753917,Fiber Speed (Duhok)
733-R02-FDT09-FAT53,37.14835827,42.74638658,Fiber Speed (Duhok)
733-R02-FDT09-FAT54,37.14583565,42.74577802,Fiber Speed (Duhok)
733-R02-FDT09-FAT55,37.15310302,42.75155321,Fiber Speed (Duhok)
733-R02-FDT09-FAT56,37.15269006,42.75016461,Fiber Speed (Duhok)
733-R02-FDT09-FAT57,37.14372552,42.6713551,Fiber Speed (Duhok)
733-R02-FDT09-FAT58,37.15061268,42.74853459,Fiber Speed (Duhok)
733-R02-FDT10-FAT01,37.14634907,42.75358713,Fiber Speed (Duhok)
733-R02-FDT10-FAT02,37.14694264,42.75520768,Fiber Speed (Duhok)
733-R02-FDT10-FAT03,37.14759729,42.7555079,Fiber Speed (Duhok)
733-R02-FDT10-FAT04,37.14728333,42.75622365,Fiber Speed (Duhok)
733-R02-FDT10-FAT05,37.14759601,42.75731085,Fiber Speed (Duhok)
733-R02-FDT10-FAT06,37.14619846,42.75487931,Fiber Speed (Duhok)
733-R02-FDT10-FAT07,37.14687278,42.75688809,Fiber Speed (Duhok)
733-R02-FDT10-FAT08,37.14510971,42.75574424,Fiber Speed (Duhok)
733-R02-FDT10-FAT09,37.1449231,42.7543827,Fiber Speed (Duhok)
733-R02-FDT10-FAT10,37.14469585,42.75306833,Fiber Speed (Duhok)
733-R02-FDT10-FAT11,37.1439934,42.75471346,Fiber Speed (Duhok)
733-R02-FDT10-FAT12,37.14434194,42.7538888,Fiber Speed (Duhok)
733-R02-FDT10-FAT13,37.14400382,42.75362978,Fiber Speed (Duhok)
733-R02-FDT10-FAT14,37.14335059,42.75276374,Fiber Speed (Duhok)
733-R02-FDT10-FAT15,37.14229566,42.75216145,Fiber Speed (Duhok)
733-R02-FDT10-FAT16,37.14580835,42.75217471,Fiber Speed (Duhok)
733-R02-FDT10-FAT17,37.14508868,42.75203321,Fiber Speed (Duhok)
733-R02-FDT10-FAT18,37.14441976,42.75117751,Fiber Speed (Duhok)
733-R02-FDT10-FAT19,37.14507405,42.75100281,Fiber Speed (Duhok)
733-R02-FDT10-FAT20,37.14612063,42.75113052,Fiber Speed (Duhok)
733-R02-FDT10-FAT21,37.14579132,42.75105896,Fiber Speed (Duhok)
733-R02-FDT10-FAT22,37.14631695,42.74970829,Fiber Speed (Duhok)
733-R02-FDT10-FAT23,37.14598182,42.74928134,Fiber Speed (Duhok)
733-R02-FDT10-FAT24,37.14576443,42.74925817,Fiber Speed (Duhok)
733-R02-FDT10-FAT25,37.1468133,42.74806581,Fiber Speed (Duhok)
733-R02-FDT10-FAT26,37.14705081,42.74765354,Fiber Speed (Duhok)
733-R02-FDT10-FAT27,37.14753971,42.74854272,Fiber Speed (Duhok)
733-R02-FDT10-FAT28,37.14803908,42.74790793,Fiber Speed (Duhok)
733-R02-FDT10-FAT29,37.14840462,42.74840673,Fiber Speed (Duhok)
733-R02-FDT10-FAT30,37.14708362,42.75104509,Fiber Speed (Duhok)
733-R02-FDT10-FAT31,37.14803403,42.75190449,Fiber Speed (Duhok)
733-R02-FDT10-FAT32,37.14722075,42.7520775,Fiber Speed (Duhok)
733-R02-FDT10-FAT33,37.14789535,42.75331594,Fiber Speed (Duhok)
733-R02-FDT10-FAT34,37.14815415,42.7505136,Fiber Speed (Duhok)
733-R02-FDT10-FAT35,37.14841825,42.74985819,Fiber Speed (Duhok)
733-R02-FDT10-FAT36,37.14454945,42.75041258,Fiber Speed (Duhok)
733-R02-FDT10-FAT37,37.14818001,42.75525357,Fiber Speed (Duhok)
733-R02-FDT10-FAT38,37.146861,42.753361,Fiber Speed (Duhok)
733-R02-FDT10-FAT39,37.14755721,42.75363897,Fiber Speed (Duhok)
733-R02-FDT10-FAT40,37.14310344,42.7520367,Fiber Speed (Duhok)
733-R02-FDT10-FAT41,37.14428763,42.75246919,Fiber Speed (Duhok)
733-R02-FDT10-FAT42,37.14329272,42.75401198,Fiber Speed (Duhok)
733-R02-FDT10-FAT43,37.14785938,42.7490815,Fiber Speed (Duhok)
733-R02-FDT10-FAT44,37.14846993,42.75275943,Fiber Speed (Duhok)
733-R02-FDT10-FAT45,37.1480721,42.75646164,Fiber Speed (Duhok)
733-R02-FDT10-FAT46,37.14607907,42.75646976,Fiber Speed (Duhok)
733-R02-FDT11-FAT01,37.13781855,42.72778885,Fiber Speed (Duhok)
733-R02-FDT11-FAT02,37.13781756,42.72781772,Fiber Speed (Duhok)
733-R02-FDT11-FAT03,37.13781294,42.72831671,Fiber Speed (Duhok)
733-R02-FDT11-FAT04,37.13781469,42.72829161,Fiber Speed (Duhok)
733-R02-FDT11-FAT05,37.13776686,42.72884294,Fiber Speed (Duhok)
733-R02-FDT11-FAT06,37.13776319,42.72886468,Fiber Speed (Duhok)
733-R02-FDT11-FAT07,37.13767378,42.72933999,Fiber Speed (Duhok)
733-R02-FDT11-FAT08,37.13766789,42.72936162,Fiber Speed (Duhok)
733-R02-FDT11-FAT09,37.13753944,42.7298041,Fiber Speed (Duhok)
733-R02-FDT11-FAT10,37.13753106,42.72982586,Fiber Speed (Duhok)
733-R02-FDT11-FAT11,37.13817414,42.7312697,Fiber Speed (Duhok)
733-R02-FDT11-FAT12,37.13794254,42.73408213,Fiber Speed (Duhok)
733-R02-FDT11-FAT13,37.13788363,42.734696,Fiber Speed (Duhok)
733-R02-FDT11-FAT14,37.13775728,42.73622686,Fiber Speed (Duhok)
733-R02-FDT11-FAT15,37.13667472,42.73545264,Fiber Speed (Duhok)
733-R02-FDT11-FAT16,37.13660198,42.7364653,Fiber Speed (Duhok)
733-R02-FDT11-FAT17,37.13667653,42.73633063,Fiber Speed (Duhok)
733-R02-FDT11-FAT18,37.13648857,42.73720809,Fiber Speed (Duhok)
733-R02-FDT11-FAT19,37.13555494,42.73677839,Fiber Speed (Duhok)
733-R02-FDT11-FAT20,37.13816909,42.72868327,Fiber Speed (Duhok)
733-R02-FDT11-FAT21,37.13817115,42.72871598,Fiber Speed (Duhok)
733-R02-FDT11-FAT22,37.13819732,42.72871341,Fiber Speed (Duhok)
733-R02-FDT11-FAT23,37.13819526,42.7286807,Fiber Speed (Duhok)
733-R02-FDT11-FAT24,37.13351167,42.73468598,Fiber Speed (Duhok)
733-R02-FDT11-FAT25,37.13387165,42.73407599,Fiber Speed (Duhok)
733-R02-FDT11-FAT26,37.13433053,42.73331047,Fiber Speed (Duhok)
733-R02-FDT11-FAT27,37.13241158,42.73360655,Fiber Speed (Duhok)
733-R02-FDT11-FAT28,37.1327848,42.73302775,Fiber Speed (Duhok)
733-R02-FDT11-FAT29,37.13323605,42.73228975,Fiber Speed (Duhok)
733-R02-FDT11-FAT30,37.13740916,42.73174961,Fiber Speed (Duhok)
733-R02-FDT11-FAT31,37.13709171,42.73199942,Fiber Speed (Duhok)
733-R02-FDT11-FAT32,37.1388602,42.7300893,Fiber Speed (Duhok)
733-R02-FDT11-FAT33,37.13886011,42.73005939,Fiber Speed (Duhok)
733-R02-FDT11-FAT34,37.13883836,42.73058176,Fiber Speed (Duhok)
733-R02-FDT11-FAT35,37.13884103,42.73055541,Fiber Speed (Duhok)
733-R02-FDT11-FAT36,37.13679619,42.73211921,Fiber Speed (Duhok)
733-R02-FDT11-FAT37,37.13651471,42.73201085,Fiber Speed (Duhok)
733-R02-FDT11-FAT38,37.13339386,42.73484089,Fiber Speed (Duhok)
733-R02-FDT11-FAT39,37.13621781,42.73142841,Fiber Speed (Duhok)
733-R02-FDT11-FAT40,37.13686661,42.72900438,Fiber Speed (Duhok)
733-R02-FDT11-FAT41,37.13593245,42.7312979,Fiber Speed (Duhok)
733-R02-FDT11-FAT42,37.13656081,42.72899245,Fiber Speed (Duhok)
733-R03-FDT01-FAT01,37.14658422,42.70272634,Delta (Zakho)
733-R03-FDT01-FAT02,37.14688518,42.70344824,Delta (Zakho)
733-R03-FDT01-FAT03,37.14677715,42.70435018,Delta (Zakho)
733-R03-FDT01-FAT04,37.14632136,42.70426741,Delta (Zakho)
733-R03-FDT01-FAT05,37.14742972,42.70345609,Delta (Zakho)
733-R03-FDT01-FAT06,37.14781883,42.70176548,Delta (Zakho)
733-R03-FDT01-FAT07,37.14773267,42.7015697,Delta (Zakho)
733-R03-FDT01-FAT08,37.14751206,42.70097717,Delta (Zakho)
733-R03-FDT01-FAT09,37.14773898,42.70456435,Delta (Zakho)
733-R03-FDT01-FAT10,37.14730221,42.70433547,Delta (Zakho)
733-R03-FDT01-FAT11,37.14794755,42.70297369,Delta (Zakho)
733-R03-FDT01-FAT12,37.14819006,42.70393805,Delta (Zakho)
733-R03-FDT01-FAT13,37.14608278,42.70310174,Delta (Zakho)
733-R03-FDT01-FAT14,37.14569881,42.70421606,Delta (Zakho)
733-R03-FDT01-FAT15,37.14523641,42.70398646,Delta (Zakho)
733-R03-FDT01-FAT16,37.14432781,42.70348277,Delta (Zakho)
733-R03-FDT01-FAT17,37.14552525,42.70350769,Delta (Zakho)
733-R03-FDT01-FAT18,37.14465593,42.70305861,Delta (Zakho)
733-R03-FDT01-FAT19,37.14598912,42.70378452,Delta (Zakho)
733-R03-FDT01-FAT20,37.14442295,42.70434154,Delta (Zakho)
733-R03-FDT01-FAT21,37.14378958,42.70380901,Delta (Zakho)
733-R03-FDT01-FAT22,37.14533319,42.702846,Delta (Zakho)
733-R03-FDT01-FAT23,37.14486991,42.70256676,Delta (Zakho)
733-R03-FDT01-FAT24,37.14594229,42.70262505,Delta (Zakho)
733-R03-FDT01-FAT25,37.14522838,42.70232411,Delta (Zakho)
733-R03-FDT01-FAT26,37.14649794,42.70193279,Delta (Zakho)
733-R03-FDT01-FAT27,37.14630663,42.70143362,Delta (Zakho)
733-R03-FDT01-FAT28,37.14647595,42.70033753,Delta (Zakho)
733-R03-FDT01-FAT29,37.1472827,42.70028723,Delta (Zakho)
733-R03-FDT02-FAT01,37.14681789,42.70867721,Delta (Zakho)
733-R03-FDT02-FAT02,37.1470952,42.70739561,Delta (Zakho)
733-R03-FDT02-FAT03,37.14751584,42.70675263,Delta (Zakho)
733-R03-FDT02-FAT04,37.14729006,42.70627899,Delta (Zakho)
733-R03-FDT02-FAT05,37.1470947,42.70580322,Delta (Zakho)
733-R03-FDT02-FAT06,37.14763336,42.70582342,Delta (Zakho)
733-R03-FDT02-FAT07,37.14813809,42.70743433,Delta (Zakho)
733-R03-FDT02-FAT08,37.148657,42.70739134,Delta (Zakho)
733-R03-FDT02-FAT09,37.14803851,42.70850126,Delta (Zakho)
733-R03-FDT02-FAT10,37.14870698,42.70848215,Delta (Zakho)
733-R03-FDT02-FAT11,37.14902832,42.70839915,Delta (Zakho)
733-R03-FDT02-FAT12,37.14675989,42.70778981,Delta (Zakho)
733-R03-FDT02-FAT13,37.14765701,42.70743719,Delta (Zakho)
733-R03-FDT02-FAT14,37.14812996,42.70669815,Delta (Zakho)
733-R03-FDT02-FAT15,37.14871238,42.7060442,Delta (Zakho)
733-R03-FDT02-FAT16,37.1496947,42.70693989,Delta (Zakho)
733-R03-FDT02-FAT17,37.14935158,42.70748751,Delta (Zakho)
733-R03-FDT02-FAT18,37.14967728,42.70805786,Delta (Zakho)
733-R03-FDT02-FAT19,37.15006017,42.70858391,Delta (Zakho)
733-R03-FDT02-FAT20,37.14836209,42.70567484,Delta (Zakho)
733-R03-FDT02-FAT21,37.14831619,42.70422626,Delta (Zakho)
733-R03-FDT02-FAT22,37.14857734,42.70502401,Delta (Zakho)
733-R03-FDT02-FAT23,37.14874762,42.70382609,Delta (Zakho)
733-R03-FDT02-FAT24,37.1492748,42.70518534,Delta (Zakho)
733-R03-FDT02-FAT25,37.14956373,42.70574117,Delta (Zakho)
733-R03-FDT02-FAT26,37.15046268,42.70593212,Delta (Zakho)
733-R03-FDT02-FAT27,37.15016617,42.70646929,Delta (Zakho)
733-R03-FDT02-FAT28,37.15021785,42.70717034,Delta (Zakho)
733-R03-FDT02-FAT29,37.1504424,42.70771411,Delta (Zakho)
733-R03-FDT02-FAT30,37.15100218,42.70818366,Delta (Zakho)
733-R03-FDT02-FAT31,37.14533844,42.70898907,Delta (Zakho)
733-R03-FDT02-FAT32,37.14558584,42.71004888,Delta (Zakho)
733-R03-FDT02-FAT33,37.14522639,42.70997367,Delta (Zakho)
733-R03-FDT02-FAT34,37.146628,42.7104341,Delta (Zakho)
733-R03-FDT02-FAT35,37.14664061,42.70972791,Delta (Zakho)
733-R03-FDT02-FAT36,37.14712883,42.70903379,Delta (Zakho)
733-R03-FDT02-FAT37,37.14520893,42.70898144,Delta (Zakho)
733-R03-FDT02-FAT38,37.14517623,42.70926593,Delta (Zakho)
733-R03-FDT02-FAT39,37.14484611,42.70874066,Delta (Zakho)
733-R03-FDT02-FAT40,37.14406668,42.70929473,Delta (Zakho)
733-R03-FDT02-FAT41,37.14313181,42.70944562,Delta (Zakho)
733-R03-FDT02-FAT42,37.14407355,42.70801937,Delta (Zakho)
733-R03-FDT02-FAT43,37.14471526,42.70532241,Delta (Zakho)
733-R03-FDT02-FAT44,37.14589981,42.70729081,Delta (Zakho)
733-R03-FDT02-FAT45,37.14536518,42.70769786,Delta (Zakho)
733-R03-FDT02-FAT46,37.14584294,42.7049989,Delta (Zakho)
733-R03-FDT02-FAT47,37.14600365,42.70578505,Delta (Zakho)
733-R03-FDT02-FAT48,37.14678696,42.705645,Delta (Zakho)
733-R03-FDT02-FAT49,37.14477811,42.70757912,Delta (Zakho)
733-R03-FDT03-FAT01,37.14405052,42.71010561,Delta (Zakho)
733-R03-FDT03-FAT02,37.14305043,42.71149037,Delta (Zakho)
733-R03-FDT03-FAT03,37.14343241,42.71045592,Delta (Zakho)
733-R03-FDT03-FAT04,37.14205241,42.71030725,Delta (Zakho)
733-R03-FDT03-FAT05,37.14134764,42.71146638,Delta (Zakho)
733-R03-FDT03-FAT06,37.14084513,42.71182396,Delta (Zakho)
733-R03-FDT03-FAT07,37.14111644,42.70957382,Delta (Zakho)
733-R03-FDT03-FAT08,37.14285056,42.7098715,Delta (Zakho)
733-R03-FDT03-FAT09,37.14191444,42.71073907,Delta (Zakho)
733-R03-FDT03-FAT10,37.14166389,42.71208772,Delta (Zakho)
733-R03-FDT03-FAT11,37.14149469,42.71319777,Delta (Zakho)
733-R03-FDT03-FAT12,37.14142621,42.7137644,Delta (Zakho)
733-R03-FDT03-FAT13,37.14092665,42.71429125,Delta (Zakho)
733-R03-FDT03-FAT14,37.14084581,42.71484988,Delta (Zakho)
733-R03-FDT03-FAT15,37.14467631,42.71096418,Delta (Zakho)
733-R03-FDT03-FAT16,37.1442025,42.71356372,Delta (Zakho)
733-R03-FDT03-FAT17,37.14433562,42.71450779,Delta (Zakho)
733-R03-FDT03-FAT18,37.14447387,42.71530393,Delta (Zakho)
733-R03-FDT03-FAT19,37.144411,42.71154747,Delta (Zakho)
733-R03-FDT03-FAT20,37.14310687,42.71223449,Delta (Zakho)
733-R03-FDT03-FAT21,37.14289789,42.71274705,Delta (Zakho)
733-R03-FDT03-FAT22,37.14183657,42.71439482,Delta (Zakho)
733-R03-FDT03-FAT23,37.1421407,42.71443865,Delta (Zakho)
733-R03-FDT03-FAT24,37.14315549,42.71349024,Delta (Zakho)
733-R03-FDT03-FAT25,37.14263676,42.7141586,Delta (Zakho)
733-R03-FDT03-FAT26,37.14257229,42.71474449,Delta (Zakho)
733-R03-FDT03-FAT27,37.14445151,42.71049161,Delta (Zakho)
733-R03-FDT03-FAT28,37.14423637,42.71097173,Delta (Zakho)
733-R03-FDT03-FAT29,37.14057606,42.71357637,Delta (Zakho)
733-R03-FDT03-FAT30,37.14373188,42.711816,Delta (Zakho)
733-R03-FDT03-FAT31,37.14034269,42.71207397,Delta (Zakho)
733-R03-FDT03-FAT32,37.14124644,42.70975996,Delta (Zakho)
733-R03-FDT04-FAT01,37.14919159,42.70985572,Delta (Zakho)
733-R03-FDT04-FAT02,37.14845748,42.7109891,Delta (Zakho)
733-R03-FDT04-FAT03,37.1480566,42.71118768,Delta (Zakho)
733-R03-FDT04-FAT04,37.14793532,42.71069157,Delta (Zakho)
733-R03-FDT04-FAT05,37.1465757,42.71063215,Delta (Zakho)
733-R03-FDT04-FAT06,37.1462136,42.71055162,Delta (Zakho)
733-R03-FDT04-FAT07,37.14847381,42.71032762,Delta (Zakho)
733-R03-FDT04-FAT08,37.14761537,42.7110863,Delta (Zakho)
733-R03-FDT04-FAT09,37.14721623,42.71066046,Delta (Zakho)
733-R03-FDT04-FAT10,37.14702245,42.71071792,Delta (Zakho)
733-R03-FDT04-FAT11,37.14625982,42.7128987,Delta (Zakho)
733-R03-FDT04-FAT12,37.14769052,42.71249309,Delta (Zakho)
733-R03-FDT04-FAT13,37.14709405,42.71269547,Delta (Zakho)
733-R03-FDT04-FAT14,37.1471394,42.71326907,Delta (Zakho)
733-R03-FDT04-FAT15,37.14824208,42.71354818,Delta (Zakho)
733-R03-FDT04-FAT16,37.14748302,42.71427463,Delta (Zakho)
733-R03-FDT04-FAT17,37.14732776,42.71493123,Delta (Zakho)
733-R03-FDT04-FAT18,37.14784303,42.71491933,Delta (Zakho)
733-R03-FDT04-FAT19,37.14740852,42.7154183,Delta (Zakho)
733-R03-FDT04-FAT20,37.1504517,42.71125597,Delta (Zakho)
733-R03-FDT04-FAT21,37.15022247,42.71004246,Delta (Zakho)
733-R03-FDT04-FAT22,37.15094238,42.70978636,Delta (Zakho)
733-R03-FDT04-FAT23,37.15127599,42.71012581,Delta (Zakho)
733-R03-FDT04-FAT24,37.15142148,42.70917594,Delta (Zakho)
733-R03-FDT04-FAT25,37.15022115,42.7088047,Delta (Zakho)
733-R03-FDT04-FAT26,37.15131814,42.70779644,Delta (Zakho)
733-R03-FDT04-FAT27,37.15133274,42.71166043,Delta (Zakho)
733-R03-FDT04-FAT28,37.15085591,42.71177716,Delta (Zakho)
733-R03-FDT04-FAT29,37.15078912,42.71262356,Delta (Zakho)
733-R03-FDT04-FAT30,37.15163316,42.71303216,Delta (Zakho)
733-R03-FDT04-FAT31,37.15173453,42.71247147,Delta (Zakho)
733-R03-FDT04-FAT32,37.14989122,42.7127772,Delta (Zakho)
733-R03-FDT04-FAT33,37.14946618,42.71418518,Delta (Zakho)
733-R03-FDT04-FAT34,37.15002103,42.71401941,Delta (Zakho)
733-R03-FDT04-FAT35,37.15038698,42.71302355,Delta (Zakho)
733-R03-FDT04-FAT36,37.15113477,42.71341348,Delta (Zakho)
733-R03-FDT04-FAT37,37.15054608,42.71394681,Delta (Zakho)
733-R03-FDT04-FAT38,37.14968883,42.71224563,Delta (Zakho)
733-R03-FDT04-FAT39,37.14910449,42.71384166,Delta (Zakho)
733-R03-FDT04-FAT40,37.14582833,42.71464996,Delta (Zakho)
733-R03-FDT04-FAT41,37.14540021,42.71195408,Delta (Zakho)
733-R03-FDT04-FAT42,37.14548928,42.71440702,Delta (Zakho)
733-R03-FDT05-FAT01,37.15286317,42.70630663,Delta (Zakho)
733-R03-FDT05-FAT02,37.15176059,42.70576375,Delta (Zakho)
733-R03-FDT05-FAT03,37.1512884,42.70539754,Delta (Zakho)
733-R03-FDT05-FAT04,37.15192974,42.7064218,Delta (Zakho)
733-R03-FDT05-FAT05,37.15212991,42.70500749,Delta (Zakho)
733-R03-FDT05-FAT06,37.15138233,42.70460697,Delta (Zakho)
733-R03-FDT05-FAT07,37.15077692,42.70506972,Delta (Zakho)
733-R03-FDT05-FAT08,37.15158281,42.70394272,Delta (Zakho)
733-R03-FDT05-FAT09,37.15052097,42.70370842,Delta (Zakho)
733-R03-FDT05-FAT10,37.15030034,42.70387614,Delta (Zakho)
733-R03-FDT05-FAT11,37.14974123,42.70446908,Delta (Zakho)
733-R03-FDT05-FAT12,37.14965466,42.70370216,Delta (Zakho)
733-R03-FDT05-FAT13,37.15055748,42.70302431,Delta (Zakho)
733-R03-FDT05-FAT14,37.15011208,42.70309002,Delta (Zakho)
733-R03-FDT05-FAT15,37.15086752,42.70423063,Delta (Zakho)
733-R03-FDT05-FAT16,37.15034819,42.70464662,Delta (Zakho)
733-R03-FDT05-FAT17,37.14966303,42.70185626,Delta (Zakho)
733-R03-FDT05-FAT18,37.14930319,42.70239946,Delta (Zakho)
733-R03-FDT05-FAT19,37.14878013,42.70251239,Delta (Zakho)
733-R03-FDT05-FAT20,37.14893973,42.70258005,Delta (Zakho)
733-R03-FDT05-FAT21,37.1484697,42.70182161,Delta (Zakho)
733-R03-FDT05-FAT22,37.14836253,42.70153907,Delta (Zakho)
733-R03-FDT05-FAT23,37.14860604,42.70062521,Delta (Zakho)
733-R03-FDT05-FAT24,37.14985599,42.70104581,Delta (Zakho)
733-R03-FDT05-FAT25,37.14961833,42.70055888,Delta (Zakho)
733-R03-FDT05-FAT26,37.14937931,42.70008026,Delta (Zakho)
733-R03-FDT05-FAT27,37.14874733,42.69979751,Delta (Zakho)
733-R03-FDT05-FAT28,37.14845157,42.69963478,Delta (Zakho)
733-R03-FDT05-FAT29,37.14792199,42.69950273,Delta (Zakho)
733-R03-FDT05-FAT30,37.15362418,42.70730127,Delta (Zakho)
733-R03-FDT05-FAT31,37.15368342,42.70738357,Delta (Zakho)
733-R03-FDT05-FAT32,37.15420999,42.70803616,Delta (Zakho)
733-R03-FDT05-FAT33,37.15457325,42.70848353,Delta (Zakho)
733-R03-FDT05-FAT34,37.15440289,42.70913199,Delta (Zakho)
733-R03-FDT05-FAT35,37.15405524,42.70914997,Delta (Zakho)
733-R03-FDT05-FAT36,37.15505194,42.70905398,Delta (Zakho)
733-R03-FDT05-FAT37,37.15580041,42.70998881,Delta (Zakho)
733-R03-FDT05-FAT38,37.156633,42.71099639,Delta (Zakho)
733-R03-FDT05-FAT39,37.15740019,42.7119266,Delta (Zakho)
733-R03-FDT05-FAT40,37.15774471,42.71236108,Delta (Zakho)
733-R03-FDT05-FAT41,37.15773688,42.71336235,Delta (Zakho)
733-R03-FDT05-FAT42,37.15228842,42.70686289,Delta (Zakho)
733-R03-FDT05-FAT43,37.15270752,42.70751744,Delta (Zakho)
733-R03-FDT05-FAT44,37.15293476,42.7072111,Delta (Zakho)
733-R03-FDT05-FAT45,37.1529401,42.70806387,Delta (Zakho)
733-R03-FDT05-FAT46,37.15364939,42.70816562,Delta (Zakho)
733-R03-FDT06-FAT01,37.15178113,42.70083104,Delta (Zakho)
733-R03-FDT06-FAT02,37.15223832,42.70046591,Delta (Zakho)
733-R03-FDT06-FAT03,37.15268719,42.70011264,Delta (Zakho)
733-R03-FDT06-FAT04,37.15266237,42.69980109,Delta (Zakho)
733-R03-FDT06-FAT05,37.15293599,42.69870662,Delta (Zakho)
733-R03-FDT06-FAT06,37.15397225,42.70024163,Delta (Zakho)
733-R03-FDT06-FAT07,37.15467193,42.70074796,Delta (Zakho)
733-R03-FDT06-FAT08,37.15503416,42.70333763,Delta (Zakho)
733-R03-FDT06-FAT09,37.15480524,42.70286211,Delta (Zakho)
733-R03-FDT06-FAT10,37.1547309,42.69967152,Delta (Zakho)
733-R03-FDT06-FAT11,37.15519528,42.70023226,Delta (Zakho)
733-R03-FDT06-FAT12,37.15561424,42.70071167,Delta (Zakho)
733-R03-FDT06-FAT13,37.15428469,42.69930821,Delta (Zakho)
733-R03-FDT06-FAT14,37.15436606,42.69867856,Delta (Zakho)
733-R03-FDT06-FAT15,37.15415034,42.6982928,Delta (Zakho)
733-R03-FDT06-FAT16,37.15435696,42.69783651,Delta (Zakho)
733-R03-FDT06-FAT17,37.15498901,42.69869827,Delta (Zakho)
733-R03-FDT06-FAT18,37.15582406,42.69799835,Delta (Zakho)
733-R03-FDT06-FAT19,37.15666899,42.69956115,Delta (Zakho)
733-R03-FDT06-FAT20,37.15752899,42.69917207,Delta (Zakho)
733-R03-FDT06-FAT21,37.15819617,42.69892855,Delta (Zakho)
733-R03-FDT06-FAT22,37.15775991,42.69808785,Delta (Zakho)
733-R03-FDT06-FAT23,37.15536925,42.69749995,Delta (Zakho)
733-R03-FDT06-FAT24,37.15528281,42.69699151,Delta (Zakho)
733-R03-FDT06-FAT25,37.1560963,42.69715469,Delta (Zakho)
733-R03-FDT06-FAT26,37.15546831,42.696358,Delta (Zakho)
733-R03-FDT06-FAT27,37.1560205,42.69644547,Delta (Zakho)
733-R03-FDT06-FAT28,37.15682583,42.69543762,Delta (Zakho)
733-R03-FDT06-FAT29,37.15634684,42.69508584,Delta (Zakho)
733-R03-FDT06-FAT30,37.15657956,42.6937378,Delta (Zakho)
733-R03-FDT06-FAT31,37.15590593,42.69482434,Delta (Zakho)
733-R03-FDT06-FAT32,37.15635396,42.69539048,Delta (Zakho)
733-R03-FDT06-FAT33,37.15680356,42.69472772,Delta (Zakho)
733-R03-FDT06-FAT34,37.15085622,42.6993768,Delta (Zakho)
733-R03-FDT06-FAT35,37.15148309,42.69890943,Delta (Zakho)
733-R03-FDT06-FAT36,37.1513557,42.69861568,Delta (Zakho)
733-R03-FDT06-FAT37,37.15127609,42.69818007,Delta (Zakho)
733-R03-FDT06-FAT38,37.15113483,42.6976936,Delta (Zakho)
733-R03-FDT06-FAT39,37.1511315,42.69975755,Delta (Zakho)
733-R03-FDT06-FAT40,37.15121322,42.70028073,Delta (Zakho)
733-R03-FDT06-FAT41,37.15020022,42.6982161,Delta (Zakho)
733-R03-FDT06-FAT42,37.15073963,42.69797323,Delta (Zakho)
733-R03-FDT06-FAT43,37.14909257,42.69755242,Delta (Zakho)
733-R03-FDT06-FAT44,37.14978006,42.69841006,Delta (Zakho)
733-R03-FDT06-FAT45,37.14955903,42.69775938,Delta (Zakho)
733-R03-FDT06-FAT46,37.14982733,42.69713143,Delta (Zakho)
733-R03-FDT06-FAT47,37.15149686,42.69718244,Delta (Zakho)
733-R03-FDT06-FAT48,37.15195428,42.69718649,Delta (Zakho)
733-R03-FDT06-FAT49,37.15766032,42.69341486,Delta (Zakho)
733-R03-FDT06-FAT50,37.15885236,42.69443967,Delta (Zakho)
733-R03-FDT06-FAT51,37.15728088,42.69309606,Delta (Zakho)
733-R03-FDT07-FAT01,37.14380931,42.71676711,Fiber Speed (Duhok)
733-R03-FDT07-FAT02,37.14423118,42.71698586,Fiber Speed (Duhok)
733-R03-FDT07-FAT03,37.143666,42.71718585,Fiber Speed (Duhok)
733-R03-FDT07-FAT04,37.14412794,42.71805701,Fiber Speed (Duhok)
733-R03-FDT07-FAT05,37.1432264,42.71824218,Fiber Speed (Duhok)
733-R03-FDT07-FAT06,37.14451935,42.72001125,Fiber Speed (Duhok)
733-R03-FDT07-FAT07,37.14520476,42.71968452,Fiber Speed (Duhok)
733-R03-FDT07-FAT08,37.14538296,42.71873504,Fiber Speed (Duhok)
733-R03-FDT07-FAT09,37.14587384,42.7182651,Fiber Speed (Duhok)
733-R03-FDT07-FAT10,37.1465159,42.71685684,Fiber Speed (Duhok)
733-R03-FDT07-FAT11,37.14562197,42.72067765,Fiber Speed (Duhok)
733-R03-FDT07-FAT12,37.14593158,42.72131329,Fiber Speed (Duhok)
733-R03-FDT07-FAT13,37.14662833,42.72079555,Fiber Speed (Duhok)
733-R03-FDT07-FAT14,37.14883913,42.71868435,Fiber Speed (Duhok)
733-R03-FDT07-FAT15,37.14734977,42.72050743,Fiber Speed (Duhok)
733-R03-FDT07-FAT16,37.14710164,42.71965842,Fiber Speed (Duhok)
733-R03-FDT07-FAT17,37.14693516,42.71901646,Fiber Speed (Duhok)
733-R03-FDT07-FAT18,37.14773626,42.71838846,Fiber Speed (Duhok)
733-R03-FDT07-FAT19,37.14837319,42.71710541,Fiber Speed (Duhok)
733-R03-FDT07-FAT20,37.14053393,42.71564427,Fiber Speed (Duhok)
733-R03-FDT07-FAT21,37.14087278,42.71745571,Fiber Speed (Duhok)
733-R03-FDT07-FAT22,37.1403616,42.71787371,Fiber Speed (Duhok)
733-R03-FDT07-FAT23,37.1401878,42.71941541,Fiber Speed (Duhok)
733-R03-FDT07-FAT24,37.13959503,42.71989855,Fiber Speed (Duhok)
733-R03-FDT07-FAT25,37.1406301,42.71680577,Fiber Speed (Duhok)
733-R03-FDT07-FAT26,37.13987406,42.71742104,Fiber Speed (Duhok)
733-R03-FDT07-FAT27,37.14024527,42.71657024,Fiber Speed (Duhok)
733-R03-FDT07-FAT28,37.1415227,42.71749236,Fiber Speed (Duhok)
733-R03-FDT07-FAT29,37.14072717,42.71813618,Fiber Speed (Duhok)
733-R03-FDT07-FAT30,37.140482,42.71849064,Fiber Speed (Duhok)
733-R03-FDT07-FAT31,37.14139162,42.7183135,Fiber Speed (Duhok)
733-R03-FDT07-FAT32,37.14209148,42.71966849,Fiber Speed (Duhok)
733-R03-FDT07-FAT33,37.14262275,42.71978194,Fiber Speed (Duhok)
733-R03-FDT07-FAT34,37.1419436,42.72033495,Fiber Speed (Duhok)
733-R03-FDT07-FAT35,37.14150258,42.72068537,Fiber Speed (Duhok)
733-R03-FDT07-FAT36,37.14976229,42.71769431,Fiber Speed (Duhok)
733-R03-FDT07-FAT37,37.14820761,42.71991642,Fiber Speed (Duhok)
733-R03-FDT07-FAT38,37.14802498,42.718948,Fiber Speed (Duhok)
733-R03-FDT07-FAT39,37.14602668,42.71886216,Fiber Speed (Duhok)
733-R03-FDT07-FAT40,37.14443628,42.71750457,Fiber Speed (Duhok)
733-R03-FDT07-FAT41,37.14584796,42.71694715,Fiber Speed (Duhok)
733-R03-FDT07-FAT42,37.14468584,42.72103072,Fiber Speed (Duhok)
733-R03-FDT07-FAT43,37.14918958,42.71904394,Fiber Speed (Duhok)
733-R03-FDT08-FAT01,37.15422395,42.71750087,Fiber Speed (Duhok)
733-R03-FDT08-FAT02,37.15432873,42.71692936,Fiber Speed (Duhok)
733-R03-FDT08-FAT03,37.15337653,42.7173567,Fiber Speed (Duhok)
733-R03-FDT08-FAT04,37.15366476,42.71627449,Fiber Speed (Duhok)
733-R03-FDT08-FAT05,37.15441026,42.7147976,Fiber Speed (Duhok)
733-R03-FDT08-FAT06,37.1547692,42.71408195,Fiber Speed (Duhok)
733-R03-FDT08-FAT07,37.15447794,42.71381183,Fiber Speed (Duhok)
733-R03-FDT08-FAT08,37.1550768,42.71318077,Fiber Speed (Duhok)
733-R03-FDT08-FAT09,37.15562929,42.71261855,Fiber Speed (Duhok)
733-R03-FDT08-FAT10,37.15341498,42.71570369,Fiber Speed (Duhok)
733-R03-FDT08-FAT11,37.15299699,42.71535722,Fiber Speed (Duhok)
733-R03-FDT08-FAT12,37.15329953,42.71395738,Fiber Speed (Duhok)
733-R03-FDT08-FAT13,37.15382697,42.71288769,Fiber Speed (Duhok)
733-R03-FDT08-FAT14,37.15375507,42.71178548,Fiber Speed (Duhok)
733-R03-FDT08-FAT15,37.15399422,42.71130934,Fiber Speed (Duhok)
733-R03-FDT08-FAT16,37.15458786,42.71220378,Fiber Speed (Duhok)
733-R03-FDT08-FAT17,37.15330858,42.71156408,Fiber Speed (Duhok)
733-R03-FDT08-FAT18,37.15369298,42.71080158,Fiber Speed (Duhok)
733-R03-FDT08-FAT19,37.1530325,42.71080869,Fiber Speed (Duhok)
733-R03-FDT08-FAT20,37.15255685,42.72008853,Fiber Speed (Duhok)
733-R03-FDT08-FAT21,37.15278798,42.72110586,Fiber Speed (Duhok)
733-R03-FDT08-FAT22,37.15210997,42.72087398,Fiber Speed (Duhok)
733-R03-FDT08-FAT23,37.15155907,42.7206059,Fiber Speed (Duhok)
733-R03-FDT08-FAT24,37.15171197,42.72107384,Fiber Speed (Duhok)
733-R03-FDT08-FAT25,37.1520994,42.72156706,Fiber Speed (Duhok)
733-R03-FDT08-FAT26,37.15151429,42.72167734,Fiber Speed (Duhok)
733-R03-FDT08-FAT27,37.15142753,42.72196603,Fiber Speed (Duhok)
733-R03-FDT08-FAT28,37.15236902,42.71912712,Fiber Speed (Duhok)
733-R03-FDT08-FAT29,37.15136838,42.72111999,Fiber Speed (Duhok)
733-R03-FDT08-FAT30,37.15384653,42.71810794,Fiber Speed (Duhok)
733-R03-FDT08-FAT31,37.15438003,42.71201458,Fiber Speed (Duhok)
733-R03-FDT08-FAT32,37.15451439,42.71586105,Fiber Speed (Duhok)
733-R03-FDT08-FAT33,37.15459575,42.71772597,Fiber Speed (Duhok)
733-R03-FDT08-FAT34,37.15379906,42.71930713,Fiber Speed (Duhok)
733-R03-FDT08-FAT35,37.15297723,42.72165371,Fiber Speed (Duhok)
733-R03-FDT08-FAT36,37.152628,42.72175876,Fiber Speed (Duhok)
733-R03-FDT08-FAT37,37.15242806,42.71198406,Fiber Speed (Duhok)
733-R03-FDT08-FAT38,37.15382565,42.7157752,Fiber Speed (Duhok)
733-R03-FDT08-FAT39,37.15309243,42.71289335,Fiber Speed (Duhok)
733-R03-FDT08-FAT40,37.15331527,42.72211778,Fiber Speed (Duhok)
733-R03-FDT08-FAT41,37.15334152,42.7179925,Fiber Speed (Duhok)
733-R03-FDT09-FAT01,37.1555927,42.71812722,Fiber Speed (Duhok)
733-R03-FDT09-FAT02,37.15652199,42.71776446,Fiber Speed (Duhok)
733-R03-FDT09-FAT03,37.15705382,42.71758078,Fiber Speed (Duhok)
733-R03-FDT09-FAT04,37.1575318,42.71662682,Fiber Speed (Duhok)
733-R03-FDT09-FAT05,37.15781771,42.71605619,Fiber Speed (Duhok)
733-R03-FDT09-FAT06,37.15762524,42.71559187,Fiber Speed (Duhok)
733-R03-FDT09-FAT07,37.15790427,42.71721505,Fiber Speed (Duhok)
733-R03-FDT09-FAT08,37.15692698,42.71812486,Fiber Speed (Duhok)
733-R03-FDT09-FAT09,37.15750546,42.71926564,Fiber Speed (Duhok)
733-R03-FDT09-FAT10,37.15770474,42.72081075,Fiber Speed (Duhok)
733-R03-FDT09-FAT11,37.15746612,42.72128089,Fiber Speed (Duhok)
733-R03-FDT09-FAT12,37.15726764,42.72079327,Fiber Speed (Duhok)
733-R03-FDT09-FAT13,37.15818171,42.71877699,Fiber Speed (Duhok)
733-R03-FDT09-FAT14,37.1586964,42.71883794,Fiber Speed (Duhok)
733-R03-FDT09-FAT15,37.15881038,42.71971949,Fiber Speed (Duhok)
733-R03-FDT09-FAT16,37.15632938,42.71901964,Fiber Speed (Duhok)
733-R03-FDT09-FAT17,37.15508218,42.72149658,Fiber Speed (Duhok)
733-R03-FDT09-FAT18,37.15647312,42.7198322,Fiber Speed (Duhok)
733-R03-FDT09-FAT19,37.15595003,42.72021655,Fiber Speed (Duhok)
733-R03-FDT09-FAT20,37.15592678,42.72114904,Fiber Speed (Duhok)
733-R03-FDT09-FAT21,37.15583877,42.72220133,Fiber Speed (Duhok)
733-R03-FDT09-FAT22,37.15660378,42.72194924,Fiber Speed (Duhok)
733-R03-FDT09-FAT23,37.15682167,42.72365081,Fiber Speed (Duhok)
733-R03-FDT09-FAT24,37.15728886,42.72301989,Fiber Speed (Duhok)
733-R03-FDT09-FAT25,37.1560987,42.72404444,Fiber Speed (Duhok)
733-R03-FDT09-FAT26,37.1556777,42.71921234,Fiber Speed (Duhok)
733-R03-FDT09-FAT27,37.15501266,42.71866967,Fiber Speed (Duhok)
733-R03-FDT09-FAT28,37.15531997,42.71753704,Fiber Speed (Duhok)
733-R03-FDT09-FAT29,37.15431847,42.71951606,Fiber Speed (Duhok)
733-R03-FDT09-FAT30,37.15419725,42.71866326,Fiber Speed (Duhok)
733-R03-FDT09-FAT31,37.15460521,42.72009218,Fiber Speed (Duhok)
733-R03-FDT09-FAT32,37.15395336,42.72179218,Fiber Speed (Duhok)
733-R03-FDT09-FAT33,37.15427837,42.72224847,Fiber Speed (Duhok)
733-R03-FDT09-FAT34,37.15606329,42.71607065,Fiber Speed (Duhok)
733-R03-FDT09-FAT35,37.15569693,42.71572013,Fiber Speed (Duhok)
733-R03-FDT09-FAT36,37.15647193,42.71637274,Fiber Speed (Duhok)
733-R03-FDT09-FAT37,37.15692913,42.71546039,Fiber Speed (Duhok)
733-R03-FDT09-FAT38,37.15629142,42.71454028,Fiber Speed (Duhok)
733-R03-FDT09-FAT39,37.15585889,42.71452768,Fiber Speed (Duhok)
733-R03-FDT09-FAT40,37.1534816,42.72013243,Fiber Speed (Duhok)
733-R03-FDT09-FAT41,37.155367,42.71620139,Fiber Speed (Duhok)
733-R03-FDT09-FAT42,37.15994646,42.72058042,Fiber Speed (Duhok)
733-R03-FDT09-FAT43,37.15621526,42.72496458,Fiber Speed (Duhok)
733-R03-FDT09-FAT44,37.15588937,42.72342758,Fiber Speed (Duhok)
733-R03-FDT09-FAT45,37.15515978,42.72009588,Fiber Speed (Duhok)
733-R03-FDT09-FAT46,37.15643548,42.72324093,Fiber Speed (Duhok)
733-R03-FDT09-FAT47,37.15390141,42.72020977,Fiber Speed (Duhok)
733-R03-FDT09-FAT48,37.15782234,42.71805707,Fiber Speed (Duhok)
733-R03-FDT09-FAT49,37.15831559,42.72058515,Fiber Speed (Duhok)
733-R03-FDT09-FAT50,37.15808582,42.71664116,Fiber Speed (Duhok)
733-R03-FDT09-FAT51,37.1585146,42.71801186,Fiber Speed (Duhok)
733-R03-FDT09-FAT52,37.15557345,42.72404244,Fiber Speed (Duhok)
733-R03-FDT09-FAT53,37.15502556,42.71798775,Fiber Speed (Duhok)
733-R03-FDT09-FAT54,37.15691979,42.71674239,Fiber Speed (Duhok)
733-R03-FDT10-FAT01,37.15862698,42.71336625,Fiber Speed (Duhok)
733-R03-FDT10-FAT02,37.15941877,42.71486334,Fiber Speed (Duhok)
733-R03-FDT10-FAT03,37.16008339,42.71651173,Fiber Speed (Duhok)
733-R03-FDT10-FAT04,37.16052034,42.71842739,Fiber Speed (Duhok)
733-R03-FDT10-FAT05,37.16010581,42.71864377,Fiber Speed (Duhok)
733-R03-FDT10-FAT06,37.16078837,42.71817239,Fiber Speed (Duhok)
733-R03-FDT10-FAT07,37.16216678,42.7215808,Fiber Speed (Duhok)
733-R03-FDT10-FAT08,37.16208559,42.72220262,Fiber Speed (Duhok)
733-R03-FDT10-FAT09,37.16254595,42.7234518,Fiber Speed (Duhok)
733-R03-FDT10-FAT10,37.16199949,42.72339382,Fiber Speed (Duhok)
733-R03-FDT10-FAT11,37.16138657,42.72316628,Fiber Speed (Duhok)
733-R03-FDT10-FAT12,37.16148223,42.72178234,Fiber Speed (Duhok)
733-R03-FDT10-FAT13,37.16090375,42.72147761,Fiber Speed (Duhok)
733-R03-FDT10-FAT14,37.16162033,42.72127204,Fiber Speed (Duhok)
733-R03-FDT10-FAT15,37.16125857,42.72028448,Fiber Speed (Duhok)
733-R03-FDT10-FAT16,37.16378351,42.72354495,Fiber Speed (Duhok)
733-R03-FDT10-FAT17,37.16470301,42.72338501,Fiber Speed (Duhok)
733-R03-FDT10-FAT18,37.16525396,42.72326901,Fiber Speed (Duhok)
733-R03-FDT10-FAT19,37.16340235,42.72463881,Fiber Speed (Duhok)
733-R03-FDT10-FAT20,37.16458025,42.72445083,Fiber Speed (Duhok)
733-R03-FDT10-FAT21,37.16390072,42.72415697,Fiber Speed (Duhok)
733-R03-FDT10-FAT22,37.16538229,42.72557373,Fiber Speed (Duhok)
733-R03-FDT10-FAT23,37.16621665,42.72525744,Fiber Speed (Duhok)
733-R03-FDT10-FAT24,37.16599473,42.72432871,Fiber Speed (Duhok)
733-R03-FDT10-FAT25,37.16594001,42.72372871,Fiber Speed (Duhok)
733-R03-FDT10-FAT26,37.16665535,42.7237382,Fiber Speed (Duhok)
733-R03-FDT10-FAT27,37.16697806,42.72470739,Fiber Speed (Duhok)
733-R03-FDT10-FAT28,37.16497502,42.72743574,Fiber Speed (Duhok)
733-R03-FDT10-FAT29,37.16466653,42.72765232,Fiber Speed (Duhok)
733-R03-FDT10-FAT30,37.16531424,42.72915424,Fiber Speed (Duhok)
733-R03-FDT10-FAT31,37.16626757,42.72943334,Fiber Speed (Duhok)
733-R03-FDT10-FAT32,37.16707834,42.72913041,Fiber Speed (Duhok)
733-R03-FDT10-FAT33,37.16475331,42.72557357,Fiber Speed (Duhok)
733-R03-FDT10-FAT34,37.16523347,42.72664,Fiber Speed (Duhok)
733-R03-FDT10-FAT35,37.16572605,42.7277086,Fiber Speed (Duhok)
733-R03-FDT10-FAT36,37.16607958,42.72850632,Fiber Speed (Duhok)
733-R03-FDT10-FAT37,37.16693145,42.72788737,Fiber Speed (Duhok)
733-R03-FDT10-FAT38,37.16664702,42.72691239,Fiber Speed (Duhok)
733-R03-FDT10-FAT39,37.16644606,42.72641919,Fiber Speed (Duhok)
733-R03-FDT10-FAT40,37.16694203,42.72668388,Fiber Speed (Duhok)
733-R03-FDT10-FAT41,37.16754809,42.72728875,Fiber Speed (Duhok)
733-R03-FDT10-FAT42,37.16766938,42.72828683,Fiber Speed (Duhok)
733-R03-FDT10-FAT43,37.16821109,42.72799234,Fiber Speed (Duhok)
733-R03-FDT10-FAT44,37.16856737,42.72800527,Fiber Speed (Duhok)
733-R03-FDT10-FAT45,37.16879793,42.72718335,Fiber Speed (Duhok)
733-R03-FDT10-FAT46,37.15989966,42.71734678,Fiber Speed (Duhok)
733-R03-FDT10-FAT47,37.16040605,42.71995692,Fiber Speed (Duhok)
733-R03-FDT10-FAT48,37.1642196,42.72659081,Fiber Speed (Duhok)
733-R03-FDT10-FAT49,37.15872716,42.71441652,Fiber Speed (Duhok)
733-R04-FDT01-FAT01,37.15406678,42.70671724,Delta (Zakho)
733-R04-FDT01-FAT02,37.15442212,42.70629796,Delta (Zakho)
733-R04-FDT01-FAT03,37.15530595,42.70656687,Delta (Zakho)
733-R04-FDT01-FAT04,37.15526358,42.70685942,Delta (Zakho)
733-R04-FDT01-FAT05,37.15491263,42.70699757,Delta (Zakho)
733-R04-FDT01-FAT06,37.15483382,42.70588651,Delta (Zakho)
733-R04-FDT01-FAT07,37.15520481,42.70559919,Delta (Zakho)
733-R04-FDT01-FAT08,37.15589071,42.7057357,Delta (Zakho)
733-R04-FDT01-FAT09,37.15667198,42.70575259,Delta (Zakho)
733-R04-FDT01-FAT10,37.15544405,42.70498867,Delta (Zakho)
733-R04-FDT01-FAT11,37.15557315,42.70458641,Delta (Zakho)
733-R04-FDT01-FAT12,37.15584396,42.70516937,Delta (Zakho)
733-R04-FDT01-FAT13,37.15661265,42.7046428,Delta (Zakho)
733-R04-FDT01-FAT14,37.15713744,42.70463759,Delta (Zakho)
733-R04-FDT01-FAT15,37.15727629,42.70410956,Delta (Zakho)
733-R04-FDT01-FAT16,37.1584291,42.70315091,Delta (Zakho)
733-R04-FDT01-FAT17,37.15867941,42.70352028,Delta (Zakho)
733-R04-FDT01-FAT18,37.15884751,42.70351472,Delta (Zakho)
733-R04-FDT01-FAT19,37.15906456,42.70387318,Delta (Zakho)
733-R04-FDT01-FAT20,37.15920574,42.70324224,Delta (Zakho)
733-R04-FDT01-FAT21,37.1585008,42.70225276,Delta (Zakho)
733-R04-FDT01-FAT22,37.15949179,42.70438762,Delta (Zakho)
733-R04-FDT01-FAT23,37.15971646,42.70333391,Delta (Zakho)
733-R04-FDT01-FAT24,37.15998726,42.70257166,Delta (Zakho)
733-R04-FDT01-FAT25,37.15423638,42.70745896,Delta (Zakho)
733-R04-FDT01-FAT26,37.15471319,42.70804151,Delta (Zakho)
733-R04-FDT01-FAT27,37.15556345,42.70822285,Delta (Zakho)
733-R04-FDT01-FAT28,37.15591572,42.70787919,Delta (Zakho)
733-R04-FDT01-FAT29,37.1564619,42.70691796,Delta (Zakho)
733-R04-FDT01-FAT30,37.15673141,42.70633877,Delta (Zakho)
733-R04-FDT01-FAT31,37.15755439,42.70555102,Delta (Zakho)
733-R04-FDT01-FAT32,37.15613034,42.70707419,Delta (Zakho)
733-R04-FDT01-FAT33,37.15690126,42.70686226,Delta (Zakho)
733-R04-FDT01-FAT34,37.1578559,42.70596349,Delta (Zakho)
733-R04-FDT01-FAT35,37.15838658,42.70546935,Delta (Zakho)
733-R04-FDT01-FAT36,37.15850407,42.70538114,Delta (Zakho)
733-R04-FDT01-FAT37,37.15803614,42.70483521,Delta (Zakho)
733-R04-FDT01-FAT38,37.15802657,42.70455704,Delta (Zakho)
733-R04-FDT01-FAT39,37.15338781,42.70641044,Delta (Zakho)
733-R04-FDT01-FAT40,37.15293168,42.70576032,Delta (Zakho)
733-R04-FDT01-FAT41,37.15308413,42.70504871,Delta (Zakho)
733-R04-FDT01-FAT42,37.15386566,42.70442835,Delta (Zakho)
733-R04-FDT01-FAT43,37.15509793,42.70347949,Delta (Zakho)
733-R04-FDT01-FAT44,37.15333985,42.7059755,Delta (Zakho)
733-R04-FDT01-FAT45,37.15404963,42.70501746,Delta (Zakho)
733-R04-FDT01-FAT46,37.15423174,42.70498884,Delta (Zakho)
733-R04-FDT01-FAT47,37.15511853,42.70426732,Delta (Zakho)
733-R04-FDT01-FAT48,37.15584086,42.7037254,Delta (Zakho)
733-R04-FDT01-FAT49,37.15626738,42.70316634,Delta (Zakho)
733-R04-FDT01-FAT50,37.156103,42.70274886,Delta (Zakho)
733-R04-FDT01-FAT51,37.15684007,42.7029716,Delta (Zakho)
733-R04-FDT01-FAT52,37.15719352,42.70336047,Delta (Zakho)
733-R04-FDT01-FAT53,37.15726292,42.70321322,Delta (Zakho)
733-R04-FDT01-FAT54,37.15761164,42.70284429,Delta (Zakho)
733-R04-FDT01-FAT55,37.15708447,42.70393715,Delta (Zakho)
733-R04-FDT01-FAT56,37.15674548,42.70228137,Delta (Zakho)
733-R04-FDT01-FAT57,37.15735596,42.70238103,Delta (Zakho)
733-R04-FDT01-FAT58,37.15771525,42.70196723,Delta (Zakho)
733-R04-FDT01-FAT59,37.15831989,42.7012763,Delta (Zakho)
733-R04-FDT01-FAT60,37.15875065,42.70188279,Delta (Zakho)
733-R04-FDT02-FAT01,37.15585441,42.70951737,Delta (Zakho)
733-R04-FDT02-FAT02,37.15684516,42.71018792,Delta (Zakho)
733-R04-FDT02-FAT03,37.15716358,42.70974174,Delta (Zakho)
733-R04-FDT02-FAT04,37.15786348,42.70874112,Delta (Zakho)
733-R04-FDT02-FAT05,37.15776977,42.70781754,Delta (Zakho)
733-R04-FDT02-FAT06,37.15874906,42.7080845,Delta (Zakho)
733-R04-FDT02-FAT07,37.1577976,42.70719696,Delta (Zakho)
733-R04-FDT02-FAT08,37.15866167,42.70691538,Delta (Zakho)
733-R04-FDT02-FAT09,37.15920597,42.70654482,Delta (Zakho)
733-R04-FDT02-FAT10,37.15956904,42.70631976,Delta (Zakho)
733-R04-FDT02-FAT11,37.15976118,42.70585325,Delta (Zakho)
733-R04-FDT02-FAT12,37.15974091,42.7049706,Delta (Zakho)
733-R04-FDT02-FAT13,37.15921615,42.70742578,Delta (Zakho)
733-R04-FDT02-FAT14,37.15971466,42.70694527,Delta (Zakho)
733-R04-FDT02-FAT15,37.16016509,42.70855719,Delta (Zakho)
733-R04-FDT02-FAT16,37.15968019,42.70753834,Delta (Zakho)
733-R04-FDT02-FAT17,37.1601491,42.707548,Delta (Zakho)
733-R04-FDT02-FAT18,37.16076875,42.70731036,Delta (Zakho)
733-R04-FDT02-FAT19,37.16078586,42.70636234,Delta (Zakho)
733-R04-FDT02-FAT20,37.16036333,42.70595258,Delta (Zakho)
733-R04-FDT02-FAT21,37.16132278,42.70726716,Delta (Zakho)
733-R04-FDT02-FAT22,37.16040904,42.70785451,Delta (Zakho)
733-R04-FDT02-FAT23,37.16123823,42.70815133,Delta (Zakho)
733-R04-FDT02-FAT24,37.16082468,42.70865986,Delta (Zakho)
733-R04-FDT02-FAT25,37.15559605,42.70845323,Delta (Zakho)
733-R04-FDT02-FAT26,37.15634427,42.70852707,Delta (Zakho)
733-R04-FDT02-FAT27,37.15722374,42.7086603,Delta (Zakho)
733-R04-FDT02-FAT28,37.15633598,42.7077386,Delta (Zakho)
733-R04-FDT02-FAT29,37.15701887,42.70703158,Delta (Zakho)
733-R04-FDT02-FAT30,37.15778182,42.70629929,Delta (Zakho)
733-R04-FDT02-FAT31,37.15810132,42.70602278,Delta (Zakho)
733-R04-FDT02-FAT32,37.15865246,42.70568013,Delta (Zakho)
733-R04-FDT02-FAT33,37.15918483,42.70484027,Delta (Zakho)
733-R04-FDT02-FAT34,37.16042934,42.70420927,Delta (Zakho)
733-R04-FDT02-FAT35,37.1605567,42.70443102,Delta (Zakho)
733-R04-FDT02-FAT36,37.16072269,42.70498148,Delta (Zakho)
733-R04-FDT03-FAT01,37.15954045,42.71170851,Delta (Zakho)
733-R04-FDT03-FAT02,37.16019417,42.71107018,Delta (Zakho)
733-R04-FDT03-FAT03,37.15986642,42.71038925,Delta (Zakho)
733-R04-FDT03-FAT04,37.15923257,42.71006288,Delta (Zakho)
733-R04-FDT03-FAT05,37.16081127,42.71081032,Delta (Zakho)
733-R04-FDT03-FAT06,37.16077267,42.71014131,Delta (Zakho)
733-R04-FDT03-FAT07,37.16125555,42.70981934,Delta (Zakho)
733-R04-FDT03-FAT08,37.16159003,42.70942046,Delta (Zakho)
733-R04-FDT03-FAT09,37.16150353,42.70934704,Delta (Zakho)
733-R04-FDT03-FAT10,37.16229437,42.7097008,Delta (Zakho)
733-R04-FDT03-FAT11,37.16258011,42.71008668,Delta (Zakho)
733-R04-FDT03-FAT12,37.16164325,42.708456,Delta (Zakho)
733-R04-FDT03-FAT13,37.16272306,42.70942727,Delta (Zakho)
733-R04-FDT03-FAT14,37.16270724,42.70817888,Delta (Zakho)
733-R04-FDT03-FAT15,37.16253723,42.70788622,Delta (Zakho)
733-R04-FDT03-FAT16,37.16212124,42.70719294,Delta (Zakho)
733-R04-FDT03-FAT17,37.16143661,42.70603831,Delta (Zakho)
733-R04-FDT03-FAT18,37.16290042,42.70486833,Delta (Zakho)
733-R04-FDT03-FAT19,37.16125025,42.71228726,Delta (Zakho)
733-R04-FDT03-FAT20,37.16100712,42.71173285,Delta (Zakho)
733-R04-FDT03-FAT21,37.16169469,42.71142971,Delta (Zakho)
733-R04-FDT03-FAT22,37.16185368,42.71080659,Delta (Zakho)
733-R04-FDT03-FAT23,37.1621521,42.71107412,Delta (Zakho)
733-R04-FDT03-FAT24,37.16252299,42.71081073,Delta (Zakho)
733-R04-FDT03-FAT25,37.16290415,42.71150185,Delta (Zakho)
733-R04-FDT03-FAT26,37.16371692,42.71095516,Delta (Zakho)
733-R04-FDT03-FAT27,37.16391915,42.71055329,Delta (Zakho)
733-R04-FDT03-FAT28,37.1648983,42.7090956,Delta (Zakho)
733-R04-FDT03-FAT29,37.15991207,42.71225772,Delta (Zakho)
733-R04-FDT03-FAT30,37.15774265,42.71179061,Delta (Zakho)
733-R04-FDT03-FAT31,37.15895529,42.71231684,Delta (Zakho)
733-R04-FDT03-FAT32,37.15814032,42.71123613,Delta (Zakho)
733-R04-FDT03-FAT33,37.1574082,42.71026512,Delta (Zakho)
733-R04-FDT03-FAT34,37.15922221,42.71131378,Delta (Zakho)
733-R04-FDT03-FAT35,37.15894043,42.71099882,Delta (Zakho)
733-R04-FDT03-FAT36,37.15813801,42.71008436,Delta (Zakho)
733-R04-FDT03-FAT37,37.15824971,42.70942172,Delta (Zakho)
733-R04-FDT03-FAT38,37.15816694,42.70888494,Delta (Zakho)
733-R04-FDT03-FAT39,37.15904869,42.70889693,Delta (Zakho)
733-R04-FDT03-FAT40,37.15978699,42.708754,Delta (Zakho)
733-R04-FDT03-FAT41,37.16026262,42.7095605,Delta (Zakho)
733-R04-FDT03-FAT42,37.16005179,42.70988846,Delta (Zakho)
733-R04-FDT03-FAT43,37.16065046,42.70888646,Delta (Zakho)
733-R04-FDT03-FAT44,37.16616251,42.7032173,Delta (Zakho)
733-R04-FDT03-FAT45,37.16348552,42.70139949,Delta (Zakho)
733-R04-FDT03-FAT46,37.16208434,42.70326448,Delta (Zakho)
733-R04-FDT04-FAT01,37.15606026,42.68815291,Fiber Speed (Duhok)
733-R04-FDT04-FAT02,37.15644435,42.68708765,Fiber Speed (Duhok)
733-R04-FDT04-FAT03,37.15686106,42.68560253,Fiber Speed (Duhok)
733-R04-FDT04-FAT04,37.15698963,42.68493504,Fiber Speed (Duhok)
733-R04-FDT04-FAT05,37.15793326,42.6846422,Fiber Speed (Duhok)
733-R04-FDT04-FAT06,37.15816305,42.68378222,Fiber Speed (Duhok)
733-R04-FDT04-FAT07,37.15803772,42.68552749,Fiber Speed (Duhok)
733-R04-FDT04-FAT08,37.1583417,42.68491394,Fiber Speed (Duhok)
733-R04-FDT04-FAT09,37.15696732,42.68380238,Fiber Speed (Duhok)
733-R04-FDT04-FAT10,37.1564007,42.68381952,Fiber Speed (Duhok)
733-R04-FDT04-FAT11,37.15741933,42.68420532,Fiber Speed (Duhok)
733-R04-FDT04-FAT12,37.15768362,42.68349947,Fiber Speed (Duhok)
733-R04-FDT04-FAT13,37.15869542,42.68253737,Fiber Speed (Duhok)
733-R04-FDT04-FAT14,37.15918606,42.68282059,Fiber Speed (Duhok)
733-R04-FDT04-FAT15,37.15833823,42.68326001,Fiber Speed (Duhok)
733-R04-FDT04-FAT16,37.15883682,42.68352821,Fiber Speed (Duhok)
733-R04-FDT04-FAT17,37.15802017,42.68215058,Fiber Speed (Duhok)
733-R04-FDT04-FAT18,37.15863734,42.68186318,Fiber Speed (Duhok)
733-R04-FDT04-FAT19,37.15938248,42.68228711,Fiber Speed (Duhok)
733-R04-FDT04-FAT20,37.15646336,42.68863445,Fiber Speed (Duhok)
733-R04-FDT04-FAT21,37.15670043,42.68777822,Fiber Speed (Duhok)
733-R04-FDT04-FAT22,37.15706012,42.68678813,Fiber Speed (Duhok)
733-R04-FDT04-FAT23,37.15793603,42.68622132,Fiber Speed (Duhok)
733-R04-FDT04-FAT24,37.15704204,42.68848085,Fiber Speed (Duhok)
733-R04-FDT04-FAT25,37.15757815,42.6872397,Fiber Speed (Duhok)
733-R04-FDT04-FAT26,37.15808751,42.68728967,Fiber Speed (Duhok)
733-R04-FDT04-FAT27,37.157835,42.68796724,Fiber Speed (Duhok)
733-R04-FDT04-FAT28,37.1575999,42.68859717,Fiber Speed (Duhok)
733-R04-FDT04-FAT29,37.15822933,42.68690045,Fiber Speed (Duhok)
733-R04-FDT04-FAT30,37.15884458,42.68521191,Fiber Speed (Duhok)
733-R04-FDT04-FAT31,37.15934046,42.68385091,Fiber Speed (Duhok)
733-R04-FDT04-FAT32,37.16007663,42.68183026,Fiber Speed (Duhok)
733-R04-FDT04-FAT33,37.1602267,42.68141832,Fiber Speed (Duhok)
733-R04-FDT04-FAT34,37.15959868,42.68080052,Fiber Speed (Duhok)
733-R04-FDT04-FAT35,37.15959394,42.6801095,Fiber Speed (Duhok)
733-R04-FDT04-FAT36,37.15999466,42.68034747,Fiber Speed (Duhok)
733-R04-FDT04-FAT37,37.16057226,42.68046977,Fiber Speed (Duhok)
733-R04-FDT04-FAT38,37.15562857,42.68767675,Fiber Speed (Duhok)
733-R04-FDT04-FAT39,37.1559556,42.68676157,Fiber Speed (Duhok)
733-R04-FDT04-FAT40,37.15599897,42.68905031,Fiber Speed (Duhok)
733-R04-FDT04-FAT41,37.15484536,42.68957706,Fiber Speed (Duhok)
733-R04-FDT05-FAT01,37.15946847,42.71425066,Fiber Speed (Duhok)
733-R04-FDT05-FAT02,37.16023792,42.71578214,Fiber Speed (Duhok)
733-R04-FDT05-FAT03,37.16080261,42.71597161,Fiber Speed (Duhok)
733-R04-FDT05-FAT04,37.16123768,42.71610198,Fiber Speed (Duhok)
733-R04-FDT05-FAT05,37.16141402,42.71683958,Fiber Speed (Duhok)
733-R04-FDT05-FAT06,37.16095035,42.71781679,Fiber Speed (Duhok)
733-R04-FDT05-FAT07,37.16151074,42.71831281,Fiber Speed (Duhok)
733-R04-FDT05-FAT08,37.16263199,42.71986596,Fiber Speed (Duhok)
733-R04-FDT05-FAT09,37.16318497,42.72049482,Fiber Speed (Duhok)
733-R04-FDT05-FAT10,37.163834,42.7201217,Fiber Speed (Duhok)
733-R04-FDT05-FAT11,37.16385966,42.7199634,Fiber Speed (Duhok)
733-R04-FDT05-FAT12,37.1621563,42.72068375,Fiber Speed (Duhok)
733-R04-FDT05-FAT13,37.16258386,42.72170212,Fiber Speed (Duhok)
733-R04-FDT05-FAT14,37.16273333,42.72205632,Fiber Speed (Duhok)
733-R04-FDT05-FAT15,37.16386694,42.72172402,Fiber Speed (Duhok)
733-R04-FDT05-FAT16,37.16448577,42.72160904,Fiber Speed (Duhok)
733-R04-FDT05-FAT17,37.16461193,42.72102288,Fiber Speed (Duhok)
733-R04-FDT05-FAT18,37.16550288,42.72067688,Fiber Speed (Duhok)
733-R04-FDT05-FAT19,37.16561483,42.72138577,Fiber Speed (Duhok)
733-R04-FDT05-FAT20,37.16386539,42.72117779,Fiber Speed (Duhok)
733-R04-FDT05-FAT21,37.16407097,42.7223448,Fiber Speed (Duhok)
733-R04-FDT05-FAT22,37.16488775,42.72220698,Fiber Speed (Duhok)
733-R04-FDT05-FAT23,37.16561272,42.72249615,Fiber Speed (Duhok)
733-R04-FDT05-FAT24,37.16618483,42.72251026,Fiber Speed (Duhok)
733-R04-FDT05-FAT25,37.1649162,42.72276644,Fiber Speed (Duhok)
733-R04-FDT05-FAT26,37.16387592,42.72298227,Fiber Speed (Duhok)
733-R04-FDT05-FAT27,37.16584827,42.72188361,Fiber Speed (Duhok)
733-R04-FDT05-FAT28,37.16664239,42.72164956,Fiber Speed (Duhok)
733-R04-FDT05-FAT29,37.16654236,42.72082089,Fiber Speed (Duhok)
733-R04-FDT05-FAT30,37.16700203,42.72150038,Fiber Speed (Duhok)
733-R04-FDT05-FAT31,37.16678902,42.7231294,Fiber Speed (Duhok)
733-R04-FDT05-FAT32,37.16722068,42.72243449,Fiber Speed (Duhok)
733-R04-FDT05-FAT33,37.16729965,42.72351757,Fiber Speed (Duhok)
733-R04-FDT05-FAT34,37.16731001,42.7236718,Fiber Speed (Duhok)
733-R04-FDT05-FAT35,37.15910861,42.71261389,Fiber Speed (Duhok)
733-R04-FDT05-FAT36,37.1612369,42.71317627,Fiber Speed (Duhok)
733-R04-FDT05-FAT37,37.16097674,42.71355652,Fiber Speed (Duhok)
733-R04-FDT05-FAT38,37.16148455,42.71452037,Fiber Speed (Duhok)
733-R04-FDT05-FAT39,37.16026179,42.71327537,Fiber Speed (Duhok)
733-R04-FDT05-FAT40,37.15997548,42.71366669,Fiber Speed (Duhok)
733-R04-FDT05-FAT41,37.16028419,42.71397085,Fiber Speed (Duhok)
733-R04-FDT05-FAT42,37.16093517,42.71440128,Fiber Speed (Duhok)
733-R04-FDT05-FAT43,37.16122331,42.71479487,Fiber Speed (Duhok)
733-R04-FDT05-FAT44,37.1594359,42.71345298,Fiber Speed (Duhok)
733-R04-FDT06-FAT01,37.16281271,42.71328742,Fiber Speed (Duhok)
733-R04-FDT06-FAT02,37.16317108,42.71445094,Fiber Speed (Duhok)
733-R04-FDT06-FAT03,37.1627378,42.71475835,Fiber Speed (Duhok)
733-R04-FDT06-FAT04,37.16209999,42.7154637,Fiber Speed (Duhok)
733-R04-FDT06-FAT05,37.16261386,42.71569731,Fiber Speed (Duhok)
733-R04-FDT06-FAT06,37.16253261,42.71633705,Fiber Speed (Duhok)
733-R04-FDT06-FAT07,37.16185086,42.71704008,Fiber Speed (Duhok)
733-R04-FDT06-FAT08,37.16278601,42.71813711,Fiber Speed (Duhok)
733-R04-FDT06-FAT09,37.16285933,42.71852214,Fiber Speed (Duhok)
733-R04-FDT06-FAT10,37.1627333,42.71747824,Fiber Speed (Duhok)
733-R04-FDT06-FAT11,37.16374325,42.71753884,Fiber Speed (Duhok)
733-R04-FDT06-FAT12,37.16418846,42.71823716,Fiber Speed (Duhok)
733-R04-FDT06-FAT13,37.16425112,42.71936164,Fiber Speed (Duhok)
733-R04-FDT06-FAT14,37.16463631,42.7193501,Fiber Speed (Duhok)
733-R04-FDT06-FAT15,37.16438103,42.72021491,Fiber Speed (Duhok)
733-R04-FDT06-FAT16,37.16357566,42.71846374,Fiber Speed (Duhok)
733-R04-FDT06-FAT17,37.16385093,42.71666698,Fiber Speed (Duhok)
733-R04-FDT06-FAT18,37.16330949,42.71616577,Fiber Speed (Duhok)
733-R04-FDT06-FAT19,37.164633,42.71775052,Fiber Speed (Duhok)
733-R04-FDT06-FAT20,37.16514331,42.71788565,Fiber Speed (Duhok)
733-R04-FDT06-FAT21,37.16515352,42.71922841,Fiber Speed (Duhok)
733-R04-FDT06-FAT22,37.16574241,42.71953794,Fiber Speed (Duhok)
733-R04-FDT06-FAT23,37.16642091,42.71969418,Fiber Speed (Duhok)
733-R04-FDT06-FAT24,37.16659022,42.71886604,Fiber Speed (Duhok)
733-R04-FDT06-FAT25,37.16375502,42.71299012,Fiber Speed (Duhok)
733-R04-FDT06-FAT26,37.16405998,42.71245859,Fiber Speed (Duhok)
733-R04-FDT06-FAT27,37.16482775,42.71189783,Fiber Speed (Duhok)
733-R04-FDT06-FAT28,37.16604127,42.71205985,Fiber Speed (Duhok)
733-R04-FDT06-FAT29,37.16642425,42.71162181,Fiber Speed (Duhok)
733-R04-FDT06-FAT30,37.16753227,42.7108803,Fiber Speed (Duhok)
733-R04-FDT06-FAT31,37.16852956,42.71058657,Fiber Speed (Duhok)
733-R04-FDT06-FAT32,37.16865957,42.71224546,Fiber Speed (Duhok)
733-R04-FDT06-FAT33,37.16721146,42.71030643,Fiber Speed (Duhok)
733-R04-FDT06-FAT34,37.16742825,42.71181189,Fiber Speed (Duhok)
733-R04-FDT06-FAT35,37.16789943,42.71297308,Fiber Speed (Duhok)
733-R04-FDT06-FAT36,37.16819817,42.71162272,Fiber Speed (Duhok)
733-R04-FDT06-FAT37,37.16854003,42.712942,Fiber Speed (Duhok)
733-R04-FDT06-FAT38,37.1671976,42.71224432,Fiber Speed (Duhok)
733-R04-FDT06-FAT39,37.16810163,42.7144633,Fiber Speed (Duhok)
733-R04-FDT06-FAT40,37.16857908,42.71555662,Fiber Speed (Duhok)
733-R04-FDT06-FAT41,37.1683294,42.71585848,Fiber Speed (Duhok)
733-R04-FDT06-FAT42,37.16829177,42.71620219,Fiber Speed (Duhok)
733-R04-FDT06-FAT43,37.16332113,42.7132721,Fiber Speed (Duhok)
733-R04-FDT06-FAT44,37.16361767,42.71405576,Fiber Speed (Duhok)
733-R04-FDT06-FAT45,37.1643407,42.71373722,Fiber Speed (Duhok)
733-R04-FDT06-FAT46,37.16526525,42.71311767,Fiber Speed (Duhok)
733-R04-FDT06-FAT47,37.16579474,42.71310789,Fiber Speed (Duhok)
733-R04-FDT06-FAT48,37.16831642,42.71969181,Fiber Speed (Duhok)
733-R04-FDT06-FAT49,37.16697253,42.72018876,Fiber Speed (Duhok)
733-R04-FDT06-FAT50,37.16537711,42.71218637,Fiber Speed (Duhok)
733-R04-FDT06-FAT51,37.16487159,42.7134259,Fiber Speed (Duhok)
733-R04-FDT06-FAT52,37.16566257,42.71389234,Fiber Speed (Duhok)
733-R04-FDT06-FAT53,37.16605141,42.71387683,Fiber Speed (Duhok)
733-R04-FDT06-FAT54,37.16753411,42.71316125,Fiber Speed (Duhok)
733-R04-FDT06-FAT55,37.16874703,42.71508492,Fiber Speed (Duhok)
733-R04-FDT06-FAT56,37.16673453,42.71146947,Fiber Speed (Duhok)
733-R04-FDT06-FAT57,37.16431101,42.71109867,Fiber Speed (Duhok)
733-R04-FDT07-FAT01,37.17146387,42.72621341,Fiber Speed (Duhok)
733-R04-FDT07-FAT02,37.17120552,42.72671335,Fiber Speed (Duhok)
733-R04-FDT07-FAT03,37.17302748,42.72677253,Fiber Speed (Duhok)
733-R04-FDT07-FAT04,37.17336451,42.727906,Fiber Speed (Duhok)
733-R04-FDT07-FAT05,37.17460988,42.72444097,Fiber Speed (Duhok)
733-R04-FDT07-FAT06,37.17301272,42.72444829,Fiber Speed (Duhok)
733-R04-FDT07-FAT07,37.17434141,42.72547626,Fiber Speed (Duhok)
733-R04-FDT07-FAT08,37.17243668,42.72687527,Fiber Speed (Duhok)
733-R04-FDT07-FAT09,37.17155117,42.72824068,Fiber Speed (Duhok)
733-R04-FDT07-FAT10,37.17439785,42.7296153,Fiber Speed (Duhok)
733-R04-FDT08-FAT01,37.17118941,42.71385524,Fiber Speed (Duhok)
733-R04-FDT08-FAT02,37.17199049,42.71465461,Fiber Speed (Duhok)
733-R04-FDT08-FAT03,37.17134201,42.71627757,Fiber Speed (Duhok)
733-R04-FDT08-FAT04,37.17102277,42.71690508,Fiber Speed (Duhok)
733-R04-FDT08-FAT05,37.17090104,42.7151226,Fiber Speed (Duhok)
733-R04-FDT08-FAT06,37.17142469,42.71738332,Fiber Speed (Duhok)
733-R04-FDT08-FAT07,37.17190528,42.71726862,Fiber Speed (Duhok)
733-R04-FDT08-FAT08,37.17252817,42.71837442,Fiber Speed (Duhok)
733-R04-FDT08-FAT09,37.17256737,42.71902214,Fiber Speed (Duhok)
733-R04-FDT08-FAT10,37.17199637,42.71858118,Fiber Speed (Duhok)
733-R04-FDT08-FAT11,37.17234015,42.71698291,Fiber Speed (Duhok)
733-R04-FDT08-FAT12,37.17283853,42.71663513,Fiber Speed (Duhok)
733-R04-FDT08-FAT13,37.17319729,42.71596642,Fiber Speed (Duhok)
733-R04-FDT08-FAT14,37.17368531,42.71489222,Fiber Speed (Duhok)
733-R04-FDT08-FAT15,37.1726802,42.71373168,Fiber Speed (Duhok)
733-R04-FDT08-FAT16,37.173921,42.71705723,Fiber Speed (Duhok)
733-R04-FDT08-FAT17,37.17428454,42.71703499,Fiber Speed (Duhok)
733-R04-FDT08-FAT18,37.17407991,42.71934195,Fiber Speed (Duhok)
733-R04-FDT08-FAT19,37.17448944,42.71991744,Fiber Speed (Duhok)
733-R04-FDT08-FAT20,37.17499357,42.71903738,Fiber Speed (Duhok)
733-R04-FDT08-FAT21,37.17116041,42.71332225,Fiber Speed (Duhok)
733-R04-FDT08-FAT22,37.17166467,42.71327134,Fiber Speed (Duhok)
733-R04-FDT08-FAT23,37.1719945,42.71184404,Fiber Speed (Duhok)
733-R04-FDT08-FAT24,37.17163393,42.71188455,Fiber Speed (Duhok)
733-R04-FDT08-FAT25,37.17242479,42.71093389,Fiber Speed (Duhok)
733-R04-FDT08-FAT26,37.17406775,42.71370322,Fiber Speed (Duhok)
733-R04-FDT08-FAT27,37.17052266,42.71842172,Fiber Speed (Duhok)
733-R05-FDT01-FAT01,37.16198447,42.69114964,Fiber Speed (Duhok)
733-R05-FDT01-FAT02,37.16129606,42.69086058,Fiber Speed (Duhok)
733-R05-FDT01-FAT03,37.16060776,42.6905746,Fiber Speed (Duhok)
733-R05-FDT01-FAT04,37.16017082,42.69039306,Fiber Speed (Duhok)
733-R05-FDT01-FAT05,37.15898959,42.68989234,Fiber Speed (Duhok)
733-R05-FDT01-FAT06,37.15847227,42.68966549,Fiber Speed (Duhok)
733-R05-FDT01-FAT07,37.15804238,42.68998253,Fiber Speed (Duhok)
733-R05-FDT01-FAT08,37.16009268,42.6917675,Fiber Speed (Duhok)
733-R05-FDT01-FAT09,37.15985634,42.69087566,Fiber Speed (Duhok)
733-R05-FDT01-FAT10,37.15950214,42.69220256,Fiber Speed (Duhok)
733-R05-FDT01-FAT11,37.15941897,42.69032817,Fiber Speed (Duhok)
733-R05-FDT01-FAT12,37.15929389,42.69081467,Fiber Speed (Duhok)
733-R05-FDT01-FAT13,37.15830972,42.69205041,Fiber Speed (Duhok)
733-R05-FDT01-FAT14,37.15841801,42.69093389,Fiber Speed (Duhok)
733-R05-FDT01-FAT15,37.15931146,42.69152694,Fiber Speed (Duhok)
733-R05-FDT01-FAT16,37.15927331,42.6916765,Fiber Speed (Duhok)
733-R05-FDT01-FAT17,37.15903993,42.6919035,Fiber Speed (Duhok)
733-R05-FDT01-FAT18,37.15902255,42.69197804,Fiber Speed (Duhok)
733-R05-FDT01-FAT19,37.15900609,42.69204861,Fiber Speed (Duhok)
733-R05-FDT01-FAT20,37.15908529,42.6923492,Fiber Speed (Duhok)
733-R05-FDT01-FAT21,37.15905442,42.69248744,Fiber Speed (Duhok)
733-R05-FDT01-FAT22,37.15789722,42.69119787,Fiber Speed (Duhok)
733-R05-FDT01-FAT23,37.1641147,42.69207409,Fiber Speed (Duhok)
733-R05-FDT01-FAT24,37.16451205,42.69224508,Fiber Speed (Duhok)
733-R05-FDT01-FAT25,37.16360839,42.6921401,Fiber Speed (Duhok)
733-R05-FDT01-FAT26,37.16353023,42.69242173,Fiber Speed (Duhok)
733-R05-FDT01-FAT27,37.16407945,42.69327735,Fiber Speed (Duhok)
733-R05-FDT01-FAT28,37.1629482,42.69451854,Fiber Speed (Duhok)
733-R05-FDT01-FAT29,37.16339427,42.694717,Fiber Speed (Duhok)
733-R05-FDT01-FAT30,37.16404884,42.69523434,Fiber Speed (Duhok)
733-R05-FDT01-FAT31,37.16333917,42.69527832,Fiber Speed (Duhok)
733-R05-FDT01-FAT32,37.16290106,42.69558094,Fiber Speed (Duhok)
733-R05-FDT01-FAT33,37.16332013,42.6957646,Fiber Speed (Duhok)
733-R05-FDT01-FAT34,37.16246254,42.69281013,Fiber Speed (Duhok)
733-R05-FDT01-FAT35,37.16223842,42.69363652,Fiber Speed (Duhok)
733-R05-FDT01-FAT36,37.16249687,42.69442779,Fiber Speed (Duhok)
733-R05-FDT01-FAT37,37.16224634,42.69531854,Fiber Speed (Duhok)
733-R05-FDT01-FAT38,37.16165171,42.69277502,Fiber Speed (Duhok)
733-R05-FDT01-FAT39,37.16085644,42.69242895,Fiber Speed (Duhok)
733-R05-FDT01-FAT40,37.16022062,42.69300496,Fiber Speed (Duhok)
733-R05-FDT01-FAT41,37.16133729,42.69324141,Fiber Speed (Duhok)
733-R05-FDT01-FAT42,37.16102152,42.6936006,Fiber Speed (Duhok)
733-R05-FDT01-FAT43,37.16035327,42.69392094,Fiber Speed (Duhok)
733-R05-FDT01-FAT44,37.16106559,42.69456284,Fiber Speed (Duhok)
733-R05-FDT01-FAT45,37.16137008,42.69496814,Fiber Speed (Duhok)
733-R05-FDT01-FAT46,37.16244216,42.69187297,Fiber Speed (Duhok)
733-R05-FDT01-FAT47,37.16150789,42.6915256,Fiber Speed (Duhok)
733-R05-FDT01-FAT48,37.16087266,42.69212943,Fiber Speed (Duhok)
733-R05-FDT01-FAT49,37.15788061,42.69256204,Fiber Speed (Duhok)
733-R05-FDT01-FAT50,37.16171364,42.69111563,Fiber Speed (Duhok)
733-R05-FDT01-FAT51,37.15972402,42.69141827,Fiber Speed (Duhok)
733-R05-FDT01-FAT52,37.15887722,42.69375622,Fiber Speed (Duhok)
733-R05-FDT01-FAT53,37.1630528,42.69396283,Fiber Speed (Duhok)
733-R05-FDT01-FAT54,37.16167691,42.69270854,Fiber Speed (Duhok)
733-R05-FDT01-FAT55,37.16066879,42.69517634,Fiber Speed (Duhok)
733-R05-FDT02-FAT01,37.15882547,42.67572238,Fiber Speed (Duhok)
733-R05-FDT02-FAT02,37.15770042,42.67415493,Fiber Speed (Duhok)
733-R05-FDT02-FAT03,37.15858527,42.67458747,Fiber Speed (Duhok)
733-R05-FDT02-FAT04,37.15789822,42.67613348,Fiber Speed (Duhok)
733-R05-FDT02-FAT05,37.15844449,42.67654738,Fiber Speed (Duhok)
733-R05-FDT02-FAT06,37.15715782,42.67507708,Fiber Speed (Duhok)
733-R05-FDT02-FAT07,37.1566508,42.67563606,Fiber Speed (Duhok)
733-R05-FDT02-FAT08,37.15650686,42.67512102,Fiber Speed (Duhok)
733-R05-FDT02-FAT09,37.15747581,42.6765083,Fiber Speed (Duhok)
733-R05-FDT02-FAT10,37.15694327,42.676476,Fiber Speed (Duhok)
733-R05-FDT02-FAT11,37.15638194,42.67614874,Fiber Speed (Duhok)
733-R05-FDT02-FAT12,37.15553857,42.67678745,Fiber Speed (Duhok)
733-R05-FDT02-FAT13,37.15597301,42.6771657,Fiber Speed (Duhok)
733-R05-FDT02-FAT14,37.15560912,42.67764411,Fiber Speed (Duhok)
733-R05-FDT02-FAT15,37.16047373,42.67318047,Fiber Speed (Duhok)
733-R05-FDT02-FAT16,37.16025729,42.67398085,Fiber Speed (Duhok)
733-R05-FDT02-FAT17,37.16135767,42.67359191,Fiber Speed (Duhok)
733-R05-FDT02-FAT18,37.16201741,42.67374462,Fiber Speed (Duhok)
733-R05-FDT02-FAT19,37.16179966,42.67271799,Fiber Speed (Duhok)
733-R05-FDT02-FAT20,37.16250467,42.67370795,Fiber Speed (Duhok)
733-R05-FDT02-FAT21,37.16270825,42.67466819,Fiber Speed (Duhok)
733-R05-FDT02-FAT22,37.16043662,42.6747835,Fiber Speed (Duhok)
733-R05-FDT02-FAT23,37.15993293,42.67585592,Fiber Speed (Duhok)
733-R05-FDT02-FAT24,37.16053713,42.67562842,Fiber Speed (Duhok)
733-R05-FDT02-FAT25,37.16100668,42.67545162,Fiber Speed (Duhok)
733-R05-FDT02-FAT26,37.1616301,42.67560983,Fiber Speed (Duhok)
733-R05-FDT02-FAT27,37.16179571,42.67626113,Fiber Speed (Duhok)
733-R05-FDT02-FAT28,37.16161393,42.67480781,Fiber Speed (Duhok)
733-R05-FDT02-FAT29,37.16211314,42.67503499,Fiber Speed (Duhok)
733-R05-FDT02-FAT30,37.1622103,42.67544011,Fiber Speed (Duhok)
733-R05-FDT02-FAT31,37.15916569,42.67468278,Fiber Speed (Duhok)
733-R05-FDT02-FAT32,37.15937483,42.67610168,Fiber Speed (Duhok)
733-R05-FDT02-FAT33,37.16043113,42.67725396,Fiber Speed (Duhok)
733-R05-FDT02-FAT34,37.16065124,42.67808787,Fiber Speed (Duhok)
733-R05-FDT02-FAT35,37.15994114,42.67755202,Fiber Speed (Duhok)
733-R05-FDT02-FAT36,37.16017353,42.67653943,Fiber Speed (Duhok)
733-R05-FDT02-FAT37,37.16139624,42.67686532,Fiber Speed (Duhok)
733-R05-FDT02-FAT38,37.16151392,42.67730815,Fiber Speed (Duhok)
733-R05-FDT02-FAT39,37.16084136,42.6766202,Fiber Speed (Duhok)
733-R05-FDT02-FAT40,37.16116346,42.67779905,Fiber Speed (Duhok)
733-R05-FDT02-FAT41,37.15747249,42.67362611,Fiber Speed (Duhok)
733-R05-FDT03-FAT01,37.17114714,42.69418223,Fiber Speed (Duhok)
733-R05-FDT03-FAT02,37.17173369,42.69453224,Fiber Speed (Duhok)
733-R05-FDT03-FAT03,37.17280791,42.69408791,Fiber Speed (Duhok)
733-R05-FDT03-FAT04,37.17129432,42.69363854,Fiber Speed (Duhok)
733-R05-FDT03-FAT05,37.17069888,42.69338268,Fiber Speed (Duhok)
733-R05-FDT03-FAT06,37.17125427,42.69277678,Fiber Speed (Duhok)
733-R05-FDT03-FAT07,37.17200619,42.69208556,Fiber Speed (Duhok)
733-R05-FDT03-FAT08,37.17243103,42.69296174,Fiber Speed (Duhok)
733-R05-FDT03-FAT09,37.17170653,42.6913791,Fiber Speed (Duhok)
733-R05-FDT03-FAT10,37.1715585,42.69020678,Fiber Speed (Duhok)
733-R05-FDT03-FAT11,37.1718525,42.68913203,Fiber Speed (Duhok)
733-R05-FDT03-FAT12,37.17248693,42.68994789,Fiber Speed (Duhok)
733-R05-FDT03-FAT13,37.17138524,42.69608432,Fiber Speed (Duhok)
733-R05-FDT03-FAT14,37.17174808,42.69621925,Fiber Speed (Duhok)
733-R05-FDT03-FAT15,37.17103255,42.69562939,Fiber Speed (Duhok)
733-R05-FDT03-FAT16,37.17414515,42.69699999,Fiber Speed (Duhok)
733-R05-FDT03-FAT17,37.17388616,42.69798561,Fiber Speed (Duhok)
733-R05-FDT03-FAT18,37.17340519,42.69778827,Fiber Speed (Duhok)
733-R05-FDT03-FAT19,37.17000454,42.6958617,Fiber Speed (Duhok)
733-R05-FDT03-FAT20,37.17023667,42.69677173,Fiber Speed (Duhok)
733-R05-FDT03-FAT21,37.17009414,42.69730653,Fiber Speed (Duhok)
733-R05-FDT03-FAT22,37.16990061,42.69803274,Fiber Speed (Duhok)
733-R05-FDT03-FAT23,37.16926266,42.70040125,Fiber Speed (Duhok)
733-R05-FDT03-FAT24,37.1701649,42.700194,Fiber Speed (Duhok)
733-R05-FDT03-FAT25,37.16935165,42.69825904,Fiber Speed (Duhok)
733-R05-FDT03-FAT26,37.17004208,42.69899408,Fiber Speed (Duhok)
733-R05-FDT03-FAT27,37.17082477,42.69986265,Fiber Speed (Duhok)
733-R05-FDT03-FAT28,37.16513648,42.69525582,Fiber Speed (Duhok)
733-R05-FDT03-FAT29,37.16557922,42.6945225,Fiber Speed (Duhok)
733-R05-FDT03-FAT30,37.16573174,42.69646437,Fiber Speed (Duhok)
733-R05-FDT03-FAT31,37.1640507,42.69614876,Fiber Speed (Duhok)
733-R05-FDT03-FAT32,37.1697835,42.70216633,Fiber Speed (Duhok)
733-R05-FDT03-FAT33,37.17170435,42.70156801,Fiber Speed (Duhok)
733-R05-FDT03-FAT34,37.17308101,42.70078812,Fiber Speed (Duhok)
733-R05-FDT03-FAT35,37.17133199,42.69488035,Fiber Speed (Duhok)
733-R05-FDT03-FAT36,37.17427667,42.70228112,Fiber Speed (Duhok)
733-R05-FDT03-FAT37,37.17087466,42.70292276,Fiber Speed (Duhok)
733-R05-FDT03-FAT38,37.17171581,42.70352736,Fiber Speed (Duhok)
733-R05-FDT03-FAT39,37.17225553,42.70390172,Fiber Speed (Duhok)
733-R05-FDT03-FAT40,37.17189569,42.69984305,Fiber Speed (Duhok)
733-R05-FDT03-FAT41,37.16441716,42.69334602,Fiber Speed (Duhok)
733-R05-FDT03-FAT42,37.17121258,42.703818,Fiber Speed (Duhok)
733-R05-FDT03-FAT43,37.17112617,42.698816,Fiber Speed (Duhok)
733-R05-FDT03-FAT44,37.17036731,42.69969368,Fiber Speed (Duhok)
733-R05-FDT03-FAT45,37.17072168,42.70043671,Fiber Speed (Duhok)
733-R05-FDT03-FAT46,37.16641239,42.69552384,Fiber Speed (Duhok)
733-R05-FDT03-FAT47,37.16688694,42.70045249,Fiber Speed (Duhok)
733-R05-FDT03-FAT48,37.17170657,42.69322513,Fiber Speed (Duhok)
733-R05-FDT03-FAT49,37.17195461,42.69547714,Fiber Speed (Duhok)
733-R05-FDT03-FAT50,37.17228887,42.69076298,Fiber Speed (Duhok)
733-R05-FDT03-FAT51,37.17328803,42.70224608,Fiber Speed (Duhok)
733-R05-FDT03-FAT52,37.17004955,42.70072027,Fiber Speed (Duhok)
733-R05-FDT03-FAT53,37.16899222,42.703068,Fiber Speed (Duhok)
733-R05-FDT03-FAT54,37.16772052,42.69300004,Fiber Speed (Duhok)
733-R05-FDT03-FAT55,37.16593665,42.69984844,Fiber Speed (Duhok)
733-R05-FDT03-FAT56,37.1715692,42.69125997,Fiber Speed (Duhok)
733-R05-FDT03-FAT57,37.1721594,42.70237007,Fiber Speed (Duhok)
733-R05-FDT03-FAT58,37.17206531,42.70110975,Fiber Speed (Duhok)
733-R05-FDT03-FAT59,37.17376303,42.69999686,Fiber Speed (Duhok)
733-R05-FDT04-FAT01,37.17217203,42.68795429,Fiber Speed (Duhok)
733-R05-FDT04-FAT02,37.17163746,42.68775406,Fiber Speed (Duhok)
733-R05-FDT04-FAT03,37.17348865,42.68781458,Fiber Speed (Duhok)
733-R05-FDT04-FAT04,37.17331953,42.684646,Fiber Speed (Duhok)
733-R05-FDT04-FAT05,37.17306133,42.68423182,Fiber Speed (Duhok)
733-R05-FDT04-FAT06,37.17301804,42.68337964,Fiber Speed (Duhok)
733-R05-FDT04-FAT07,37.17270829,42.68371247,Fiber Speed (Duhok)
733-R05-FDT04-FAT08,37.17254734,42.68596078,Fiber Speed (Duhok)
733-R05-FDT04-FAT09,37.1728782,42.68498592,Fiber Speed (Duhok)
733-R05-FDT04-FAT10,37.172775,42.68702048,Fiber Speed (Duhok)
733-R05-FDT04-FAT11,37.17268151,42.68662758,Fiber Speed (Duhok)
733-R05-FDT04-FAT12,37.17223797,42.6864495,Fiber Speed (Duhok)
733-R05-FDT04-FAT13,37.17161796,42.68606547,Fiber Speed (Duhok)
733-R05-FDT04-FAT14,37.17128769,42.68540141,Fiber Speed (Duhok)
733-R05-FDT04-FAT15,37.17155223,42.68432277,Fiber Speed (Duhok)
733-R05-FDT04-FAT16,37.17213828,42.68420759,Fiber Speed (Duhok)
733-R05-FDT04-FAT17,37.17213754,42.68380159,Fiber Speed (Duhok)
733-R05-FDT04-FAT18,37.17414611,42.68847034,Fiber Speed (Duhok)
733-R05-FDT04-FAT19,37.17495803,42.68881112,Fiber Speed (Duhok)
733-R05-FDT04-FAT20,37.17539216,42.68927275,Fiber Speed (Duhok)
733-R05-FDT04-FAT21,37.17415374,42.68745162,Fiber Speed (Duhok)
733-R05-FDT04-FAT22,37.1746275,42.68738451,Fiber Speed (Duhok)
733-R05-FDT04-FAT23,37.17458944,42.68825359,Fiber Speed (Duhok)
733-R05-FDT04-FAT24,37.17564115,42.68666216,Fiber Speed (Duhok)
733-R05-FDT04-FAT25,37.17629987,42.68718353,Fiber Speed (Duhok)
733-R05-FDT04-FAT26,37.17517385,42.68666079,Fiber Speed (Duhok)
733-R05-FDT04-FAT27,37.17522581,42.68605701,Fiber Speed (Duhok)
733-R05-FDT04-FAT28,37.17483014,42.68538725,Fiber Speed (Duhok)
733-R05-FDT04-FAT29,37.17499104,42.68421631,Fiber Speed (Duhok)
733-R05-FDT04-FAT30,37.17544961,42.68368769,Fiber Speed (Duhok)
733-R05-FDT04-FAT31,37.17350555,42.69151017,Fiber Speed (Duhok)
733-R05-FDT04-FAT32,37.1746415,42.69149815,Fiber Speed (Duhok)
733-R05-FDT04-FAT33,37.17480651,42.69091863,Fiber Speed (Duhok)
733-R05-FDT04-FAT34,37.17575083,42.69125307,Fiber Speed (Duhok)
733-R05-FDT04-FAT35,37.17502845,42.69214651,Fiber Speed (Duhok)
733-R05-FDT04-FAT36,37.17574729,42.6930126,Fiber Speed (Duhok)
733-R05-FDT04-FAT37,37.17386356,42.69262764,Fiber Speed (Duhok)
733-R05-FDT04-FAT38,37.17382861,42.69479567,Fiber Speed (Duhok)
733-R05-FDT04-FAT39,37.17499218,42.69401936,Fiber Speed (Duhok)
733-R05-FDT04-FAT40,37.1750224,42.69534084,Fiber Speed (Duhok)
733-R05-FDT04-FAT41,37.17444682,42.69569713,Fiber Speed (Duhok)
733-R05-FDT04-FAT42,37.17328665,42.69088064,Fiber Speed (Duhok)
733-R05-FDT04-FAT43,37.17265222,42.69182665,Fiber Speed (Duhok)
733-R05-FDT04-FAT44,37.17573896,42.69688801,Fiber Speed (Duhok)
733-R05-FDT04-FAT45,37.17405754,42.69542708,Fiber Speed (Duhok)
733-R05-FDT04-FAT46,37.17394084,42.69168413,Fiber Speed (Duhok)
733-R05-FDT04-FAT47,37.17436201,42.69079284,Fiber Speed (Duhok)
733-R05-FDT04-FAT48,37.17373711,42.69348034,Fiber Speed (Duhok)
733-R05-FDT04-FAT49,37.17477992,42.69276367,Fiber Speed (Duhok)
733-R05-FDT04-FAT50,37.17539451,42.69229979,Fiber Speed (Duhok)
733-R05-FDT04-FAT51,37.17122805,42.68594555,Fiber Speed (Duhok)
733-R05-FDT04-FAT52,37.17601871,42.6920825,Fiber Speed (Duhok)
733-R05-FDT04-FAT53,37.17311038,42.68403511,Fiber Speed (Duhok)
733-R05-FDT04-FAT54,37.17296576,42.68616022,Fiber Speed (Duhok)
733-R05-FDT04-FAT55,37.17555319,42.69374389,Fiber Speed (Duhok)
733-R05-FDT05-FAT01,37.17508145,42.67879215,Fiber Speed (Duhok)
733-R05-FDT05-FAT02,37.17548595,42.67857798,Fiber Speed (Duhok)
733-R05-FDT05-FAT03,37.17589336,42.6790745,Fiber Speed (Duhok)
733-R05-FDT05-FAT04,37.17497238,42.67996951,Fiber Speed (Duhok)
733-R05-FDT05-FAT05,37.17517025,42.67778157,Fiber Speed (Duhok)
733-R05-FDT05-FAT06,37.17604977,42.67752318,Fiber Speed (Duhok)
733-R05-FDT05-FAT07,37.1764706,42.6780252,Fiber Speed (Duhok)
733-R05-FDT05-FAT08,37.17527694,42.67658629,Fiber Speed (Duhok)
733-R05-FDT05-FAT09,37.17538662,42.67549858,Fiber Speed (Duhok)
733-R05-FDT05-FAT10,37.17581975,42.6758334,Fiber Speed (Duhok)
733-R05-FDT05-FAT11,37.17571045,42.67688309,Fiber Speed (Duhok)
733-R05-FDT05-FAT12,37.1761692,42.67632637,Fiber Speed (Duhok)
733-R05-FDT05-FAT13,37.17677023,42.67487288,Fiber Speed (Duhok)
733-R05-FDT05-FAT14,37.17655013,42.67630158,Fiber Speed (Duhok)
733-R05-FDT05-FAT15,37.17608634,42.67509704,Fiber Speed (Duhok)
733-R05-FDT05-FAT16,37.17632885,42.67464749,Fiber Speed (Duhok)
733-R05-FDT05-FAT17,37.17357079,42.68075481,Fiber Speed (Duhok)
733-R05-FDT05-FAT18,37.17366272,42.68135494,Fiber Speed (Duhok)
733-R05-FDT05-FAT19,37.17472617,42.68249194,Fiber Speed (Duhok)
733-R05-FDT05-FAT20,37.17460963,42.68374687,Fiber Speed (Duhok)
733-R05-FDT05-FAT21,37.17437662,42.68501708,Fiber Speed (Duhok)
733-R05-FDT05-FAT22,37.17525963,42.68092557,Fiber Speed (Duhok)
733-R05-FDT05-FAT23,37.17586074,42.68054162,Fiber Speed (Duhok)
733-R05-FDT05-FAT24,37.17619678,42.68101651,Fiber Speed (Duhok)
733-R05-FDT05-FAT25,37.17519593,42.68254312,Fiber Speed (Duhok)
733-R05-FDT05-FAT26,37.17570605,42.68203974,Fiber Speed (Duhok)
733-R05-FDT05-FAT27,37.17565375,42.68268029,Fiber Speed (Duhok)
733-R05-FDT05-FAT28,37.17229938,42.67863554,Fiber Speed (Duhok)
733-R05-FDT05-FAT29,37.17368204,42.67938719,Fiber Speed (Duhok)
733-R05-FDT05-FAT30,37.1734177,42.67853062,Fiber Speed (Duhok)
733-R05-FDT05-FAT31,37.17314831,42.67964457,Fiber Speed (Duhok)
733-R05-FDT05-FAT32,37.17315479,42.67999597,Fiber Speed (Duhok)
733-R05-FDT05-FAT33,37.17255833,42.68014884,Fiber Speed (Duhok)
733-R05-FDT05-FAT34,37.17235279,42.68097945,Fiber Speed (Duhok)
733-R05-FDT05-FAT35,37.17282728,42.68095485,Fiber Speed (Duhok)
733-R05-FDT05-FAT36,37.17265675,42.68165105,Fiber Speed (Duhok)
733-R05-FDT05-FAT37,37.17310942,42.68174739,Fiber Speed (Duhok)
733-R05-FDT05-FAT38,37.17286395,42.68275302,Fiber Speed (Duhok)
733-R05-FDT05-FAT39,37.17316226,42.68286308,Fiber Speed (Duhok)
733-R05-FDT05-FAT40,37.17355999,42.6766806,Fiber Speed (Duhok)
733-R05-FDT05-FAT41,37.1737782,42.6762082,Fiber Speed (Duhok)
733-R05-FDT05-FAT42,37.17462648,42.67592222,Fiber Speed (Duhok)
733-R05-FDT05-FAT43,37.17472847,42.67485318,Fiber Speed (Duhok)
733-R05-FDT05-FAT44,37.17540736,42.67433979,Fiber Speed (Duhok)
733-R05-FDT05-FAT45,37.17635259,42.68326221,Fiber Speed (Duhok)
733-R05-FDT05-FAT46,37.17687986,42.67885084,Fiber Speed (Duhok)
733-R05-FDT05-FAT47,37.173861,42.675111,Fiber Speed (Duhok)
733-R05-FDT05-FAT48,37.1736393,42.67177659,Fiber Speed (Duhok)
733-R05-FDT05-FAT49,37.17557536,42.67381412,Fiber Speed (Duhok)
733-R05-FDT06-FAT01,37.17037037,42.6764158,Fiber Speed (Duhok)
733-R05-FDT06-FAT02,37.17050427,42.67587769,Fiber Speed (Duhok)
733-R05-FDT06-FAT03,37.17070285,42.67507959,Fiber Speed (Duhok)
733-R05-FDT06-FAT04,37.17094292,42.67602911,Fiber Speed (Duhok)
733-R05-FDT06-FAT05,37.17112457,42.67527163,Fiber Speed (Duhok)
733-R05-FDT06-FAT06,37.17061753,42.6768201,Fiber Speed (Duhok)
733-R05-FDT06-FAT07,37.17134399,42.6770366,Fiber Speed (Duhok)
733-R05-FDT06-FAT08,37.17172467,42.67702506,Fiber Speed (Duhok)
733-R05-FDT06-FAT09,37.17195608,42.67607793,Fiber Speed (Duhok)
733-R05-FDT06-FAT10,37.17222287,42.67691875,Fiber Speed (Duhok)
733-R05-FDT06-FAT11,37.17241718,42.67610019,Fiber Speed (Duhok)
733-R05-FDT06-FAT12,37.1725671,42.67750065,Fiber Speed (Duhok)
733-R05-FDT06-FAT13,37.17310483,42.67709216,Fiber Speed (Duhok)
733-R05-FDT06-FAT14,37.17278151,42.67660818,Fiber Speed (Duhok)
733-R05-FDT06-FAT15,37.17342947,42.67493497,Fiber Speed (Duhok)
733-R05-FDT06-FAT16,37.17331204,42.67377532,Fiber Speed (Duhok)
733-R05-FDT06-FAT17,37.17014733,42.67726518,Fiber Speed (Duhok)
733-R05-FDT06-FAT18,37.17066324,42.67746003,Fiber Speed (Duhok)
733-R05-FDT06-FAT19,37.17038583,42.67861522,Fiber Speed (Duhok)
733-R05-FDT06-FAT20,37.16976697,42.67924961,Fiber Speed (Duhok)
733-R05-FDT06-FAT21,37.17122295,42.67915307,Fiber Speed (Duhok)
733-R05-FDT06-FAT22,37.17084831,42.67833811,Fiber Speed (Duhok)
733-R05-FDT06-FAT23,37.17155355,42.6777963,Fiber Speed (Duhok)
733-R05-FDT06-FAT24,37.17198884,42.67796071,Fiber Speed (Duhok)
733-R05-FDT06-FAT25,37.17169407,42.67912262,Fiber Speed (Duhok)
733-R05-FDT06-FAT26,37.17159496,42.67951325,Fiber Speed (Duhok)
733-R05-FDT06-FAT27,37.17207641,42.68013153,Fiber Speed (Duhok)
733-R05-FDT06-FAT28,37.17194312,42.68067434,Fiber Speed (Duhok)
733-R05-FDT06-FAT29,37.16953461,42.6797385,Fiber Speed (Duhok)
733-R05-FDT06-FAT30,37.17042588,42.68007191,Fiber Speed (Duhok)
733-R05-FDT06-FAT31,37.17066769,42.67973382,Fiber Speed (Duhok)
733-R05-FDT06-FAT32,37.1711872,42.67993633,Fiber Speed (Duhok)
733-R05-FDT06-FAT33,37.17154973,42.68074405,Fiber Speed (Duhok)
733-R05-FDT06-FAT34,37.17008134,42.67566496,Fiber Speed (Duhok)
733-R05-FDT06-FAT35,37.1703292,42.67462528,Fiber Speed (Duhok)
733-R05-FDT06-FAT36,37.16992055,42.67476456,Fiber Speed (Duhok)
733-R05-FDT06-FAT37,37.16969734,42.6738278,Fiber Speed (Duhok)
733-R05-FDT06-FAT38,37.17108203,42.674362,Fiber Speed (Duhok)
733-R05-FDT06-FAT39,37.17110145,42.67346981,Fiber Speed (Duhok)
733-R05-FDT06-FAT40,37.17152462,42.67391666,Fiber Speed (Duhok)
733-R05-FDT06-FAT41,37.1692921,42.67322461,Fiber Speed (Duhok)
733-R05-FDT06-FAT42,37.16991966,42.67244618,Fiber Speed (Duhok)
733-R05-FDT06-FAT43,37.17013316,42.67353852,Fiber Speed (Duhok)
733-R05-FDT06-FAT44,37.17078989,42.67309773,Fiber Speed (Duhok)
733-R05-FDT06-FAT45,37.17197509,42.67383141,Fiber Speed (Duhok)
733-R05-FDT06-FAT46,37.17346063,42.67753553,Fiber Speed (Duhok)
733-R05-FDT07-FAT01,37.16852561,42.68725955,Fiber Speed (Duhok)
733-R05-FDT07-FAT02,37.16918009,42.68788419,Fiber Speed (Duhok)
733-R05-FDT07-FAT03,37.16964644,42.68769882,Fiber Speed (Duhok)
733-R05-FDT07-FAT04,37.17045548,42.68799743,Fiber Speed (Duhok)
733-R05-FDT07-FAT05,37.16991079,42.68838798,Fiber Speed (Duhok)
733-R05-FDT07-FAT06,37.16806493,42.68717715,Fiber Speed (Duhok)
733-R05-FDT07-FAT07,37.16790047,42.6878617,Fiber Speed (Duhok)
733-R05-FDT07-FAT08,37.16751206,42.6897687,Fiber Speed (Duhok)
733-R05-FDT07-FAT09,37.16756144,42.68697951,Fiber Speed (Duhok)
733-R05-FDT07-FAT10,37.16930103,42.68705279,Fiber Speed (Duhok)
733-R05-FDT07-FAT11,37.1698254,42.68681244,Fiber Speed (Duhok)
733-R05-FDT07-FAT12,37.17042423,42.68633165,Fiber Speed (Duhok)
733-R05-FDT07-FAT13,37.17093074,42.68684723,Fiber Speed (Duhok)
733-R05-FDT07-FAT14,37.17078766,42.68760573,Fiber Speed (Duhok)
733-R05-FDT07-FAT15,37.16955094,42.68632082,Fiber Speed (Duhok)
733-R05-FDT07-FAT16,37.16970468,42.68568927,Fiber Speed (Duhok)
733-R05-FDT07-FAT17,37.16996834,42.68543913,Fiber Speed (Duhok)
733-R05-FDT07-FAT18,37.17084029,42.68562248,Fiber Speed (Duhok)
733-R05-FDT07-FAT19,37.17103029,42.68479318,Fiber Speed (Duhok)
733-R05-FDT07-FAT20,37.16725877,42.6860984,Fiber Speed (Duhok)
733-R05-FDT07-FAT21,37.16780022,42.68569282,Fiber Speed (Duhok)
733-R05-FDT07-FAT22,37.16806422,42.68463008,Fiber Speed (Duhok)
733-R05-FDT07-FAT23,37.16860616,42.68454187,Fiber Speed (Duhok)
733-R05-FDT07-FAT24,37.16783692,42.68376309,Fiber Speed (Duhok)
733-R05-FDT07-FAT25,37.16924066,42.683285,Fiber Speed (Duhok)
733-R05-FDT07-FAT26,37.16909902,42.68226525,Fiber Speed (Duhok)
733-R05-FDT07-FAT27,37.16882335,42.68164958,Fiber Speed (Duhok)
733-R05-FDT07-FAT28,37.17061892,42.68165894,Fiber Speed (Duhok)
733-R05-FDT07-FAT29,37.1714957,42.68124341,Fiber Speed (Duhok)
733-R05-FDT07-FAT30,37.16993366,42.68209723,Fiber Speed (Duhok)
733-R05-FDT07-FAT31,37.16968595,42.68108187,Fiber Speed (Duhok)
733-R05-FDT07-FAT32,37.16948129,42.68054673,Fiber Speed (Duhok)
733-R05-FDT07-FAT33,37.16816439,42.68583439,Fiber Speed (Duhok)
733-R05-FDT07-FAT34,37.16854347,42.68522385,Fiber Speed (Duhok)
733-R05-FDT07-FAT35,37.16892928,42.68536637,Fiber Speed (Duhok)
733-R05-FDT07-FAT36,37.16901125,42.68476645,Fiber Speed (Duhok)
733-R05-FDT07-FAT37,37.16939068,42.68434438,Fiber Speed (Duhok)
733-R05-FDT07-FAT38,37.17020641,42.68494502,Fiber Speed (Duhok)
733-R05-FDT07-FAT39,37.17054373,42.68485013,Fiber Speed (Duhok)
733-R05-FDT07-FAT40,37.1699629,42.68433488,Fiber Speed (Duhok)
733-R05-FDT07-FAT41,37.17027429,42.68380871,Fiber Speed (Duhok)
733-R05-FDT07-FAT42,37.17089433,42.68333617,Fiber Speed (Duhok)
733-R05-FDT07-FAT43,37.16987155,42.6831045,Fiber Speed (Duhok)
733-R05-FDT07-FAT44,37.16884642,42.68798168,Fiber Speed (Duhok)
733-R05-FDT07-FAT45,37.16876839,42.68345248,Fiber Speed (Duhok)
733-R06-FDT01-FAT01,37.15841407,42.66878735,Delta (Zakho)
733-R06-FDT01-FAT02,37.15833265,42.66895255,Delta (Zakho)
733-R06-FDT01-FAT03,37.15656053,42.66796783,Delta (Zakho)
733-R06-FDT01-FAT04,37.15620546,42.66691257,Delta (Zakho)
733-R06-FDT01-FAT05,37.15593032,42.66760461,Delta (Zakho)
733-R06-FDT01-FAT06,37.15700838,42.66798572,Delta (Zakho)
733-R06-FDT01-FAT07,37.15695608,42.66881874,Delta (Zakho)
733-R06-FDT01-FAT08,37.15611296,42.66883224,Delta (Zakho)
733-R06-FDT01-FAT09,37.15543726,42.66845405,Delta (Zakho)
733-R06-FDT01-FAT10,37.15482574,42.66879292,Delta (Zakho)
733-R06-FDT01-FAT11,37.15689532,42.66941705,Delta (Zakho)
733-R06-FDT01-FAT12,37.15624308,42.66963411,Delta (Zakho)
733-R06-FDT01-FAT13,37.15548685,42.66997614,Delta (Zakho)
733-R06-FDT01-FAT14,37.15524983,42.67128234,Delta (Zakho)
733-R06-FDT01-FAT15,37.15522004,42.67201059,Delta (Zakho)
733-R06-FDT01-FAT16,37.15559134,42.67195484,Delta (Zakho)
733-R06-FDT01-FAT17,37.15487614,42.67073945,Delta (Zakho)
733-R06-FDT01-FAT18,37.15468989,42.67143236,Delta (Zakho)
733-R06-FDT01-FAT19,37.15837059,42.66748397,Delta (Zakho)
733-R06-FDT01-FAT20,37.15727845,42.66750335,Delta (Zakho)
733-R06-FDT01-FAT21,37.15665694,42.66601491,Delta (Zakho)
733-R06-FDT01-FAT22,37.15860905,42.66586751,Delta (Zakho)
733-R06-FDT01-FAT23,37.1590578,42.66596664,Delta (Zakho)
733-R06-FDT01-FAT24,37.15958559,42.66461425,Delta (Zakho)
733-R06-FDT01-FAT25,37.15525432,42.66443459,Delta (Zakho)
733-R06-FDT01-FAT26,37.15358071,42.66291618,Delta (Zakho)
733-R06-FDT01-FAT27,37.15790774,42.66519024,Delta (Zakho)
733-R06-FDT01-FAT28,37.15845093,42.66532147,Delta (Zakho)
733-R06-FDT01-FAT29,37.15715123,42.66513958,Delta (Zakho)
733-R06-FDT01-FAT30,37.15746203,42.66461891,Delta (Zakho)
733-R06-FDT01-FAT31,37.15788756,42.66389891,Delta (Zakho)
733-R06-FDT01-FAT32,37.15801431,42.66368323,Delta (Zakho)
733-R06-FDT01-FAT33,37.15849948,42.66286461,Delta (Zakho)
733-R06-FDT01-FAT34,37.15961387,42.66068237,Delta (Zakho)
733-R06-FDT01-FAT35,37.15739726,42.66969898,Delta (Zakho)
733-R06-FDT01-FAT36,37.15691541,42.67060737,Delta (Zakho)
733-R06-FDT01-FAT37,37.15702904,42.67125802,Delta (Zakho)
733-R06-FDT01-FAT38,37.1567311,42.67186766,Delta (Zakho)
733-R06-FDT01-FAT39,37.1561478,42.67086917,Delta (Zakho)
733-R06-FDT01-FAT40,37.15628992,42.67179213,Delta (Zakho)
733-R06-FDT01-FAT41,37.15612724,42.67272099,Delta (Zakho)
733-R06-FDT01-FAT42,37.15613808,42.67327425,Delta (Zakho)
733-R06-FDT01-FAT43,37.15566709,42.67362179,Delta (Zakho)
733-R06-FDT01-FAT44,37.16112731,42.66256356,Delta (Zakho)
733-R06-FDT01-FAT45,37.15893598,42.66321744,Delta (Zakho)
733-R06-FDT01-FAT46,37.15435254,42.66580503,Delta (Zakho)
733-R06-FDT01-FAT47,37.15920347,42.66248239,Delta (Zakho)
733-R06-FDT01-FAT48,37.15984845,42.66346018,Delta (Zakho)
733-R06-FDT01-FAT49,37.15770152,42.67161862,Delta (Zakho)
733-R06-FDT02-FAT01,37.1551105,42.67979903,Fiber Speed (Duhok)
733-R06-FDT02-FAT02,37.15577881,42.68037704,Fiber Speed (Duhok)
733-R06-FDT02-FAT03,37.15631877,42.6808337,Fiber Speed (Duhok)
733-R06-FDT02-FAT04,37.15689955,42.68032592,Fiber Speed (Duhok)
733-R06-FDT02-FAT05,37.15540027,42.6793593,Fiber Speed (Duhok)
733-R06-FDT02-FAT06,37.15572618,42.67923716,Fiber Speed (Duhok)
733-R06-FDT02-FAT07,37.15605357,42.67889834,Fiber Speed (Duhok)
733-R06-FDT02-FAT08,37.15649764,42.68006251,Fiber Speed (Duhok)
733-R06-FDT02-FAT09,37.15739039,42.67966711,Fiber Speed (Duhok)
733-R06-FDT02-FAT10,37.15769578,42.67881313,Fiber Speed (Duhok)
733-R06-FDT02-FAT11,37.15816104,42.678516,Fiber Speed (Duhok)
733-R06-FDT02-FAT12,37.15702733,42.67921132,Fiber Speed (Duhok)
733-R06-FDT02-FAT13,37.15790549,42.68093151,Fiber Speed (Duhok)
733-R06-FDT02-FAT14,37.15905176,42.68123164,Fiber Speed (Duhok)
733-R06-FDT02-FAT15,37.15730993,42.68187799,Fiber Speed (Duhok)
733-R06-FDT02-FAT16,37.15863402,42.68023563,Fiber Speed (Duhok)
733-R06-FDT02-FAT17,37.15770376,42.67979482,Fiber Speed (Duhok)
733-R06-FDT02-FAT18,37.15880294,42.67958906,Fiber Speed (Duhok)
733-R06-FDT02-FAT19,37.15935023,42.67882834,Fiber Speed (Duhok)
733-R06-FDT02-FAT20,37.15988845,42.67902316,Fiber Speed (Duhok)
733-R06-FDT02-FAT21,37.16054238,42.67938713,Fiber Speed (Duhok)
733-R06-FDT02-FAT22,37.15433326,42.67899039,Fiber Speed (Duhok)
733-R06-FDT02-FAT23,37.15407115,42.67946001,Fiber Speed (Duhok)
733-R06-FDT02-FAT24,37.15413211,42.68029666,Fiber Speed (Duhok)
733-R06-FDT02-FAT25,37.15373977,42.68102284,Fiber Speed (Duhok)
733-R06-FDT02-FAT26,37.1531976,42.68095399,Fiber Speed (Duhok)
733-R06-FDT02-FAT27,37.1549811,42.68171514,Fiber Speed (Duhok)
733-R06-FDT02-FAT28,37.15429695,42.68082646,Fiber Speed (Duhok)
733-R06-FDT02-FAT29,37.15385597,42.68162088,Fiber Speed (Duhok)
733-R06-FDT02-FAT30,37.15509781,42.68036495,Fiber Speed (Duhok)
733-R06-FDT02-FAT31,37.15548792,42.68067699,Fiber Speed (Duhok)
733-R06-FDT02-FAT32,37.15592886,42.68115486,Fiber Speed (Duhok)
733-R06-FDT02-FAT33,37.15544829,42.68247498,Fiber Speed (Duhok)
733-R06-FDT02-FAT34,37.15480791,42.67809117,Fiber Speed (Duhok)
733-R06-FDT02-FAT35,37.15507898,42.67899892,Fiber Speed (Duhok)
733-R06-FDT02-FAT36,37.15539755,42.67806638,Fiber Speed (Duhok)
733-R06-FDT02-FAT37,37.1556835,42.67818203,Fiber Speed (Duhok)
733-R06-FDT02-FAT38,37.15629683,42.6779055,Fiber Speed (Duhok)
733-R06-FDT02-FAT39,37.15681306,42.67710015,Fiber Speed (Duhok)
733-R06-FDT02-FAT40,37.15722904,42.67806507,Fiber Speed (Duhok)
733-R06-FDT02-FAT41,37.15783109,42.6778132,Fiber Speed (Duhok)
733-R06-FDT02-FAT42,37.15807583,42.67732382,Fiber Speed (Duhok)
733-R06-FDT02-FAT43,37.15906438,42.67790605,Fiber Speed (Duhok)
733-R06-FDT02-FAT44,37.16048628,42.67872228,Fiber Speed (Duhok)
733-R06-FDT03-FAT01,37.15230175,42.68560491,Fiber Speed (Duhok)
733-R06-FDT03-FAT02,37.15306209,42.6861602,Fiber Speed (Duhok)
733-R06-FDT03-FAT03,37.15221518,42.68680095,Fiber Speed (Duhok)
733-R06-FDT03-FAT04,37.1520796,42.68603491,Fiber Speed (Duhok)
733-R06-FDT03-FAT05,37.15283324,42.68676401,Fiber Speed (Duhok)
733-R06-FDT03-FAT06,37.15344455,42.68661838,Fiber Speed (Duhok)
733-R06-FDT03-FAT07,37.15373889,42.68687344,Fiber Speed (Duhok)
733-R06-FDT03-FAT08,37.15415667,42.68658337,Fiber Speed (Duhok)
733-R06-FDT03-FAT09,37.15431838,42.68572277,Fiber Speed (Duhok)
733-R06-FDT03-FAT10,37.15449455,42.6847852,Fiber Speed (Duhok)
733-R06-FDT03-FAT11,37.15437063,42.68733474,Fiber Speed (Duhok)
733-R06-FDT03-FAT12,37.15479414,42.68619203,Fiber Speed (Duhok)
733-R06-FDT03-FAT13,37.1551342,42.68527447,Fiber Speed (Duhok)
733-R06-FDT03-FAT14,37.15450675,42.68786857,Fiber Speed (Duhok)
733-R06-FDT03-FAT15,37.15474754,42.68796709,Fiber Speed (Duhok)
733-R06-FDT03-FAT16,37.15542568,42.68647634,Fiber Speed (Duhok)
733-R06-FDT03-FAT17,37.1557573,42.68601196,Fiber Speed (Duhok)
733-R06-FDT03-FAT18,37.15098256,42.68484422,Fiber Speed (Duhok)
733-R06-FDT03-FAT19,37.15157373,42.68380607,Fiber Speed (Duhok)
733-R06-FDT03-FAT20,37.15117158,42.68554078,Fiber Speed (Duhok)
733-R06-FDT03-FAT21,37.15176393,42.68450524,Fiber Speed (Duhok)
733-R06-FDT03-FAT22,37.15204807,42.68400849,Fiber Speed (Duhok)
733-R06-FDT03-FAT23,37.15261232,42.68282193,Fiber Speed (Duhok)
733-R06-FDT03-FAT24,37.15335633,42.68152696,Fiber Speed (Duhok)
733-R06-FDT03-FAT25,37.15338477,42.68245367,Fiber Speed (Duhok)
733-R06-FDT03-FAT26,37.152258,42.68259489,Fiber Speed (Duhok)
733-R06-FDT03-FAT27,37.15310544,42.68308806,Fiber Speed (Duhok)
733-R06-FDT03-FAT28,37.15376968,42.68272754,Fiber Speed (Duhok)
733-R06-FDT03-FAT29,37.15410214,42.68210451,Fiber Speed (Duhok)
733-R06-FDT03-FAT30,37.15319953,42.68372031,Fiber Speed (Duhok)
733-R06-FDT03-FAT31,37.15414345,42.68401401,Fiber Speed (Duhok)
733-R06-FDT03-FAT32,37.15437925,42.68327133,Fiber Speed (Duhok)
733-R06-FDT03-FAT33,37.15169781,42.68558844,Fiber Speed (Duhok)
733-R06-FDT03-FAT34,37.15218066,42.68475327,Fiber Speed (Duhok)
733-R06-FDT03-FAT35,37.15344179,42.6849963,Fiber Speed (Duhok)
733-R06-FDT03-FAT36,37.15255485,42.68406216,Fiber Speed (Duhok)
733-R06-FDT03-FAT37,37.15260991,42.68504088,Fiber Speed (Duhok)
733-R06-FDT03-FAT38,37.15330257,42.68545976,Fiber Speed (Duhok)
733-R06-FDT03-FAT39,37.15400181,42.68558993,Fiber Speed (Duhok)
733-R06-FDT03-FAT40,37.15453384,42.68868807,Fiber Speed (Duhok)
733-R06-FDT03-FAT41,37.15136682,42.68698027,Fiber Speed (Duhok)
733-R06-FDT03-FAT42,37.15265254,42.68805986,Fiber Speed (Duhok)
733-R06-FDT04-FAT01,37.16132851,42.68950167,Fiber Speed (Duhok)
733-R06-FDT04-FAT02,37.16150388,42.69030248,Fiber Speed (Duhok)
733-R06-FDT04-FAT03,37.16111147,42.68898823,Fiber Speed (Duhok)
733-R06-FDT04-FAT04,37.16190535,42.68866253,Fiber Speed (Duhok)
733-R06-FDT04-FAT05,37.16203431,42.68755384,Fiber Speed (Duhok)
733-R06-FDT04-FAT06,37.1621526,42.6888813,Fiber Speed (Duhok)
733-R06-FDT04-FAT07,37.16290245,42.68847311,Fiber Speed (Duhok)
733-R06-FDT04-FAT08,37.16320942,42.68764361,Fiber Speed (Duhok)
733-R06-FDT04-FAT09,37.16225907,42.69018857,Fiber Speed (Duhok)
733-R06-FDT04-FAT10,37.16274893,42.68778854,Fiber Speed (Duhok)
733-R06-FDT04-FAT11,37.16315714,42.68946699,Fiber Speed (Duhok)
733-R06-FDT04-FAT12,37.163341,42.68896702,Fiber Speed (Duhok)
733-R06-FDT04-FAT13,37.16364888,42.68812978,Fiber Speed (Duhok)
733-R06-FDT04-FAT14,37.16447201,42.68861097,Fiber Speed (Duhok)
733-R06-FDT04-FAT15,37.16323056,42.69042432,Fiber Speed (Duhok)
733-R06-FDT04-FAT16,37.16279019,42.69048562,Fiber Speed (Duhok)
733-R06-FDT04-FAT17,37.16263702,42.69091167,Fiber Speed (Duhok)
733-R06-FDT04-FAT18,37.16347507,42.68976683,Fiber Speed (Duhok)
733-R06-FDT04-FAT19,37.16365082,42.69087453,Fiber Speed (Duhok)
733-R06-FDT04-FAT20,37.1644764,42.69134682,Fiber Speed (Duhok)
733-R06-FDT04-FAT21,37.16508366,42.68995904,Fiber Speed (Duhok)
733-R06-FDT04-FAT22,37.16428645,42.69024901,Fiber Speed (Duhok)
733-R06-FDT04-FAT23,37.16471494,42.69098283,Fiber Speed (Duhok)
733-R06-FDT04-FAT24,37.16506143,42.69181779,Fiber Speed (Duhok)
733-R06-FDT04-FAT25,37.16031603,42.68937504,Fiber Speed (Duhok)
733-R06-FDT04-FAT26,37.1596733,42.68997591,Fiber Speed (Duhok)
733-R06-FDT04-FAT27,37.16012654,42.68810598,Fiber Speed (Duhok)
733-R06-FDT04-FAT28,37.15931677,42.68848328,Fiber Speed (Duhok)
733-R06-FDT04-FAT29,37.15883695,42.68955878,Fiber Speed (Duhok)
733-R06-FDT04-FAT30,37.15860229,42.68880085,Fiber Speed (Duhok)
733-R06-FDT04-FAT31,37.15818983,42.68921595,Fiber Speed (Duhok)
733-R06-FDT04-FAT32,37.15977119,42.6885725,Fiber Speed (Duhok)
733-R06-FDT04-FAT33,37.1591438,42.68757748,Fiber Speed (Duhok)
733-R06-FDT04-FAT34,37.15857138,42.68663886,Fiber Speed (Duhok)
733-R06-FDT04-FAT35,37.15835172,42.68723588,Fiber Speed (Duhok)
733-R06-FDT04-FAT36,37.15803911,42.68806532,Fiber Speed (Duhok)
733-R06-FDT04-FAT37,37.1608062,42.68795582,Fiber Speed (Duhok)
733-R06-FDT04-FAT38,37.16060258,42.68783763,Fiber Speed (Duhok)
733-R06-FDT04-FAT39,37.16027752,42.68690702,Fiber Speed (Duhok)
733-R06-FDT04-FAT40,37.16070005,42.68581286,Fiber Speed (Duhok)
733-R06-FDT04-FAT41,37.16028034,42.68557692,Fiber Speed (Duhok)
733-R06-FDT04-FAT42,37.16088179,42.68664691,Fiber Speed (Duhok)
733-R06-FDT04-FAT43,37.15945522,42.68711507,Fiber Speed (Duhok)
733-R06-FDT04-FAT44,37.15929035,42.68604555,Fiber Speed (Duhok)
733-R06-FDT04-FAT45,37.16217525,42.68643277,Fiber Speed (Duhok)
733-R06-FDT04-FAT46,37.16148229,42.6866197,Fiber Speed (Duhok)
733-R06-FDT04-FAT47,37.16233305,42.6870991,Fiber Speed (Duhok)
733-R06-FDT04-FAT48,37.16147615,42.68666962,Fiber Speed (Duhok)
733-R06-FDT04-FAT49,37.16470851,42.68977396,Fiber Speed (Duhok)
733-R06-FDT04-FAT50,37.15962392,42.68663824,Fiber Speed (Duhok)
733-R06-FDT04-FAT51,37.16040571,42.68965387,Fiber Speed (Duhok)
733-R06-FDT04-FAT52,37.16664514,42.692359,Fiber Speed (Duhok)
733-R06-FDT04-FAT53,37.16643117,42.69165729,Fiber Speed (Duhok)
733-R06-FDT04-FAT54,37.16658789,42.69103108,Fiber Speed (Duhok)
733-R06-FDT04-FAT55,37.16658119,42.69038943,Fiber Speed (Duhok)
733-R06-FDT05-FAT01,37.16320631,42.68499388,Fiber Speed (Duhok)
733-R06-FDT05-FAT02,37.16435711,42.68583328,Fiber Speed (Duhok)
733-R06-FDT05-FAT03,37.16382308,42.68729469,Fiber Speed (Duhok)
733-R06-FDT05-FAT04,37.16429042,42.68775065,Fiber Speed (Duhok)
733-R06-FDT05-FAT05,37.16462154,42.68818445,Fiber Speed (Duhok)
733-R06-FDT05-FAT06,37.16522965,42.68853477,Fiber Speed (Duhok)
733-R06-FDT05-FAT07,37.16554939,42.6890321,Fiber Speed (Duhok)
733-R06-FDT05-FAT08,37.16594653,42.68925556,Fiber Speed (Duhok)
733-R06-FDT05-FAT09,37.16493016,42.68577888,Fiber Speed (Duhok)
733-R06-FDT05-FAT10,37.16529194,42.68614322,Fiber Speed (Duhok)
733-R06-FDT05-FAT11,37.16529708,42.68714419,Fiber Speed (Duhok)
733-R06-FDT05-FAT12,37.16598647,42.68641075,Fiber Speed (Duhok)
733-R06-FDT05-FAT13,37.16621505,42.68601308,Fiber Speed (Duhok)
733-R06-FDT05-FAT14,37.16601448,42.6876871,Fiber Speed (Duhok)
733-R06-FDT05-FAT15,37.16587637,42.68694182,Fiber Speed (Duhok)
733-R06-FDT05-FAT16,37.16654286,42.68732627,Fiber Speed (Duhok)
733-R06-FDT05-FAT17,37.16671898,42.68682463,Fiber Speed (Duhok)
733-R06-FDT05-FAT18,37.1617696,42.68535806,Fiber Speed (Duhok)
733-R06-FDT05-FAT19,37.16095719,42.68534067,Fiber Speed (Duhok)
733-R06-FDT05-FAT20,37.16165048,42.68426306,Fiber Speed (Duhok)
733-R06-FDT05-FAT21,37.16090111,42.683631,Fiber Speed (Duhok)
733-R06-FDT05-FAT22,37.16077831,42.68425034,Fiber Speed (Duhok)
733-R06-FDT05-FAT23,37.1603145,42.68415649,Fiber Speed (Duhok)
733-R06-FDT05-FAT24,37.15983399,42.68434779,Fiber Speed (Duhok)
733-R06-FDT05-FAT25,37.159427,42.68427913,Fiber Speed (Duhok)
733-R06-FDT05-FAT26,37.15948089,42.68524465,Fiber Speed (Duhok)
733-R06-FDT05-FAT27,37.16250242,42.68381363,Fiber Speed (Duhok)
733-R06-FDT05-FAT28,37.16278017,42.68305422,Fiber Speed (Duhok)
733-R06-FDT05-FAT29,37.16271085,42.68275224,Fiber Speed (Duhok)
733-R06-FDT05-FAT30,37.16176709,42.68289437,Fiber Speed (Duhok)
733-R06-FDT05-FAT31,37.1611994,42.68228534,Fiber Speed (Duhok)
733-R06-FDT05-FAT32,37.16153833,42.68347782,Fiber Speed (Duhok)
733-R06-FDT05-FAT33,37.16063919,42.68299361,Fiber Speed (Duhok)
733-R06-FDT05-FAT34,37.16066043,42.68265975,Fiber Speed (Duhok)
733-R06-FDT05-FAT35,37.16094164,42.68162343,Fiber Speed (Duhok)
733-R06-FDT05-FAT36,37.16120797,42.68088665,Fiber Speed (Duhok)
733-R06-FDT05-FAT37,37.16213155,42.68127482,Fiber Speed (Duhok)
733-R06-FDT05-FAT38,37.16097639,42.68010949,Fiber Speed (Duhok)
733-R06-FDT05-FAT39,37.16139851,42.68034663,Fiber Speed (Duhok)
733-R06-FDT05-FAT40,37.1627559,42.68425666,Fiber Speed (Duhok)
733-R06-FDT05-FAT41,37.16356483,42.68407114,Fiber Speed (Duhok)
733-R06-FDT05-FAT42,37.16416283,42.68367064,Fiber Speed (Duhok)
733-R06-FDT05-FAT43,37.16312721,42.68324823,Fiber Speed (Duhok)
733-R06-FDT05-FAT44,37.16335811,42.68456055,Fiber Speed (Duhok)
733-R06-FDT05-FAT45,37.16395232,42.68490324,Fiber Speed (Duhok)
733-R06-FDT05-FAT46,37.16444095,42.68429043,Fiber Speed (Duhok)
733-R06-FDT05-FAT47,37.16493119,42.68425724,Fiber Speed (Duhok)
733-R06-FDT05-FAT48,37.16483111,42.68640853,Fiber Speed (Duhok)
733-R06-FDT05-FAT49,37.1598295,42.6833069,Fiber Speed (Duhok)
733-R06-FDT05-FAT50,37.16518463,42.68517131,Fiber Speed (Duhok)
733-R06-FDT05-FAT51,37.16477554,42.6870693,Fiber Speed (Duhok)
733-R06-FDT05-FAT52,37.16540567,42.68805716,Fiber Speed (Duhok)
733-R06-FDT06-FAT01,37.16433118,42.68193789,Fiber Speed (Duhok)
733-R06-FDT06-FAT02,37.16364183,42.68184791,Fiber Speed (Duhok)
733-R06-FDT06-FAT03,37.16435514,42.68125153,Fiber Speed (Duhok)
733-R06-FDT06-FAT04,37.1653763,42.68198824,Fiber Speed (Duhok)
733-R06-FDT06-FAT05,37.16614331,42.68244268,Fiber Speed (Duhok)
733-R06-FDT06-FAT06,37.16698157,42.6829202,Fiber Speed (Duhok)
733-R06-FDT06-FAT07,37.1666597,42.68321388,Fiber Speed (Duhok)
733-R06-FDT06-FAT08,37.16543702,42.68289651,Fiber Speed (Duhok)
733-R06-FDT06-FAT09,37.16574157,42.68149067,Fiber Speed (Duhok)
733-R06-FDT06-FAT10,37.16617779,42.68163179,Fiber Speed (Duhok)
733-R06-FDT06-FAT11,37.1669376,42.6820422,Fiber Speed (Duhok)
733-R06-FDT06-FAT12,37.16741604,42.68098923,Fiber Speed (Duhok)
733-R06-FDT06-FAT13,37.16743286,42.68231691,Fiber Speed (Duhok)
733-R06-FDT06-FAT14,37.16660916,42.68186002,Fiber Speed (Duhok)
733-R06-FDT06-FAT15,37.16678585,42.68113018,Fiber Speed (Duhok)
733-R06-FDT06-FAT16,37.16712353,42.68020997,Fiber Speed (Duhok)
733-R06-FDT06-FAT17,37.16761353,42.67887461,Fiber Speed (Duhok)
733-R06-FDT06-FAT18,37.16800834,42.67911198,Fiber Speed (Duhok)
733-R06-FDT06-FAT19,37.16789315,42.67814043,Fiber Speed (Duhok)
733-R06-FDT06-FAT20,37.16757716,42.6778677,Fiber Speed (Duhok)
733-R06-FDT06-FAT21,37.16790631,42.67697147,Fiber Speed (Duhok)
733-R06-FDT06-FAT22,37.16735574,42.67709217,Fiber Speed (Duhok)
733-R06-FDT06-FAT23,37.16634247,42.67715352,Fiber Speed (Duhok)
733-R06-FDT06-FAT24,37.16326469,42.68129107,Fiber Speed (Duhok)
733-R06-FDT06-FAT25,37.16320876,42.68263357,Fiber Speed (Duhok)
733-R06-FDT06-FAT26,37.16382466,42.68289966,Fiber Speed (Duhok)
733-R06-FDT06-FAT27,37.16442724,42.68263014,Fiber Speed (Duhok)
733-R06-FDT06-FAT28,37.16493884,42.68351904,Fiber Speed (Duhok)
733-R06-FDT06-FAT29,37.16594287,42.6838393,Fiber Speed (Duhok)
733-R06-FDT06-FAT30,37.16608661,42.68453261,Fiber Speed (Duhok)
733-R06-FDT06-FAT31,37.16598738,42.68527827,Fiber Speed (Duhok)
733-R06-FDT06-FAT32,37.16661443,42.68492154,Fiber Speed (Duhok)
733-R06-FDT06-FAT33,37.1665094,42.68381272,Fiber Speed (Duhok)
733-R06-FDT06-FAT34,37.16713387,42.68496703,Fiber Speed (Duhok)
733-R06-FDT06-FAT35,37.16270477,42.68097618,Fiber Speed (Duhok)
733-R06-FDT06-FAT36,37.16221607,42.68070135,Fiber Speed (Duhok)
733-R06-FDT06-FAT37,37.1623637,42.68027006,Fiber Speed (Duhok)
733-R06-FDT06-FAT38,37.16161202,42.67987545,Fiber Speed (Duhok)
733-R06-FDT06-FAT39,37.16374772,42.67997208,Fiber Speed (Duhok)
733-R06-FDT06-FAT40,37.16423062,42.68050762,Fiber Speed (Duhok)
733-R06-FDT06-FAT41,37.1648733,42.68005634,Fiber Speed (Duhok)
733-R06-FDT06-FAT42,37.16460695,42.6794402,Fiber Speed (Duhok)
733-R06-FDT06-FAT43,37.16585293,42.68020403,Fiber Speed (Duhok)
733-R06-FDT06-FAT44,37.16664548,42.68015228,Fiber Speed (Duhok)
733-R06-FDT06-FAT45,37.16554836,42.68068388,Fiber Speed (Duhok)
733-R06-FDT06-FAT46,37.16534959,42.67989629,Fiber Speed (Duhok)
733-R06-FDT06-FAT47,37.16589742,42.6792944,Fiber Speed (Duhok)
733-R06-FDT06-FAT48,37.16634309,42.67920519,Fiber Speed (Duhok)
733-R06-FDT06-FAT49,37.1657123,42.67822327,Fiber Speed (Duhok)
733-R06-FDT06-FAT50,37.1677997,42.68060947,Fiber Speed (Duhok)
733-R06-FDT06-FAT51,37.16711878,42.67828821,Fiber Speed (Duhok)
733-R06-FDT06-FAT52,37.16535777,42.67930169,Fiber Speed (Duhok)
733-R06-FDT06-FAT53,37.16720819,42.68285277,Fiber Speed (Duhok)
733-R06-FDT06-FAT54,37.16652104,42.68059558,Fiber Speed (Duhok)
733-R06-FDT06-FAT55,37.16620888,42.67853631,Fiber Speed (Duhok)
733-R06-FDT06-FAT56,37.16398188,42.6810193,Fiber Speed (Duhok)
733-R06-FDT06-FAT57,37.16471489,42.6834407,Fiber Speed (Duhok)
733-R06-FDT07-FAT01,37.16732065,42.67457465,Fiber Speed (Duhok)
733-R06-FDT07-FAT02,37.16781816,42.67502213,Fiber Speed (Duhok)
733-R06-FDT07-FAT03,37.16751422,42.67585296,Fiber Speed (Duhok)
733-R06-FDT07-FAT04,37.16880808,42.67608176,Fiber Speed (Duhok)
733-R06-FDT07-FAT05,37.16865469,42.67650222,Fiber Speed (Duhok)
733-R06-FDT07-FAT06,37.16840528,42.67718587,Fiber Speed (Duhok)
733-R06-FDT07-FAT07,37.16875996,42.67758586,Fiber Speed (Duhok)
733-R06-FDT07-FAT08,37.16724861,42.67548292,Fiber Speed (Duhok)
733-R06-FDT07-FAT09,37.16689173,42.67646622,Fiber Speed (Duhok)
733-R06-FDT07-FAT10,37.16804855,42.67382453,Fiber Speed (Duhok)
733-R06-FDT07-FAT11,37.1683788,42.67285911,Fiber Speed (Duhok)
733-R06-FDT07-FAT12,37.16847001,42.6746152,Fiber Speed (Duhok)
733-R06-FDT07-FAT13,37.16828609,42.6751212,Fiber Speed (Duhok)
733-R06-FDT07-FAT14,37.16920934,42.67570792,Fiber Speed (Duhok)
733-R06-FDT07-FAT15,37.16755308,42.67346539,Fiber Speed (Duhok)
733-R06-FDT07-FAT16,37.16814973,42.6723444,Fiber Speed (Duhok)
733-R06-FDT07-FAT17,37.16889328,42.67221902,Fiber Speed (Duhok)
733-R06-FDT07-FAT18,37.16735196,42.67247891,Fiber Speed (Duhok)
733-R06-FDT07-FAT19,37.16783213,42.67192039,Fiber Speed (Duhok)
733-R06-FDT07-FAT20,37.168414,42.6711028,Fiber Speed (Duhok)
733-R06-FDT07-FAT21,37.1652219,42.67534161,Fiber Speed (Duhok)
733-R06-FDT07-FAT22,37.16488777,42.67631039,Fiber Speed (Duhok)
733-R06-FDT07-FAT23,37.1642911,42.67728862,Fiber Speed (Duhok)
733-R06-FDT07-FAT24,37.16404096,42.67774703,Fiber Speed (Duhok)
733-R06-FDT07-FAT25,37.16478631,42.67485942,Fiber Speed (Duhok)
733-R06-FDT07-FAT26,37.16433951,42.67500536,Fiber Speed (Duhok)
733-R06-FDT07-FAT27,37.16414393,42.67639864,Fiber Speed (Duhok)
733-R06-FDT07-FAT28,37.16372983,42.67616717,Fiber Speed (Duhok)
733-R06-FDT07-FAT29,37.1642131,42.67445446,Fiber Speed (Duhok)
733-R06-FDT07-FAT30,37.16385627,42.67448735,Fiber Speed (Duhok)
733-R06-FDT07-FAT31,37.16242692,42.67618433,Fiber Speed (Duhok)
733-R06-FDT07-FAT32,37.16311472,42.67360444,Fiber Speed (Duhok)
733-R06-FDT07-FAT33,37.16366874,42.67400941,Fiber Speed (Duhok)
733-R06-FDT07-FAT34,37.16322609,42.67470457,Fiber Speed (Duhok)
733-R06-FDT07-FAT35,37.16264419,42.67324013,Fiber Speed (Duhok)
733-R06-FDT07-FAT36,37.16607864,42.67353595,Fiber Speed (Duhok)
733-R06-FDT07-FAT37,37.16647755,42.67352221,Fiber Speed (Duhok)
733-R06-FDT07-FAT38,37.16646257,42.67274645,Fiber Speed (Duhok)
733-R06-FDT07-FAT39,37.16633132,42.67163589,Fiber Speed (Duhok)
733-R06-FDT07-FAT40,37.16522211,42.67333347,Fiber Speed (Duhok)
733-R06-FDT07-FAT41,37.16523468,42.67276041,Fiber Speed (Duhok)
733-R06-FDT07-FAT42,37.16510761,42.67223363,Fiber Speed (Duhok)
733-R06-FDT07-FAT43,37.16593603,42.67219203,Fiber Speed (Duhok)
733-R06-FDT07-FAT44,37.16484189,42.67351026,Fiber Speed (Duhok)
733-R06-FDT07-FAT45,37.1645343,42.67243063,Fiber Speed (Duhok)
733-R06-FDT07-FAT46,37.16420356,42.6727404,Fiber Speed (Duhok)
733-R06-FDT07-FAT47,37.1640229,42.673456,Fiber Speed (Duhok)
733-R06-FDT07-FAT48,37.16352311,42.67294937,Fiber Speed (Duhok)
733-R06-FDT07-FAT49,37.16677324,42.67545838,Fiber Speed (Duhok)
733-R06-FDT07-FAT50,37.1687143,42.6702453,Fiber Speed (Duhok)
733-R06-FDT07-FAT51,37.16316579,42.67534393,Fiber Speed (Duhok)
733-R06-FDT07-FAT52,37.16541739,42.67426242,Fiber Speed (Duhok)
733-R06-FDT07-FAT53,37.16863756,42.67366347,Fiber Speed (Duhok)
733-R06-FDT07-FAT54,37.16777576,42.67125953,Fiber Speed (Duhok)
733-R06-FDT07-FAT55,37.16224585,42.67673336,Fiber Speed (Duhok)
733-R06-FDT08-FAT01,37.15274171,42.68146914,Fiber Speed (Duhok)
733-R06-FDT08-FAT02,37.15341896,42.68027299,Fiber Speed (Duhok)
733-R06-FDT08-FAT03,37.15438626,42.6781003,Fiber Speed (Duhok)
733-R06-FDT08-FAT04,37.15453558,42.67711458,Fiber Speed (Duhok)
733-R06-FDT08-FAT05,37.15573402,42.67617259,Fiber Speed (Duhok)
733-R06-FDT08-FAT06,37.15659875,42.67462454,Fiber Speed (Duhok)
733-R06-FDT08-FAT07,37.15568236,42.67528918,Fiber Speed (Duhok)
733-R06-FDT08-FAT08,37.15552383,42.6745281,Fiber Speed (Duhok)
733-R06-FDT08-FAT09,37.1550729,42.6761337,Fiber Speed (Duhok)
733-R06-FDT08-FAT10,37.15502441,42.67536547,Fiber Speed (Duhok)
733-R06-FDT08-FAT11,37.15513146,42.67412599,Fiber Speed (Duhok)
733-R06-FDT08-FAT12,37.15512439,42.67314223,Fiber Speed (Duhok)
733-R06-FDT08-FAT13,37.15487884,42.67266887,Fiber Speed (Duhok)
733-R06-FDT08-FAT14,37.15187955,42.6829918,Fiber Speed (Duhok)
733-R06-FDT08-FAT15,37.15104284,42.68446944,Fiber Speed (Duhok)
733-R06-FDT08-FAT16,37.15183253,42.68207802,Fiber Speed (Duhok)
733-R06-FDT08-FAT17,37.15115228,42.68347729,Fiber Speed (Duhok)
733-R06-FDT08-FAT18,37.15040844,42.68475456,Fiber Speed (Duhok)
733-R06-FDT08-FAT19,37.15114852,42.68183655,Fiber Speed (Duhok)
733-R06-FDT08-FAT20,37.15109213,42.68260313,Fiber Speed (Duhok)
733-R06-FDT08-FAT21,37.15075921,42.68319719,Fiber Speed (Duhok)
733-R06-FDT08-FAT22,37.15027453,42.68403188,Fiber Speed (Duhok)
733-R06-FDT08-FAT23,37.14959984,42.6853961,Fiber Speed (Duhok)
733-R06-FDT08-FAT24,37.15199924,42.6819388,Fiber Speed (Duhok)
733-R06-FDT08-FAT25,37.15249376,42.68109188,Fiber Speed (Duhok)
733-R06-FDT08-FAT26,37.15274938,42.68063153,Fiber Speed (Duhok)
733-R06-FDT08-FAT27,37.15326584,42.67971216,Fiber Speed (Duhok)
733-R06-FDT08-FAT28,37.15376306,42.67883543,Fiber Speed (Duhok)
733-R06-FDT08-FAT29,37.15394651,42.67823181,Fiber Speed (Duhok)
733-R06-FDT08-FAT30,37.15147236,42.68131824,Fiber Speed (Duhok)
733-R06-FDT08-FAT31,37.15188032,42.68099065,Fiber Speed (Duhok)
733-R06-FDT08-FAT32,37.15108509,42.68034173,Fiber Speed (Duhok)
733-R06-FDT08-FAT33,37.15230111,42.68027272,Fiber Speed (Duhok)
733-R06-FDT08-FAT34,37.15297706,42.67907063,Fiber Speed (Duhok)
733-R06-FDT08-FAT35,37.15160836,42.68047122,Fiber Speed (Duhok)
733-R06-FDT08-FAT36,37.15236308,42.67945444,Fiber Speed (Duhok)
733-R06-FDT08-FAT37,37.15212032,42.67905604,Fiber Speed (Duhok)
733-R06-FDT08-FAT38,37.15290094,42.67842257,Fiber Speed (Duhok)
733-R06-FDT08-FAT39,37.15303711,42.67807729,Fiber Speed (Duhok)
733-R06-FDT08-FAT40,37.15395197,42.67724522,Fiber Speed (Duhok)
733-R06-FDT08-FAT41,37.15478164,42.67608651,Fiber Speed (Duhok)
734-R01-FDT01-FAT01,37.14468679,42.65885866,Delta (Zakho)
734-R01-FDT01-FAT02,37.14420135,42.65813423,Delta (Zakho)
734-R01-FDT01-FAT03,37.14424076,42.65679844,Delta (Zakho)
734-R01-FDT01-FAT04,37.14416506,42.656874,Delta (Zakho)
734-R01-FDT01-FAT05,37.14382011,42.65880758,Delta (Zakho)
734-R01-FDT01-FAT06,37.14417452,42.65938465,Delta (Zakho)
734-R01-FDT01-FAT07,37.14389374,42.65947276,Delta (Zakho)
734-R01-FDT01-FAT08,37.14376324,42.65776604,Delta (Zakho)
734-R01-FDT01-FAT09,37.14378409,42.65676337,Delta (Zakho)
734-R01-FDT01-FAT10,37.14375111,42.65833603,Delta (Zakho)
734-R01-FDT01-FAT11,37.14287977,42.6574069,Delta (Zakho)
734-R01-FDT01-FAT12,37.14323465,42.65798326,Delta (Zakho)
734-R01-FDT01-FAT13,37.14333699,42.65708632,Delta (Zakho)
734-R01-FDT01-FAT14,37.14326739,42.65686193,Delta (Zakho)
734-R01-FDT01-FAT15,37.144708,42.65781661,Delta (Zakho)
734-R01-FDT01-FAT16,37.14460838,42.65746849,Delta (Zakho)
734-R01-FDT01-FAT17,37.14512238,42.65902516,Delta (Zakho)
734-R01-FDT01-FAT18,37.14525364,42.65837627,Delta (Zakho)
734-R01-FDT01-FAT19,37.14509003,42.65805937,Delta (Zakho)
734-R01-FDT01-FAT20,37.14525966,42.65781983,Delta (Zakho)
734-R01-FDT01-FAT21,37.14545296,42.65726179,Delta (Zakho)
734-R01-FDT01-FAT22,37.14519049,42.65693486,Delta (Zakho)
734-R01-FDT01-FAT23,37.14511311,42.65679728,Delta (Zakho)
734-R01-FDT01-FAT24,37.14598083,42.6597561,Delta (Zakho)
734-R01-FDT01-FAT25,37.14593326,42.66002262,Delta (Zakho)
734-R01-FDT01-FAT26,37.1461546,42.65840735,Delta (Zakho)
734-R01-FDT01-FAT27,37.14606778,42.65785098,Delta (Zakho)
734-R01-FDT01-FAT28,37.14623685,42.65740357,Delta (Zakho)
734-R01-FDT01-FAT29,37.14626879,42.65707805,Delta (Zakho)
734-R01-FDT01-FAT30,37.14462328,42.66081688,Delta (Zakho)
734-R01-FDT01-FAT31,37.14410155,42.66167415,Delta (Zakho)
734-R01-FDT01-FAT32,37.14364145,42.66169407,Delta (Zakho)
734-R01-FDT01-FAT33,37.14319828,42.66172803,Delta (Zakho)
734-R01-FDT01-FAT34,37.14499713,42.66114237,Delta (Zakho)
734-R01-FDT01-FAT35,37.14415422,42.66004983,Delta (Zakho)
734-R01-FDT01-FAT36,37.14369884,42.66003494,Delta (Zakho)
734-R01-FDT01-FAT37,37.14360466,42.66037632,Delta (Zakho)
734-R01-FDT01-FAT38,37.14324678,42.66013578,Delta (Zakho)
734-R01-FDT01-FAT39,37.14291552,42.66001104,Delta (Zakho)
734-R01-FDT01-FAT40,37.14276291,42.66102007,Delta (Zakho)
734-R01-FDT01-FAT41,37.14347655,42.65672702,Delta (Zakho)
734-R01-FDT01-FAT42,37.14602638,42.65875927,Delta (Zakho)
734-R01-FDT02-FAT01,37.14396281,42.65595459,Delta (Zakho)
734-R01-FDT02-FAT02,37.14351731,42.65521649,Delta (Zakho)
734-R01-FDT02-FAT03,37.14344805,42.6546315,Delta (Zakho)
734-R01-FDT02-FAT04,37.14327272,42.65415491,Delta (Zakho)
734-R01-FDT02-FAT05,37.14282785,42.65403523,Delta (Zakho)
734-R01-FDT02-FAT06,37.14254372,42.6541244,Delta (Zakho)
734-R01-FDT02-FAT07,37.14199083,42.65364777,Delta (Zakho)
734-R01-FDT02-FAT08,37.14343846,42.65375228,Delta (Zakho)
734-R01-FDT02-FAT09,37.14388657,42.65408958,Delta (Zakho)
734-R01-FDT02-FAT10,37.1439794,42.65354465,Delta (Zakho)
734-R01-FDT02-FAT11,37.14391209,42.65251576,Delta (Zakho)
734-R01-FDT02-FAT12,37.14400977,42.6513858,Delta (Zakho)
734-R01-FDT02-FAT13,37.14356795,42.65108168,Delta (Zakho)
734-R01-FDT02-FAT14,37.14349805,42.65203846,Delta (Zakho)
734-R01-FDT02-FAT15,37.14309659,42.65191357,Delta (Zakho)
734-R01-FDT02-FAT16,37.14275836,42.65246271,Delta (Zakho)
734-R01-FDT02-FAT17,37.14157862,42.65241121,Delta (Zakho)
734-R01-FDT02-FAT18,37.1415762,42.65251279,Delta (Zakho)
734-R01-FDT02-FAT19,37.14257026,42.65197459,Delta (Zakho)
734-R01-FDT02-FAT20,37.14159413,42.65192929,Delta (Zakho)
734-R01-FDT02-FAT21,37.14166153,42.65131486,Delta (Zakho)
734-R01-FDT02-FAT22,37.14167486,42.65097831,Delta (Zakho)
734-R01-FDT02-FAT23,37.14432353,42.65611659,Delta (Zakho)
734-R01-FDT02-FAT24,37.14482902,42.65550445,Delta (Zakho)
734-R01-FDT02-FAT25,37.14512713,42.65658213,Delta (Zakho)
734-R01-FDT02-FAT26,37.14530165,42.65659577,Delta (Zakho)
734-R01-FDT02-FAT27,37.14568769,42.65666538,Delta (Zakho)
734-R01-FDT02-FAT28,37.14543945,42.65617428,Delta (Zakho)
734-R01-FDT02-FAT29,37.14580132,42.65567416,Delta (Zakho)
734-R01-FDT02-FAT30,37.1454445,42.65551148,Delta (Zakho)
734-R01-FDT02-FAT31,37.14544862,42.65502471,Delta (Zakho)
734-R01-FDT02-FAT32,37.1452997,42.65443685,Delta (Zakho)
734-R01-FDT02-FAT33,37.14308382,42.65630242,Delta (Zakho)
734-R01-FDT02-FAT34,37.14290769,42.65574716,Delta (Zakho)
734-R01-FDT02-FAT35,37.14250282,42.65604623,Delta (Zakho)
734-R01-FDT02-FAT36,37.14201606,42.65623961,Delta (Zakho)
734-R01-FDT02-FAT37,37.14155333,42.65593774,Delta (Zakho)
734-R01-FDT02-FAT38,37.14242349,42.65515695,Delta (Zakho)
734-R01-FDT02-FAT39,37.14269554,42.65458359,Delta (Zakho)
734-R01-FDT02-FAT40,37.14205727,42.65456308,Delta (Zakho)
734-R01-FDT02-FAT41,37.14404539,42.65096611,Delta (Zakho)
734-R01-FDT03-FAT01,37.14648771,42.65343925,Delta (Zakho)
734-R01-FDT03-FAT02,37.14667159,42.65480473,Delta (Zakho)
734-R01-FDT03-FAT03,37.14679984,42.65521866,Delta (Zakho)
734-R01-FDT03-FAT04,37.1466066,42.65606627,Delta (Zakho)
734-R01-FDT03-FAT05,37.14649035,42.65656352,Delta (Zakho)
734-R01-FDT03-FAT06,37.1472506,42.65482137,Delta (Zakho)
734-R01-FDT03-FAT07,37.14702428,42.6558785,Delta (Zakho)
734-R01-FDT03-FAT08,37.14660935,42.65684267,Delta (Zakho)
734-R01-FDT03-FAT09,37.1469549,42.65716592,Delta (Zakho)
734-R01-FDT03-FAT10,37.14814812,42.65759903,Delta (Zakho)
734-R01-FDT03-FAT11,37.14802964,42.65793529,Delta (Zakho)
734-R01-FDT03-FAT12,37.14688663,42.65919617,Delta (Zakho)
734-R01-FDT03-FAT13,37.14739113,42.65629182,Delta (Zakho)
734-R01-FDT03-FAT14,37.14749345,42.65601497,Delta (Zakho)
734-R01-FDT03-FAT15,37.14767393,42.65638064,Delta (Zakho)
734-R01-FDT03-FAT16,37.14797638,42.65594724,Delta (Zakho)
734-R01-FDT03-FAT17,37.14830869,42.65494026,Delta (Zakho)
734-R01-FDT03-FAT18,37.14813812,42.65648235,Delta (Zakho)
734-R01-FDT03-FAT19,37.14847765,42.6562826,Delta (Zakho)
734-R01-FDT03-FAT20,37.14862737,42.65630482,Delta (Zakho)
734-R01-FDT03-FAT21,37.14855506,42.6558345,Delta (Zakho)
734-R01-FDT03-FAT22,37.14877029,42.65529096,Delta (Zakho)
734-R01-FDT03-FAT23,37.14697366,42.65243907,Delta (Zakho)
734-R01-FDT03-FAT24,37.14722014,42.65188304,Delta (Zakho)
734-R01-FDT03-FAT25,37.14662204,42.65298086,Delta (Zakho)
734-R01-FDT03-FAT26,37.14707014,42.65290602,Delta (Zakho)
734-R01-FDT03-FAT27,37.14740808,42.65301859,Delta (Zakho)
734-R01-FDT03-FAT28,37.14784579,42.65349485,Delta (Zakho)
734-R01-FDT03-FAT29,37.14781943,42.65434045,Delta (Zakho)
734-R01-FDT03-FAT30,37.14874674,42.65277296,Delta (Zakho)
734-R01-FDT03-FAT31,37.14823278,42.6533395,Delta (Zakho)
734-R01-FDT03-FAT32,37.14850932,42.65334448,Delta (Zakho)
734-R01-FDT03-FAT33,37.14699228,42.65430812,Delta (Zakho)
734-R01-FDT03-FAT34,37.14906393,42.65430269,Delta (Zakho)
734-R01-FDT04-FAT01,37.14642772,42.65056024,Delta (Zakho)
734-R01-FDT04-FAT02,37.14643965,42.65016959,Delta (Zakho)
734-R01-FDT04-FAT03,37.14601115,42.64940299,Delta (Zakho)
734-R01-FDT04-FAT04,37.14646264,42.64885786,Delta (Zakho)
734-R01-FDT04-FAT05,37.14646589,42.64875896,Delta (Zakho)
734-R01-FDT04-FAT06,37.14604879,42.64826163,Delta (Zakho)
734-R01-FDT04-FAT07,37.14497532,42.64820181,Delta (Zakho)
734-R01-FDT04-FAT08,37.14474761,42.64818659,Delta (Zakho)
734-R01-FDT04-FAT09,37.1446535,42.64818181,Delta (Zakho)
734-R01-FDT04-FAT10,37.1461165,42.64986406,Delta (Zakho)
734-R01-FDT04-FAT11,37.14544936,42.64918613,Delta (Zakho)
734-R01-FDT04-FAT12,37.14497496,42.65003092,Delta (Zakho)
734-R01-FDT04-FAT13,37.14509824,42.64877971,Delta (Zakho)
734-R01-FDT04-FAT14,37.14472599,42.64874838,Delta (Zakho)
734-R01-FDT04-FAT15,37.14423456,42.65000792,Delta (Zakho)
734-R01-FDT04-FAT16,37.14426895,42.64873406,Delta (Zakho)
734-R01-FDT04-FAT17,37.1438557,42.64858881,Delta (Zakho)
734-R01-FDT04-FAT18,37.143828,42.64868059,Delta (Zakho)
734-R01-FDT04-FAT19,37.1429798,42.64950858,Delta (Zakho)
734-R01-FDT04-FAT20,37.14257711,42.64932427,Delta (Zakho)
734-R01-FDT04-FAT21,37.1426033,42.64854329,Delta (Zakho)
734-R01-FDT04-FAT22,37.14293793,42.64810633,Delta (Zakho)
734-R01-FDT04-FAT23,37.14341686,42.64986597,Delta (Zakho)
734-R01-FDT04-FAT24,37.14343205,42.64935643,Delta (Zakho)
734-R01-FDT04-FAT25,37.14227019,42.65019289,Delta (Zakho)
734-R01-FDT04-FAT26,37.14235726,42.64973986,Delta (Zakho)
734-R01-FDT04-FAT27,37.14193271,42.64972141,Delta (Zakho)
734-R01-FDT04-FAT28,37.14163288,42.64919051,Delta (Zakho)
734-R01-FDT04-FAT29,37.14165019,42.64860368,Delta (Zakho)
734-R01-FDT04-FAT30,37.14170764,42.64809158,Delta (Zakho)
734-R01-FDT04-FAT31,37.14435846,42.65247123,Delta (Zakho)
734-R01-FDT04-FAT32,37.14539594,42.65274484,Delta (Zakho)
734-R01-FDT04-FAT33,37.14534374,42.6532944,Delta (Zakho)
734-R01-FDT04-FAT34,37.14529369,42.65376863,Delta (Zakho)
734-R01-FDT04-FAT35,37.1456608,42.65393447,Delta (Zakho)
734-R01-FDT04-FAT36,37.14539379,42.65435743,Delta (Zakho)
734-R01-FDT04-FAT37,37.14571352,42.65166596,Delta (Zakho)
734-R01-FDT04-FAT38,37.14495605,42.65154698,Delta (Zakho)
734-R01-FDT04-FAT39,37.14527578,42.65109706,Delta (Zakho)
734-R01-FDT04-FAT40,37.14049156,42.64925661,Delta (Zakho)
734-R01-FDT04-FAT41,37.14270191,42.65078623,Delta (Zakho)
734-R01-FDT05-FAT01,37.14662652,42.64812839,Delta (Zakho)
734-R01-FDT05-FAT02,37.14708754,42.64813888,Delta (Zakho)
734-R01-FDT05-FAT03,37.14746723,42.64831003,Delta (Zakho)
734-R01-FDT05-FAT04,37.14745868,42.64790552,Delta (Zakho)
734-R01-FDT05-FAT05,37.14826692,42.64761537,Delta (Zakho)
734-R01-FDT05-FAT06,37.14856847,42.64702335,Delta (Zakho)
734-R01-FDT05-FAT07,37.1470617,42.64919211,Delta (Zakho)
734-R01-FDT05-FAT08,37.1476782,42.64654194,Delta (Zakho)
734-R01-FDT05-FAT09,37.14755749,42.64812157,Delta (Zakho)
734-R01-FDT05-FAT10,37.14781706,42.64831475,Delta (Zakho)
734-R01-FDT05-FAT11,37.14811762,42.648835,Delta (Zakho)
734-R01-FDT05-FAT12,37.1482093,42.64949992,Delta (Zakho)
734-R01-FDT05-FAT13,37.14847541,42.64996955,Delta (Zakho)
734-R01-FDT05-FAT14,37.14847793,42.65009652,Delta (Zakho)
734-R01-FDT05-FAT15,37.14660606,42.64886878,Delta (Zakho)
734-R01-FDT05-FAT16,37.14658244,42.64992693,Delta (Zakho)
734-R01-FDT05-FAT17,37.14655328,42.65074535,Delta (Zakho)
734-R01-FDT05-FAT18,37.14689088,42.65120792,Delta (Zakho)
734-R01-FDT05-FAT19,37.14676335,42.65231835,Delta (Zakho)
734-R01-FDT05-FAT20,37.14747708,42.65068635,Delta (Zakho)
734-R01-FDT05-FAT21,37.14823582,42.65069124,Delta (Zakho)
734-R01-FDT05-FAT22,37.14881822,42.6513883,Delta (Zakho)
734-R01-FDT05-FAT23,37.14792607,42.65105824,Delta (Zakho)
734-R01-FDT05-FAT24,37.14789593,42.65166558,Delta (Zakho)
734-R01-FDT05-FAT25,37.14785893,42.65275029,Delta (Zakho)
734-R01-FDT05-FAT26,37.14667078,42.64655248,Delta (Zakho)
734-R01-FDT05-FAT27,37.14696985,42.64531102,Delta (Zakho)
734-R01-FDT05-FAT28,37.14697742,42.64335557,Delta (Zakho)
734-R01-FDT05-FAT29,37.1482499,42.64484271,Delta (Zakho)
734-R01-FDT05-FAT30,37.14816188,42.6453181,Delta (Zakho)
734-R01-FDT05-FAT31,37.14811572,42.64483616,Delta (Zakho)
734-R01-FDT05-FAT32,37.14857707,42.64380399,Delta (Zakho)
734-R01-FDT05-FAT33,37.1478067,42.64366106,Delta (Zakho)
734-R01-FDT05-FAT34,37.14793623,42.64284934,Delta (Zakho)
734-R01-FDT05-FAT35,37.14808488,42.64309795,Delta (Zakho)
734-R01-FDT05-FAT36,37.1487574,42.64309146,Delta (Zakho)
734-R01-FDT05-FAT37,37.14910177,42.6506552,Delta (Zakho)
734-R01-FDT05-FAT38,37.14744982,42.64997414,Delta (Zakho)
734-R01-FDT06-FAT01,37.14398272,42.64798652,Delta (Zakho)
734-R01-FDT06-FAT02,37.1424058,42.64790537,Delta (Zakho)
734-R01-FDT06-FAT03,37.14221758,42.64791165,Delta (Zakho)
734-R01-FDT06-FAT04,37.14263951,42.64749133,Delta (Zakho)
734-R01-FDT06-FAT05,37.14222923,42.64735159,Delta (Zakho)
734-R01-FDT06-FAT06,37.14366229,42.64775741,Delta (Zakho)
734-R01-FDT06-FAT07,37.14369042,42.64688354,Delta (Zakho)
734-R01-FDT06-FAT08,37.14371585,42.64598253,Delta (Zakho)
734-R01-FDT06-FAT09,37.14371259,42.64549655,Delta (Zakho)
734-R01-FDT06-FAT10,37.14321477,42.64661924,Delta (Zakho)
734-R01-FDT06-FAT11,37.14250782,42.64657167,Delta (Zakho)
734-R01-FDT06-FAT12,37.14228368,42.64625462,Delta (Zakho)
734-R01-FDT06-FAT13,37.14229122,42.64554788,Delta (Zakho)
734-R01-FDT06-FAT14,37.1415482,42.64553236,Delta (Zakho)
734-R01-FDT06-FAT15,37.14284193,42.64553144,Delta (Zakho)
734-R01-FDT06-FAT16,37.14285707,42.64480268,Delta (Zakho)
734-R01-FDT06-FAT17,37.14279011,42.64375544,Delta (Zakho)
734-R01-FDT06-FAT18,37.14280111,42.64313788,Delta (Zakho)
734-R01-FDT06-FAT19,37.1432655,42.64476722,Delta (Zakho)
734-R01-FDT06-FAT20,37.14226463,42.64487603,Delta (Zakho)
734-R01-FDT06-FAT21,37.14228892,42.64354573,Delta (Zakho)
734-R01-FDT06-FAT22,37.14182624,42.6449432,Delta (Zakho)
734-R01-FDT06-FAT23,37.14184744,42.64422093,Delta (Zakho)
734-R01-FDT06-FAT24,37.14459994,42.64756122,Delta (Zakho)
734-R01-FDT06-FAT25,37.14462432,42.64690301,Delta (Zakho)
734-R01-FDT06-FAT26,37.14463702,42.64555752,Delta (Zakho)
734-R01-FDT06-FAT27,37.14412908,42.64526022,Delta (Zakho)
734-R01-FDT06-FAT28,37.14412547,42.64506099,Delta (Zakho)
734-R01-FDT06-FAT29,37.14430233,42.6446698,Delta (Zakho)
734-R01-FDT06-FAT30,37.14451543,42.64405751,Delta (Zakho)
734-R01-FDT06-FAT31,37.14412676,42.64373335,Delta (Zakho)
734-R01-FDT06-FAT32,37.14412602,42.64347767,Delta (Zakho)
734-R01-FDT06-FAT33,37.14414481,42.64303196,Delta (Zakho)
734-R01-FDT06-FAT34,37.14497668,42.64528715,Delta (Zakho)
734-R01-FDT06-FAT35,37.14606122,42.64528461,Delta (Zakho)
734-R01-FDT06-FAT36,37.14626735,42.6447009,Delta (Zakho)
734-R01-FDT06-FAT37,37.14607146,42.64423382,Delta (Zakho)
734-R01-FDT06-FAT38,37.14499303,42.64416839,Delta (Zakho)
734-R01-FDT06-FAT39,37.14485705,42.64407379,Delta (Zakho)
734-R01-FDT06-FAT40,37.14525536,42.64408558,Delta (Zakho)
734-R01-FDT06-FAT41,37.14571588,42.64375565,Delta (Zakho)
734-R01-FDT06-FAT42,37.14572564,42.64318309,Delta (Zakho)
734-R01-FDT06-FAT43,37.14681734,42.64258713,Delta (Zakho)
734-R01-FDT06-FAT44,37.14164339,42.6401227,Fiber Speed (Duhok)
734-R01-FDT06-FAT45,37.14043142,42.64440914,Delta (Zakho)
734-R01-FDT06-FAT46,37.14001682,42.64393789,Delta (Zakho)
734-R01-FDT06-FAT47,37.13858231,42.64521219,Delta (Zakho)
734-R01-FDT06-FAT48,37.13561062,42.6477907,Delta (Zakho)
734-R01-FDT07-FAT01,37.13943761,42.65857277,Delta (Zakho)
734-R01-FDT07-FAT02,37.13707967,42.65720353,Delta (Zakho)
734-R01-FDT07-FAT03,37.13712272,42.65429331,Delta (Zakho)
734-R01-FDT07-FAT04,37.13757735,42.65420113,Delta (Zakho)
734-R01-FDT07-FAT05,37.13775357,42.64911549,Delta (Zakho)
734-R01-FDT07-FAT06,37.13743704,42.64776081,Delta (Zakho)
734-R01-FDT07-FAT07,37.14054165,42.64733238,Delta (Zakho)
734-R01-FDT07-FAT08,37.13977101,42.64569952,Delta (Zakho)
734-R01-FDT07-FAT09,37.14008889,42.64508467,Delta (Zakho)
734-R01-FDT07-FAT10,37.14039839,42.64543848,Delta (Zakho)
734-R01-FDT07-FAT11,37.14040616,42.64472204,Delta (Zakho)
734-R01-FDT07-FAT12,37.13702579,42.66026294,Delta (Zakho)
734-R01-FDT07-FAT13,37.13686918,42.66086997,Delta (Zakho)
734-R01-FDT07-FAT14,37.13650048,42.66138514,Delta (Zakho)
734-R01-FDT07-FAT15,37.13588375,42.66134422,Delta (Zakho)
734-R01-FDT07-FAT16,37.13680405,42.66196619,Delta (Zakho)
734-R01-FDT07-FAT17,37.13691737,42.66255908,Delta (Zakho)
734-R01-FDT07-FAT18,37.13675757,42.66311827,Delta (Zakho)
734-R01-FDT07-FAT19,37.13649827,42.66322308,Delta (Zakho)
734-R01-FDT07-FAT20,37.13605595,42.66317572,Delta (Zakho)
734-R01-FDT07-FAT21,37.13673845,42.66544454,Delta (Zakho)
734-R01-FDT07-FAT22,37.13633448,42.66520217,Delta (Zakho)
734-R01-FDT07-FAT23,37.13923759,42.66319471,Delta (Zakho)
734-R01-FDT07-FAT24,37.1402933,42.66327473,Delta (Zakho)
734-R01-FDT07-FAT25,37.14030826,42.66311379,Delta (Zakho)
734-R01-FDT07-FAT26,37.13878221,42.65714871,Delta (Zakho)
734-R01-FDT07-FAT27,37.13976927,42.64435917,Delta (Zakho)
734-R01-FDT07-FAT28,37.13845565,42.64426531,Delta (Zakho)
734-R01-FDT07-FAT29,37.14031627,42.65993853,Delta (Zakho)
734-R01-FDT07-FAT30,37.14043026,42.66073524,Delta (Zakho)
734-R01-FDT07-FAT31,37.13955002,42.64510965,Delta (Zakho)
734-R01-FDT07-FAT32,37.13918816,42.64475924,Delta (Zakho)
734-R01-FDT07-FAT33,37.13923007,42.6454316,Delta (Zakho)
734-R01-FDT07-FAT34,37.1360047,42.65894658,Delta (Zakho)
734-R01-FDT07-FAT35,37.13607807,42.65708045,Delta (Zakho)
734-R01-FDT07-FAT36,37.13960639,42.65534218,Delta (Zakho)
734-R01-FDT07-FAT37,37.13515872,42.66047323,Delta (Zakho)
734-R01-FDT07-FAT38,37.13962196,42.65296454,Delta (Zakho)
734-R01-FDT08-FAT01,37.14142208,42.66106617,Delta (Zakho)
734-R01-FDT08-FAT02,37.14143222,42.66042147,Delta (Zakho)
734-R01-FDT08-FAT03,37.141446,42.66008695,Delta (Zakho)
734-R01-FDT08-FAT04,37.14182296,42.65987934,Delta (Zakho)
734-R01-FDT08-FAT05,37.1422704,42.6597487,Delta (Zakho)
734-R01-FDT08-FAT06,37.14230284,42.65894273,Delta (Zakho)
734-R01-FDT08-FAT07,37.14284796,42.65886952,Delta (Zakho)
734-R01-FDT08-FAT08,37.14284085,42.65829685,Delta (Zakho)
734-R01-FDT08-FAT09,37.14279763,42.65728713,Delta (Zakho)
734-R01-FDT08-FAT10,37.14145639,42.65966734,Delta (Zakho)
734-R01-FDT08-FAT11,37.14146496,42.65892975,Delta (Zakho)
734-R01-FDT08-FAT12,37.14176403,42.65825771,Delta (Zakho)
734-R01-FDT08-FAT13,37.14149041,42.65813371,Delta (Zakho)
734-R01-FDT08-FAT14,37.14151992,42.65723749,Delta (Zakho)
734-R01-FDT08-FAT15,37.1415339,42.65687999,Delta (Zakho)
734-R01-FDT08-FAT16,37.14198511,42.6569148,Delta (Zakho)
734-R01-FDT08-FAT17,37.1419026,42.65691301,Delta (Zakho)
734-R01-FDT08-FAT18,37.1418636,42.65769673,Delta (Zakho)
734-R01-FDT08-FAT19,37.14242259,42.65738006,Delta (Zakho)
734-R01-FDT08-FAT20,37.14236063,42.65692501,Delta (Zakho)
734-R01-FDT08-FAT21,37.1420243,42.6617425,Fiber Speed (Duhok)
734-R01-FDT08-FAT22,37.14204297,42.66173731,Fiber Speed (Duhok)
734-R01-FDT08-FAT23,37.14162998,42.66164866,Fiber Speed (Duhok)
734-R01-FDT08-FAT24,37.14163009,42.66162544,Fiber Speed (Duhok)
734-R01-FDT08-FAT25,37.14163236,42.66110729,Fiber Speed (Duhok)
734-R01-FDT08-FAT26,37.14163247,42.6610839,Fiber Speed (Duhok)
734-R01-FDT08-FAT27,37.14163284,42.66056393,Fiber Speed (Duhok)
734-R01-FDT08-FAT28,37.14163286,42.66054052,Fiber Speed (Duhok)
734-R01-FDT08-FAT29,37.14207531,42.66075974,Fiber Speed (Duhok)
734-R01-FDT08-FAT30,37.14209411,42.66076299,Fiber Speed (Duhok)
734-R01-FDT08-FAT31,37.14246797,42.66102525,Fiber Speed (Duhok)
734-R01-FDT08-FAT32,37.14246763,42.66104932,Fiber Speed (Duhok)
734-R01-FDT08-FAT33,37.14246041,42.66155982,Fiber Speed (Duhok)
734-R01-FDT08-FAT34,37.14246009,42.66158273,Fiber Speed (Duhok)
734-R01-FDT08-FAT35,37.14206658,42.66150936,Fiber Speed (Duhok)
734-R01-FDT08-FAT36,37.14169698,42.66146137,Fiber Speed (Duhok)
734-R01-FDT08-FAT37,37.14169637,42.6609306,Fiber Speed (Duhok)
734-R01-FDT08-FAT38,37.14166432,42.66040912,Fiber Speed (Duhok)
734-R01-FDT08-FAT39,37.14204767,42.66058596,Fiber Speed (Duhok)
734-R01-FDT08-FAT40,37.14247747,42.66079996,Fiber Speed (Duhok)
734-R01-FDT08-FAT41,37.14245821,42.661511,Fiber Speed (Duhok)
734-R02-FDT01-FAT01,37.13820311,42.6735623,Delta (Zakho)
734-R02-FDT01-FAT02,37.13802483,42.67413164,Delta (Zakho)
734-R02-FDT01-FAT03,37.13790932,42.67399543,Delta (Zakho)
734-R02-FDT01-FAT04,37.13748221,42.67377189,Delta (Zakho)
734-R02-FDT01-FAT05,37.13773704,42.67451641,Delta (Zakho)
734-R02-FDT01-FAT06,37.13713896,42.67420169,Delta (Zakho)
734-R02-FDT01-FAT07,37.13699274,42.67461518,Delta (Zakho)
734-R02-FDT01-FAT08,37.13649319,42.6743416,Delta (Zakho)
734-R02-FDT01-FAT09,37.13574747,42.67394317,Delta (Zakho)
734-R02-FDT01-FAT10,37.13768078,42.67515208,Delta (Zakho)
734-R02-FDT01-FAT11,37.13751844,42.67563567,Delta (Zakho)
734-R02-FDT01-FAT12,37.13730936,42.67542266,Delta (Zakho)
734-R02-FDT01-FAT13,37.13719754,42.67544968,Delta (Zakho)
734-R02-FDT01-FAT14,37.13626506,42.6759382,Delta (Zakho)
734-R02-FDT01-FAT15,37.13571238,42.67576163,Delta (Zakho)
734-R02-FDT01-FAT16,37.1355204,42.67573588,Delta (Zakho)
734-R02-FDT01-FAT17,37.13515268,42.6756717,Delta (Zakho)
734-R02-FDT01-FAT18,37.13507274,42.67494599,Delta (Zakho)
734-R02-FDT01-FAT19,37.13646149,42.67504856,Delta (Zakho)
734-R02-FDT01-FAT20,37.13602988,42.67482499,Delta (Zakho)
734-R02-FDT01-FAT21,37.13537526,42.67447591,Delta (Zakho)
734-R02-FDT01-FAT22,37.13480301,42.67385724,Delta (Zakho)
734-R02-FDT01-FAT23,37.13445767,42.6742222,Delta (Zakho)
734-R02-FDT01-FAT24,37.13371155,42.67391306,Delta (Zakho)
734-R02-FDT01-FAT25,37.13453011,42.67498071,Delta (Zakho)
734-R02-FDT01-FAT26,37.13417561,42.6752993,Delta (Zakho)
734-R02-FDT01-FAT27,37.13798997,42.6734536,Delta (Zakho)
734-R02-FDT01-FAT28,37.13765612,42.67326054,Delta (Zakho)
734-R02-FDT01-FAT29,37.13707729,42.67293988,Delta (Zakho)
734-R02-FDT01-FAT30,37.13654533,42.67388481,Delta (Zakho)
734-R02-FDT01-FAT31,37.13588384,42.67353811,Delta (Zakho)
734-R02-FDT01-FAT32,37.13639984,42.67320033,Delta (Zakho)
734-R02-FDT01-FAT33,37.13607558,42.67300382,Delta (Zakho)
734-R02-FDT01-FAT34,37.13608475,42.67239505,Delta (Zakho)
734-R02-FDT01-FAT35,37.13537832,42.67171968,Delta (Zakho)
734-R02-FDT01-FAT36,37.13503416,42.67158098,Delta (Zakho)
734-R02-FDT01-FAT37,37.13453272,42.67140513,Delta (Zakho)
734-R02-FDT01-FAT38,37.1342997,42.67073731,Delta (Zakho)
734-R02-FDT01-FAT39,37.13560708,42.66975224,Delta (Zakho)
734-R02-FDT01-FAT40,37.13518174,42.66957785,Delta (Zakho)
734-R02-FDT01-FAT41,37.13465502,42.67003289,Delta (Zakho)
734-R02-FDT01-FAT42,37.13516712,42.66893953,Delta (Zakho)
734-R02-FDT01-FAT43,37.13505011,42.66829946,Delta (Zakho)
734-R02-FDT01-FAT44,37.13453568,42.66880941,Delta (Zakho)
734-R02-FDT01-FAT45,37.118798,42.676687,Delta (Zakho)
734-R02-FDT01-FAT46,37.11379087,42.65611911,Delta (Zakho)
734-R02-FDT01-FAT47,37.11382654,42.65423986,Delta (Zakho)
734-R02-FDT01-FAT48,37.1155225,42.65707821,Delta (Zakho)
734-R02-FDT01-FAT49,37.11539668,42.65489879,Delta (Zakho)
734-R02-FDT01-FAT50,37.11539843,42.65434533,Delta (Zakho)
734-R02-FDT01-FAT51,37.11543296,42.65347172,Delta (Zakho)
734-R02-FDT01-FAT52,37.1157971,42.65840414,Delta (Zakho)
734-R02-FDT01-FAT53,37.11690022,42.65942116,Delta (Zakho)
734-R02-FDT01-FAT54,37.11771111,42.66015536,Delta (Zakho)
734-R02-FDT01-FAT55,37.11763811,42.65866161,Delta (Zakho)
734-R02-FDT01-FAT56,37.11711815,42.65732804,Delta (Zakho)
734-R02-FDT01-FAT57,37.11653043,42.65709341,Delta (Zakho)
734-R02-FDT01-FAT58,37.12552102,42.67689236,Delta (Zakho)
734-R02-FDT01-FAT59,37.11197158,42.66997945,Delta (Zakho)
734-R02-FDT01-FAT60,37.13678992,42.67683572,Delta (Zakho)
734-R02-FDT01-FAT61,37.11751442,42.67718704,Delta (Zakho)
734-R02-FDT01-FAT62,37.10654019,42.67364741,Delta (Zakho)
734-R02-FDT01-FAT63,37.10655743,42.67513377,Delta (Zakho)
734-R02-FDT01-FAT64,37.10636216,42.67357812,Delta (Zakho)
734-R02-FDT01-FAT65,37.10517195,42.67500279,Delta (Zakho)
734-R02-FDT01-FAT66,37.12065937,42.67482261,Delta (Zakho)
734-R02-FDT02-FAT01,37.13938961,42.67333817,Delta (Zakho)
734-R02-FDT02-FAT02,37.1394914,42.67298772,Delta (Zakho)
734-R02-FDT02-FAT03,37.13971729,42.6720374,Delta (Zakho)
734-R02-FDT02-FAT04,37.140158,42.67069388,Delta (Zakho)
734-R02-FDT02-FAT05,37.14042494,42.66984887,Delta (Zakho)
734-R02-FDT02-FAT06,37.14060689,42.6692198,Delta (Zakho)
734-R02-FDT02-FAT07,37.14067079,42.66887878,Delta (Zakho)
734-R02-FDT02-FAT08,37.14094399,42.66742738,Delta (Zakho)
734-R02-FDT02-FAT09,37.14087966,42.67080757,Delta (Zakho)
734-R02-FDT02-FAT10,37.14092321,42.67009997,Delta (Zakho)
734-R02-FDT02-FAT11,37.14109855,42.66979506,Delta (Zakho)
734-R02-FDT02-FAT12,37.1409559,42.67186355,Delta (Zakho)
734-R02-FDT02-FAT13,37.14117011,42.67144709,Delta (Zakho)
734-R02-FDT02-FAT14,37.14138159,42.67105322,Delta (Zakho)
734-R02-FDT02-FAT15,37.14146269,42.67207628,Delta (Zakho)
734-R02-FDT02-FAT16,37.14191831,42.67118942,Delta (Zakho)
734-R02-FDT02-FAT17,37.13977178,42.67373365,Delta (Zakho)
734-R02-FDT02-FAT18,37.14011913,42.67299421,Delta (Zakho)
734-R02-FDT02-FAT19,37.14054259,42.67323581,Delta (Zakho)
734-R02-FDT02-FAT20,37.14101539,42.67329953,Delta (Zakho)
734-R02-FDT02-FAT21,37.14122253,42.67434347,Delta (Zakho)
734-R02-FDT02-FAT22,37.14141088,42.67331421,Delta (Zakho)
734-R02-FDT02-FAT23,37.14110626,42.67268698,Delta (Zakho)
734-R02-FDT02-FAT24,37.14188318,42.67254591,Delta (Zakho)
734-R02-FDT02-FAT25,37.14174225,42.67413345,Delta (Zakho)
734-R02-FDT02-FAT26,37.13947411,42.67437195,Delta (Zakho)
734-R02-FDT02-FAT27,37.13936392,42.67558898,Delta (Zakho)
734-R02-FDT02-FAT28,37.13985281,42.67583855,Delta (Zakho)
734-R02-FDT02-FAT29,37.14007988,42.67458203,Delta (Zakho)
734-R02-FDT02-FAT30,37.14015925,42.67523241,Delta (Zakho)
734-R02-FDT02-FAT31,37.14039972,42.67517792,Delta (Zakho)
734-R02-FDT02-FAT32,37.14085419,42.67549675,Delta (Zakho)
734-R02-FDT02-FAT33,37.13903967,42.67414571,Delta (Zakho)
734-R02-FDT02-FAT34,37.13877661,42.67498883,Delta (Zakho)
734-R02-FDT02-FAT35,37.13923154,42.67695067,Delta (Zakho)
734-R02-FDT02-FAT36,37.13864258,42.67707408,Delta (Zakho)
734-R02-FDT02-FAT37,37.13822948,42.67740983,Delta (Zakho)
734-R02-FDT02-FAT38,37.13887041,42.67790918,Delta (Zakho)
734-R02-FDT02-FAT39,37.13858327,42.67819064,Delta (Zakho)
734-R02-FDT02-FAT40,37.13933398,42.67619409,Delta (Zakho)
734-R02-FDT02-FAT41,37.1397305,42.67626768,Delta (Zakho)
734-R02-FDT02-FAT42,37.14052469,42.67632743,Delta (Zakho)
734-R02-FDT02-FAT43,37.14023049,42.67717964,Delta (Zakho)
734-R02-FDT02-FAT44,37.13980689,42.67760619,Delta (Zakho)
734-R02-FDT02-FAT45,37.14096342,42.66832709,Delta (Zakho)
734-R02-FDT03-FAT01,37.135694,42.687322,Delta (Zakho)
734-R02-FDT03-FAT02,37.13343294,42.68580135,Delta (Zakho)
734-R02-FDT03-FAT03,37.1334514,42.68465881,Delta (Zakho)
734-R02-FDT03-FAT04,37.13314335,42.68390191,Delta (Zakho)
734-R02-FDT03-FAT05,37.13261427,42.68349503,Delta (Zakho)
734-R02-FDT03-FAT06,37.1321825,42.68300097,Delta (Zakho)
734-R02-FDT03-FAT07,37.13223644,42.68175945,Delta (Zakho)
734-R02-FDT03-FAT08,37.13374626,42.68387846,Delta (Zakho)
734-R02-FDT03-FAT09,37.13328788,42.6824811,Delta (Zakho)
734-R02-FDT03-FAT10,37.1326816,42.68186976,Delta (Zakho)
734-R02-FDT03-FAT11,37.13409942,42.68023679,Delta (Zakho)
734-R02-FDT03-FAT12,37.13446924,42.68031169,Delta (Zakho)
734-R02-FDT03-FAT13,37.1344996,42.68152139,Delta (Zakho)
734-R02-FDT03-FAT14,37.13352072,42.68110345,Delta (Zakho)
734-R02-FDT03-FAT15,37.13318683,42.6803502,Delta (Zakho)
734-R02-FDT03-FAT16,37.13334195,42.67922796,Delta (Zakho)
734-R02-FDT03-FAT17,37.13277705,42.68113501,Delta (Zakho)
734-R02-FDT03-FAT18,37.13285966,42.68052065,Delta (Zakho)
734-R02-FDT03-FAT19,37.13350732,42.68807461,Delta (Zakho)
734-R02-FDT03-FAT20,37.13229529,42.69151104,Delta (Zakho)
734-R02-FDT03-FAT21,37.13188209,42.69144474,Delta (Zakho)
734-R02-FDT03-FAT22,37.13086635,42.69191373,Delta (Zakho)
734-R02-FDT03-FAT23,37.13098708,42.69259494,Delta (Zakho)
734-R02-FDT03-FAT24,37.13181952,42.69095085,Delta (Zakho)
734-R02-FDT03-FAT25,37.13084947,42.69084469,Delta (Zakho)
734-R02-FDT03-FAT26,37.132056,42.69271822,Delta (Zakho)
734-R02-FDT03-FAT27,37.13241521,42.69341326,Delta (Zakho)
734-R02-FDT03-FAT28,37.13238518,42.69388252,Delta (Zakho)
734-R02-FDT03-FAT29,37.13234614,42.69443385,Delta (Zakho)
734-R02-FDT03-FAT30,37.13247631,42.69458561,Delta (Zakho)
734-R02-FDT03-FAT31,37.13594923,42.6880894,Delta (Zakho)
734-R02-FDT04-FAT01,37.13801693,42.68948553,Delta (Zakho)
734-R02-FDT04-FAT02,37.13860949,42.68902368,Delta (Zakho)
734-R02-FDT04-FAT03,37.13905409,42.68913372,Delta (Zakho)
734-R02-FDT04-FAT04,37.13845085,42.68839169,Delta (Zakho)
734-R02-FDT04-FAT05,37.13912957,42.6882906,Delta (Zakho)
734-R02-FDT04-FAT06,37.14057361,42.6891107,Delta (Zakho)
734-R02-FDT04-FAT07,37.1404779,42.68938507,Delta (Zakho)
734-R02-FDT04-FAT08,37.13811731,42.68771651,Delta (Zakho)
734-R02-FDT04-FAT09,37.13839398,42.68697966,Delta (Zakho)
734-R02-FDT04-FAT10,37.13926084,42.68746925,Delta (Zakho)
734-R02-FDT04-FAT11,37.13991968,42.68784424,Delta (Zakho)
734-R02-FDT04-FAT12,37.1405752,42.68824,Delta (Zakho)
734-R02-FDT04-FAT13,37.13867287,42.69034389,Delta (Zakho)
734-R02-FDT04-FAT14,37.13892387,42.6909917,Delta (Zakho)
734-R02-FDT04-FAT15,37.13924883,42.69017037,Delta (Zakho)
734-R02-FDT04-FAT16,37.13974934,42.69018579,Delta (Zakho)
734-R02-FDT04-FAT17,37.13980648,42.69004277,Delta (Zakho)
734-R02-FDT04-FAT18,37.13995455,42.68967312,Delta (Zakho)
734-R02-FDT04-FAT19,37.13813313,42.69079141,Delta (Zakho)
734-R02-FDT04-FAT20,37.13878031,42.6911668,Delta (Zakho)
734-R02-FDT04-FAT21,37.13938959,42.69224522,Delta (Zakho)
734-R02-FDT04-FAT22,37.1390671,42.69307663,Delta (Zakho)
734-R02-FDT04-FAT23,37.13858653,42.69330825,Delta (Zakho)
734-R02-FDT04-FAT24,37.13837042,42.69492532,Delta (Zakho)
734-R02-FDT04-FAT25,37.13804528,42.6957832,Delta (Zakho)
734-R02-FDT04-FAT26,37.13842944,42.69372456,Delta (Zakho)
734-R02-FDT04-FAT27,37.13796534,42.69468251,Delta (Zakho)
734-R02-FDT04-FAT28,37.13763921,42.6955384,Delta (Zakho)
734-R02-FDT04-FAT29,37.13823057,42.69134215,Delta (Zakho)
734-R02-FDT04-FAT30,37.1381268,42.69162762,Delta (Zakho)
734-R02-FDT04-FAT31,37.13861611,42.69189316,Delta (Zakho)
734-R02-FDT04-FAT32,37.13882418,42.69265783,Delta (Zakho)
734-R02-FDT04-FAT33,37.13748517,42.6909542,Delta (Zakho)
734-R02-FDT04-FAT34,37.13739404,42.69247272,Delta (Zakho)
734-R02-FDT04-FAT35,37.1374867,42.69322132,Delta (Zakho)
734-R02-FDT04-FAT36,37.13713631,42.69315477,Delta (Zakho)
734-R02-FDT04-FAT37,37.1372286,42.69386953,Delta (Zakho)
734-R02-FDT04-FAT38,37.13758554,42.69460873,Delta (Zakho)
734-R02-FDT04-FAT39,37.13730007,42.69537187,Delta (Zakho)
734-R02-FDT04-FAT40,37.13780028,42.69146182,Delta (Zakho)
734-R02-FDT05-FAT01,37.14212827,42.68383672,Delta (Zakho)
734-R02-FDT05-FAT02,37.14187944,42.68284617,Delta (Zakho)
734-R02-FDT05-FAT03,37.14160433,42.68250053,Delta (Zakho)
734-R02-FDT05-FAT04,37.1414689,42.68206439,Delta (Zakho)
734-R02-FDT05-FAT05,37.14162848,42.68146491,Delta (Zakho)
734-R02-FDT05-FAT06,37.14187528,42.68055189,Delta (Zakho)
734-R02-FDT05-FAT07,37.14223914,42.67975984,#N/A
734-R02-FDT05-FAT08,37.14125436,42.67880127,#N/A
734-R02-FDT05-FAT09,37.14075088,42.68204726,Delta (Zakho)
734-R02-FDT05-FAT10,37.14085066,42.68146897,Delta (Zakho)
734-R02-FDT05-FAT11,37.14052848,42.68157455,Delta (Zakho)
734-R02-FDT05-FAT12,37.14074443,42.6807152,Delta (Zakho)
734-R02-FDT05-FAT13,37.14041413,42.68056906,Delta (Zakho)
734-R02-FDT05-FAT14,37.14025314,42.67985306,Delta (Zakho)
734-R02-FDT05-FAT15,37.14016316,42.6811141,Delta (Zakho)
734-R02-FDT05-FAT16,37.14200962,42.68215737,Delta (Zakho)
734-R02-FDT05-FAT17,37.14214572,42.68185596,Delta (Zakho)
734-R02-FDT05-FAT18,37.14244797,42.68082218,Delta (Zakho)
734-R02-FDT05-FAT19,37.14286181,42.68139125,Delta (Zakho)
734-R02-FDT05-FAT20,37.14318395,42.68082795,Delta (Zakho)
734-R02-FDT05-FAT21,37.14401734,42.68098344,Delta (Zakho)
734-R02-FDT05-FAT22,37.14250656,42.68290224,Delta (Zakho)
734-R02-FDT05-FAT23,37.14278657,42.68268728,Delta (Zakho)
734-R02-FDT05-FAT24,37.14298194,42.68322318,Delta (Zakho)
734-R02-FDT05-FAT25,37.14279169,42.68369235,Delta (Zakho)
734-R02-FDT05-FAT26,37.14255669,42.68235308,Delta (Zakho)
734-R02-FDT05-FAT27,37.14298176,42.68202789,Delta (Zakho)
734-R02-FDT05-FAT28,37.14333689,42.68207836,Delta (Zakho)
734-R02-FDT05-FAT29,37.14344556,42.68191889,Delta (Zakho)
734-R02-FDT05-FAT30,37.14396474,42.68208752,Delta (Zakho)
734-R02-FDT05-FAT31,37.1431839,42.68237112,Delta (Zakho)
734-R02-FDT05-FAT32,37.14345663,42.68282873,Delta (Zakho)
734-R02-FDT05-FAT33,37.14369852,42.68255919,Delta (Zakho)
734-R02-FDT05-FAT34,37.14413564,42.68275648,Delta (Zakho)
734-R02-FDT05-FAT35,37.14227868,42.68357789,Delta (Zakho)
734-R02-FDT05-FAT36,37.14322875,42.68381871,Delta (Zakho)
734-R02-FDT06-FAT01,37.14335506,42.6767035,Delta (Zakho)
734-R02-FDT06-FAT02,37.14312837,42.67620727,Delta (Zakho)
734-R02-FDT06-FAT03,37.14347793,42.67563881,Delta (Zakho)
734-R02-FDT06-FAT04,37.14280476,42.67533242,Delta (Zakho)
734-R02-FDT06-FAT05,37.14265067,42.67526214,Delta (Zakho)
734-R02-FDT06-FAT06,37.14253106,42.67519817,Delta (Zakho)
734-R02-FDT06-FAT07,37.14218487,42.6750462,Delta (Zakho)
734-R02-FDT06-FAT08,37.1422305,42.67535158,Delta (Zakho)
734-R02-FDT06-FAT09,37.14229737,42.67674644,Delta (Zakho)
734-R02-FDT06-FAT10,37.14175777,42.6763063,Delta (Zakho)
734-R02-FDT06-FAT11,37.14130032,42.67522829,Delta (Zakho)
734-R02-FDT06-FAT12,37.14154564,42.67658705,Delta (Zakho)
734-R02-FDT06-FAT13,37.14120822,42.67630738,Delta (Zakho)
734-R02-FDT06-FAT14,37.14050831,42.67671958,Delta (Zakho)
734-R02-FDT06-FAT15,37.14052576,42.67663204,Delta (Zakho)
734-R02-FDT06-FAT16,37.14060017,42.67645417,Delta (Zakho)
734-R02-FDT06-FAT17,37.14288604,42.67719541,Delta (Zakho)
734-R02-FDT06-FAT18,37.14278056,42.67754119,Delta (Zakho)
734-R02-FDT06-FAT19,37.14241222,42.67760015,Delta (Zakho)
734-R02-FDT06-FAT20,37.14172114,42.6776919,Delta (Zakho)
734-R02-FDT06-FAT21,37.14146929,42.67775441,Delta (Zakho)
734-R02-FDT06-FAT22,37.14251443,42.67839138,Delta (Zakho)
734-R02-FDT06-FAT23,37.14263167,42.6784448,Delta (Zakho)
734-R02-FDT06-FAT24,37.1422804,42.67865388,Delta (Zakho)
734-R02-FDT06-FAT25,37.14170719,42.67841676,Delta (Zakho)
734-R02-FDT06-FAT26,37.141383,42.6785335,Delta (Zakho)
734-R02-FDT06-FAT27,37.1406073,42.67841154,Delta (Zakho)
734-R02-FDT06-FAT28,37.14050322,42.67840803,Delta (Zakho)
734-R02-FDT06-FAT29,37.14337454,42.67893851,Delta (Zakho)
734-R02-FDT07-FAT01,37.14450984,42.67183927,Delta (Zakho)
734-R02-FDT07-FAT02,37.14435882,42.67091172,Delta (Zakho)
734-R02-FDT07-FAT03,37.14470103,42.67048821,Delta (Zakho)
734-R02-FDT07-FAT04,37.14475849,42.67003694,Delta (Zakho)
734-R02-FDT07-FAT05,37.14401516,42.67024048,Delta (Zakho)
734-R02-FDT07-FAT06,37.14251433,42.66966556,Delta (Zakho)
734-R02-FDT07-FAT07,37.14241149,42.67011189,Delta (Zakho)
734-R02-FDT07-FAT08,37.14178159,42.6697979,Delta (Zakho)
734-R02-FDT07-FAT09,37.14178956,42.66916984,Delta (Zakho)
734-R02-FDT07-FAT10,37.14260969,42.66875007,Delta (Zakho)
734-R02-FDT07-FAT11,37.14172888,42.66842999,Delta (Zakho)
734-R02-FDT07-FAT12,37.14305297,42.66919314,Delta (Zakho)
734-R02-FDT07-FAT13,37.14336626,42.66864842,Delta (Zakho)
734-R02-FDT07-FAT14,37.14290594,42.66840681,Delta (Zakho)
734-R02-FDT07-FAT15,37.14206322,42.66798543,Delta (Zakho)
734-R02-FDT07-FAT16,37.14418074,42.67415337,Delta (Zakho)
734-R02-FDT07-FAT17,37.14362976,42.67405831,Delta (Zakho)
734-R02-FDT07-FAT18,37.14235639,42.67358551,Delta (Zakho)
734-R02-FDT07-FAT19,37.1436206,42.6749622,Delta (Zakho)
734-R02-FDT07-FAT20,37.14321511,42.67460727,Delta (Zakho)
734-R02-FDT07-FAT21,37.14243648,42.6742224,Delta (Zakho)
734-R02-FDT07-FAT22,37.14227439,42.67444934,Delta (Zakho)
734-R02-FDT07-FAT23,37.14229337,42.67445916,Delta (Zakho)
734-R02-FDT07-FAT24,37.14231243,42.67446728,Delta (Zakho)
734-R02-FDT07-FAT25,37.14198357,42.67428639,Delta (Zakho)
734-R02-FDT07-FAT26,37.14197956,42.67430756,Delta (Zakho)
734-R02-FDT07-FAT27,37.14197555,42.67432873,Delta (Zakho)
734-R02-FDT07-FAT28,unavailable,,Delta (Zakho)
734-R02-FDT07-FAT29,unavailable,,Delta (Zakho)
734-R02-FDT07-FAT30,37.14408966,42.67270786,Delta (Zakho)
734-R02-FDT07-FAT31,37.14394446,42.67233768,Delta (Zakho)
734-R02-FDT07-FAT32,37.14340659,42.67229038,Delta (Zakho)
734-R02-FDT07-FAT33,37.14275178,42.67228094,Delta (Zakho)
734-R02-FDT07-FAT34,37.14308952,42.67145595,Delta (Zakho)
734-R02-FDT07-FAT35,37.14262188,42.67098418,Delta (Zakho)
734-R02-FDT07-FAT36,37.14223246,42.6681415,Delta (Zakho)
734-R02-FDT07-FAT37,37.1419025,42.66797331,Delta (Zakho)
734-R02-FDT07-FAT38,37.14373346,42.67135249,Delta (Zakho)
734-R02-FDT08-FAT01,37.14758233,42.67070406,Delta (Zakho)
734-R02-FDT08-FAT02,37.14705656,42.67060128,Delta (Zakho)
734-R02-FDT08-FAT03,37.14634459,42.67047522,Delta (Zakho)
734-R02-FDT08-FAT04,37.14585216,42.67005126,Delta (Zakho)
734-R02-FDT08-FAT05,37.14594772,42.66914405,Delta (Zakho)
734-R02-FDT08-FAT06,37.14628805,42.66852399,Delta (Zakho)
734-R02-FDT08-FAT07,37.14636678,42.67025112,Delta (Zakho)
734-R02-FDT08-FAT08,37.14650704,42.66901396,Delta (Zakho)
734-R02-FDT08-FAT09,37.14538626,42.67009036,Delta (Zakho)
734-R02-FDT08-FAT10,37.14549714,42.66918791,Delta (Zakho)
734-R02-FDT08-FAT11,37.14561453,42.66818859,Delta (Zakho)
734-R02-FDT08-FAT12,37.14572546,42.66794922,Delta (Zakho)
734-R02-FDT08-FAT13,37.14573656,42.66775285,Delta (Zakho)
734-R02-FDT08-FAT14,37.14653131,42.66673263,Delta (Zakho)
734-R02-FDT08-FAT15,37.14642319,42.66729979,Delta (Zakho)
734-R02-FDT08-FAT16,37.14574561,42.66694749,Delta (Zakho)
734-R02-FDT08-FAT17,37.14583718,42.66617296,Delta (Zakho)
734-R02-FDT08-FAT18,37.14597205,42.66494221,Delta (Zakho)
734-R02-FDT08-FAT19,37.14560269,42.66478123,Delta (Zakho)
734-R02-FDT08-FAT20,37.14784657,42.66881851,Delta (Zakho)
734-R02-FDT08-FAT21,37.14726849,42.66950746,Delta (Zakho)
734-R02-FDT08-FAT22,37.14721563,42.66997497,Delta (Zakho)
734-R02-FDT08-FAT23,37.14694927,42.6699237,Delta (Zakho)
734-R02-FDT08-FAT24,37.14694726,42.66910701,Delta (Zakho)
734-R02-FDT08-FAT25,37.14697549,42.66887531,Delta (Zakho)
734-R02-FDT08-FAT26,37.14793027,42.67226289,Delta (Zakho)
734-R02-FDT08-FAT27,37.14844629,42.67283983,Delta (Zakho)
734-R02-FDT08-FAT28,37.14789916,42.67340771,Delta (Zakho)
734-R02-FDT08-FAT29,37.14834816,42.67437582,Delta (Zakho)
734-R02-FDT08-FAT30,37.14854777,42.67364475,Delta (Zakho)
734-R02-FDT08-FAT31,37.14902493,42.67343111,Delta (Zakho)
734-R02-FDT08-FAT32,37.14948376,42.67283268,Delta (Zakho)
734-R02-FDT08-FAT33,37.14952827,42.67368622,Delta (Zakho)
734-R02-FDT08-FAT34,37.15076262,42.674732,Delta (Zakho)
734-R02-FDT08-FAT35,37.15117537,42.67403118,Delta (Zakho)
734-R02-FDT08-FAT36,37.14987585,42.67445025,Delta (Zakho)
734-R02-FDT08-FAT37,37.1503948,42.6739924,Delta (Zakho)
734-R02-FDT08-FAT38,37.15018085,42.67324115,Delta (Zakho)
734-R02-FDT08-FAT39,37.15053519,42.67283025,Delta (Zakho)
734-R02-FDT08-FAT40,37.15085109,42.67328574,Delta (Zakho)
734-R02-FDT08-FAT41,37.15132233,42.6729027,Delta (Zakho)
734-R02-FDT08-FAT42,37.14721929,42.67319827,Delta (Zakho)
734-R02-FDT08-FAT43,37.14773487,42.67385091,Delta (Zakho)
734-R02-FDT08-FAT44,37.14690949,42.67533868,Delta (Zakho)
734-R02-FDT08-FAT45,37.14726528,42.67555925,Delta (Zakho)
734-R02-FDT08-FAT46,37.14795658,42.67545542,Delta (Zakho)
734-R02-FDT08-FAT47,37.14778502,42.67517361,Delta (Zakho)
734-R02-FDT08-FAT48,37.14600247,42.67623748,Delta (Zakho)
734-R02-FDT08-FAT49,37.14413204,42.67596177,Delta (Zakho)
734-R02-FDT08-FAT50,37.14394764,42.67656842,Delta (Zakho)
734-R02-FDT08-FAT51,37.14708088,42.67114323,Delta (Zakho)
734-R02-FDT08-FAT52,37.14539676,42.67078097,Delta (Zakho)
734-R02-FDT08-FAT53,37.14502409,42.66991003,Delta (Zakho)
734-R02-FDT08-FAT54,37.14511703,42.66911556,Delta (Zakho)
734-R02-FDT08-FAT55,37.14520551,42.66834507,Delta (Zakho)
734-R02-FDT08-FAT56,37.14534603,42.6670005,Delta (Zakho)
734-R02-FDT08-FAT57,37.14537428,42.66665791,Delta (Zakho)
734-R02-FDT08-FAT58,37.14544021,42.66620298,Delta (Zakho)
734-R02-FDT08-FAT59,37.1455157,42.6654471,Delta (Zakho)
734-R02-FDT08-FAT60,37.14561265,42.67359595,Delta (Zakho)
734-R02-FDT09-FAT01,37.14428153,42.66549583,Delta (Zakho)
734-R02-FDT09-FAT02,37.1444555,42.6649935,Delta (Zakho)
734-R02-FDT09-FAT03,37.14431508,42.66447353,Delta (Zakho)
734-R02-FDT09-FAT04,37.14486705,42.66440408,Delta (Zakho)
734-R02-FDT09-FAT05,37.14437325,42.66627804,Delta (Zakho)
734-R02-FDT09-FAT06,37.14491963,42.666374,Delta (Zakho)
734-R02-FDT09-FAT07,37.14507253,42.66723718,Delta (Zakho)
734-R02-FDT09-FAT08,37.14491587,42.66864526,Delta (Zakho)
734-R02-FDT09-FAT09,37.14519591,42.66611865,Delta (Zakho)
734-R02-FDT09-FAT10,37.14536778,42.66468672,Delta (Zakho)
734-R02-FDT09-FAT11,37.14540957,42.66412133,Delta (Zakho)
734-R02-FDT09-FAT12,37.14503967,42.66328367,Delta (Zakho)
734-R02-FDT09-FAT13,37.14422092,42.66739061,Delta (Zakho)
734-R02-FDT09-FAT14,37.14413191,42.66820308,Delta (Zakho)
734-R02-FDT09-FAT15,37.14382773,42.6668591,Delta (Zakho)
734-R02-FDT09-FAT16,37.14370295,42.66790597,Delta (Zakho)
734-R02-FDT09-FAT17,37.14473763,42.66689355,Delta (Zakho)
734-R02-FDT09-FAT18,37.14463541,42.66773193,Delta (Zakho)
734-R02-FDT09-FAT19,37.1444964,42.66898252,Delta (Zakho)
734-R02-FDT09-FAT20,37.14331897,42.66719793,Delta (Zakho)
734-R02-FDT09-FAT21,37.14313146,42.66832387,Delta (Zakho)
734-R02-FDT09-FAT22,37.14257751,42.66805389,Delta (Zakho)
734-R02-FDT09-FAT23,37.14156144,42.66647676,Delta (Zakho)
734-R02-FDT09-FAT24,37.1419146,42.66723086,Delta (Zakho)
734-R02-FDT09-FAT25,37.14237243,42.66674805,Delta (Zakho)
734-R02-FDT09-FAT26,37.14104194,42.66726233,Delta (Zakho)
734-R02-FDT09-FAT27,37.14289592,42.66601911,Delta (Zakho)
734-R02-FDT09-FAT28,37.14244883,42.66549924,Delta (Zakho)
734-R02-FDT09-FAT29,37.14202496,42.66569717,Delta (Zakho)
734-R02-FDT09-FAT30,37.14111954,42.66560024,Delta (Zakho)
734-R02-FDT09-FAT31,37.14121582,42.66504604,Delta (Zakho)
734-R02-FDT09-FAT32,37.14141311,42.6650085,Delta (Zakho)
734-R02-FDT09-FAT33,37.14136593,42.66447714,Delta (Zakho)
734-R02-FDT09-FAT34,37.14142893,42.66394208,Delta (Zakho)
734-R02-FDT09-FAT35,37.14292418,42.66543014,Delta (Zakho)
734-R02-FDT09-FAT36,37.14297401,42.66424589,Delta (Zakho)
734-R02-FDT09-FAT37,37.14335152,42.66563831,Delta (Zakho)
734-R02-FDT09-FAT38,37.14342131,42.66433565,Delta (Zakho)
734-R02-FDT09-FAT39,37.14323421,42.66328755,Delta (Zakho)
734-R02-FDT09-FAT40,37.14339244,42.66259214,Delta (Zakho)
734-R02-FDT09-FAT41,37.14107202,42.66349353,Delta (Zakho)
734-R02-FDT09-FAT42,37.14108547,42.66256389,Delta (Zakho)
734-R02-FDT09-FAT43,37.14382326,42.66485296,Delta (Zakho)
734-R02-FDT09-FAT44,37.14388269,42.66421935,Delta (Zakho)
734-R02-FDT09-FAT45,37.14402354,42.66379789,Delta (Zakho)
734-R02-FDT09-FAT46,37.14421828,42.66332838,Delta (Zakho)
734-R02-FDT09-FAT47,37.14402929,42.66282927,Delta (Zakho)
734-R02-FDT10-FAT01,37.13919133,42.66583007,Delta (Zakho)
734-R02-FDT10-FAT02,37.13972921,42.66578185,Delta (Zakho)
734-R02-FDT10-FAT03,37.13941895,42.6663803,Delta (Zakho)
734-R02-FDT10-FAT04,37.13749293,42.66563155,Delta (Zakho)
734-R02-FDT10-FAT05,37.13753643,42.66482482,Delta (Zakho)
734-R02-FDT10-FAT06,37.13760082,42.66361934,Delta (Zakho)
734-R02-FDT10-FAT07,37.13784041,42.66261005,Delta (Zakho)
734-R02-FDT10-FAT08,37.13873709,42.66580256,Delta (Zakho)
734-R02-FDT10-FAT09,37.13840466,42.66625231,Delta (Zakho)
734-R02-FDT10-FAT10,37.13801273,42.66794419,Delta (Zakho)
734-R02-FDT10-FAT11,37.13733363,42.66754042,Delta (Zakho)
734-R02-FDT10-FAT12,37.13690507,42.6674557,Delta (Zakho)
734-R02-FDT10-FAT13,37.1360342,42.66688988,Delta (Zakho)
734-R02-FDT10-FAT14,37.13581919,42.66586144,Delta (Zakho)
734-R02-FDT10-FAT15,37.13541049,42.66630194,Delta (Zakho)
734-R02-FDT10-FAT16,37.13538705,42.66667182,Delta (Zakho)
734-R02-FDT10-FAT17,37.1350046,42.66662543,Delta (Zakho)
734-R02-FDT10-FAT18,37.13504239,42.66589047,Delta (Zakho)
734-R02-FDT10-FAT19,37.13770706,42.66877295,Delta (Zakho)
734-R02-FDT10-FAT20,37.13703517,42.66818835,Delta (Zakho)
734-R02-FDT10-FAT21,37.13745313,42.6694686,Delta (Zakho)
734-R02-FDT10-FAT22,37.13679607,42.66966113,Delta (Zakho)
734-R02-FDT10-FAT23,37.13649965,42.66928054,Delta (Zakho)
734-R02-FDT10-FAT24,37.13833678,42.67020718,Delta (Zakho)
734-R02-FDT10-FAT25,37.13762032,42.671719,Delta (Zakho)
734-R02-FDT10-FAT26,37.13751854,42.67254661,Delta (Zakho)
734-R02-FDT10-FAT27,37.13741338,42.67057938,Delta (Zakho)
734-R02-FDT10-FAT28,37.13858116,42.67101756,Delta (Zakho)
734-R02-FDT10-FAT29,37.13724163,42.67163532,Delta (Zakho)
734-R02-FDT10-FAT30,37.1366476,42.67193513,Delta (Zakho)
734-R02-FDT10-FAT31,37.14009876,42.66609594,Delta (Zakho)
734-R02-FDT10-FAT32,37.1404029,42.66672183,Delta (Zakho)
734-R02-FDT10-FAT33,37.13545923,42.66775917,Delta (Zakho)
734-R02-FDT11-FAT01,37.1383665,42.68126198,Delta (Zakho)
734-R02-FDT11-FAT02,37.13804702,42.6805933,Delta (Zakho)
734-R02-FDT11-FAT03,37.13779655,42.68042519,Delta (Zakho)
734-R02-FDT11-FAT04,37.13803717,42.67969864,Delta (Zakho)
734-R02-FDT11-FAT05,37.13778267,42.68149712,Delta (Zakho)
734-R02-FDT11-FAT06,37.13675885,42.68145666,Delta (Zakho)
734-R02-FDT11-FAT07,37.13573071,42.68091882,Delta (Zakho)
734-R02-FDT11-FAT08,37.13867279,42.68031206,Delta (Zakho)
734-R02-FDT11-FAT09,37.13933814,42.68038284,Delta (Zakho)
734-R02-FDT11-FAT10,37.13932897,42.67964891,Delta (Zakho)
734-R02-FDT11-FAT11,37.13931067,42.67929462,Delta (Zakho)
734-R02-FDT11-FAT12,37.13877326,42.67923054,Delta (Zakho)
734-R02-FDT11-FAT13,37.13859737,42.67916713,Delta (Zakho)
734-R02-FDT11-FAT14,37.1380332,42.67853575,Delta (Zakho)
734-R02-FDT11-FAT15,37.1365359,42.67902512,Delta (Zakho)
734-R02-FDT11-FAT16,37.13681345,42.67884012,Delta (Zakho)
734-R02-FDT11-FAT17,37.13870654,42.67878113,Delta (Zakho)
734-R02-FDT11-FAT18,37.13992172,42.67865803,Delta (Zakho)
734-R02-FDT11-FAT19,37.13781658,42.67897802,Delta (Zakho)
734-R02-FDT11-FAT20,37.13721331,42.67912513,Delta (Zakho)
734-R02-FDT11-FAT21,37.13730291,42.67968488,Delta (Zakho)
734-R02-FDT11-FAT22,37.13680156,42.67960136,Delta (Zakho)
734-R02-FDT11-FAT23,37.13657558,42.68056781,Delta (Zakho)
734-R02-FDT11-FAT24,37.13930942,42.68153979,Delta (Zakho)
734-R02-FDT11-FAT25,37.13728451,42.68330542,Delta (Zakho)
734-R02-FDT11-FAT26,37.13686686,42.68399502,Delta (Zakho)
734-R02-FDT11-FAT27,37.13647864,42.68492751,Delta (Zakho)
734-R02-FDT12-FAT01,37.13062347,42.67682993,Delta (Zakho)
734-R02-FDT12-FAT02,37.1291525,42.67842814,Delta (Zakho)
734-R02-FDT12-FAT03,37.13023407,42.67839111,Delta (Zakho)
734-R02-FDT12-FAT04,37.12090889,42.67688462,Delta (Zakho)
734-R02-FDT12-FAT05,37.0941673,42.65807435,Delta (Zakho)
734-R02-FDT12-FAT06,37.09515801,42.65825423,Delta (Zakho)
734-R02-FDT12-FAT07,37.09564777,42.6596427,Delta (Zakho)
734-R02-FDT12-FAT08,37.09517041,42.65638917,Delta (Zakho)
734-R02-FDT12-FAT09,37.09651516,42.65460637,Delta (Zakho)
734-R02-FDT12-FAT10,37.09567092,42.6535496,Delta (Zakho)
734-R02-FDT12-FAT11,37.10149082,42.66865003,Delta (Zakho)
734-R02-FDT12-FAT12,37.09936834,42.67207795,Delta (Zakho)
734-R02-FDT12-FAT13,37.11371633,42.65368028,Delta (Zakho)
734-R02-FDT12-FAT14,37.11248511,42.65364517,Delta (Zakho)
734-R02-FDT12-FAT15,37.11377235,42.65762982,Delta (Zakho)
734-R03-FDT01-FAT01,37.12431653,42.68512316,Delta (Zakho)
734-R03-FDT01-FAT02,37.1243077,42.68509801,Delta (Zakho)
734-R03-FDT01-FAT03,37.12394024,42.68535175,Delta (Zakho)
734-R03-FDT01-FAT04,37.1239318,42.68532705,Delta (Zakho)
734-R03-FDT01-FAT05,37.12356261,42.68558763,Delta (Zakho)
734-R03-FDT01-FAT06,37.12355394,42.68556123,Delta (Zakho)
734-R03-FDT01-FAT07,37.12322298,42.68592771,Delta (Zakho)
734-R03-FDT01-FAT08,37.12320405,42.6859103,Delta (Zakho)
734-R03-FDT01-FAT09,37.12305986,42.68643422,Delta (Zakho)
734-R03-FDT01-FAT10,37.12303642,42.68643164,Delta (Zakho)
734-R03-FDT01-FAT11,37.12314038,42.68697155,Delta (Zakho)
734-R03-FDT01-FAT12,37.12312054,42.68698391,Delta (Zakho)
734-R03-FDT01-FAT13,37.12333569,42.6874497,Delta (Zakho)
734-R03-FDT01-FAT14,37.12331653,42.68746531,Delta (Zakho)
734-R03-FDT01-FAT15,37.12366521,42.68789441,Delta (Zakho)
734-R03-FDT01-FAT16,37.12364567,42.68791547,Delta (Zakho)
734-R03-FDT01-FAT17,37.12394242,42.68828778,Delta (Zakho)
734-R03-FDT01-FAT18,37.12392288,42.68830884,Delta (Zakho)
734-R03-FDT01-FAT19,37.12421966,42.68868113,Delta (Zakho)
734-R03-FDT01-FAT20,37.12420012,42.68870219,Delta (Zakho)
734-R03-FDT01-FAT21,37.12450048,42.68907631,Delta (Zakho)
734-R03-FDT01-FAT22,37.1244823,42.68909629,Delta (Zakho)
734-R03-FDT01-FAT23,37.12428227,42.68791419,Delta (Zakho)
734-R03-FDT01-FAT24,37.12426273,42.68793525,Delta (Zakho)
734-R03-FDT01-FAT25,37.1239663,42.68746585,Delta (Zakho)
734-R03-FDT01-FAT26,37.12394676,42.68748691,Delta (Zakho)
734-R03-FDT01-FAT27,37.12430781,42.68701738,Delta (Zakho)
734-R03-FDT01-FAT28,37.12429125,42.68704091,Delta (Zakho)
734-R03-FDT01-FAT29,37.12459664,42.68664164,Delta (Zakho)
734-R03-FDT01-FAT30,37.12458008,42.68666516,Delta (Zakho)
734-R03-FDT01-FAT31,37.12488547,42.68626589,Delta (Zakho)
734-R03-FDT01-FAT32,37.12486892,42.68628942,Delta (Zakho)
734-R03-FDT01-FAT33,37.1251743,42.68589014,Delta (Zakho)
734-R03-FDT01-FAT34,37.12515774,42.68591367,Delta (Zakho)
734-R03-FDT01-FAT35,37.12483427,42.6855171,Delta (Zakho)
734-R03-FDT01-FAT36,37.12481772,42.68554063,Delta (Zakho)
734-R03-FDT01-FAT37,37.12454989,42.68588706,Delta (Zakho)
734-R03-FDT01-FAT38,37.12453334,42.68591059,Delta (Zakho)
734-R03-FDT01-FAT39,37.12426554,42.68625698,Delta (Zakho)
734-R03-FDT01-FAT40,37.12424898,42.68628051,Delta (Zakho)
734-R03-FDT01-FAT41,37.12398118,42.6866269,Delta (Zakho)
734-R03-FDT01-FAT42,37.12396462,42.68665042,Delta (Zakho)
734-R03-FDT01-FAT43,37.12369588,42.6869892,Delta (Zakho)
734-R03-FDT01-FAT44,37.12367933,42.68701273,Delta (Zakho)
734-R03-FDT01-FAT45,37.12385171,42.68783978,Delta (Zakho)
734-R03-FDT01-FAT46,37.12217984,42.68897701,Delta (Zakho)
734-R03-FDT02-FAT01,37.12083986,42.69245273,Delta (Zakho)
734-R03-FDT02-FAT02,37.12083271,42.69247903,Delta (Zakho)
734-R03-FDT02-FAT03,37.12082459,42.69250549,Delta (Zakho)
734-R03-FDT02-FAT04,37.12175369,42.70251771,Delta (Zakho)
734-R03-FDT03-FAT01,37.12004214,42.69874005,Delta (Zakho)
734-R03-FDT03-FAT02,37.12003076,42.69876231,Delta (Zakho)
734-R03-FDT03-FAT03,37.12002003,42.69878772,Delta (Zakho)
734-R03-FDT03-FAT04,37.12000917,42.69881281,Delta (Zakho)
734-R03-FDT03-FAT05,37.12006105,42.69875596,Delta (Zakho)
734-R03-FDT03-FAT06,37.12004967,42.69877822,Delta (Zakho)
734-R03-FDT03-FAT07,37.12003894,42.69880362,Delta (Zakho)
734-R03-FDT03-FAT08,37.12002808,42.69882871,Delta (Zakho)
734-R03-FDT04-FAT01,37.1224596,42.69942126,Delta (Zakho)
734-R03-FDT04-FAT02,37.12244886,42.69944666,Delta (Zakho)
734-R03-FDT04-FAT03,37.12243801,42.69947175,Delta (Zakho)
734-R03-FDT04-FAT04,37.12247851,42.69943716,Delta (Zakho)
734-R03-FDT04-FAT05,37.12246778,42.69946256,Delta (Zakho)
734-R03-FDT04-FAT06,37.12245692,42.69948765,Delta (Zakho)
734-R03-FDT04-FAT07,37.12249733,42.6994518,Delta (Zakho)
734-R03-FDT04-FAT08,37.12248659,42.6994772,Delta (Zakho)
734-R03-FDT04-FAT09,37.12247574,42.69950229,Delta (Zakho)
734-R03-FDT04-FAT10,37.12202721,42.69784646,Delta (Zakho)
734-R03-FDT04-FAT11,37.12192806,42.69813182,Delta (Zakho)
734-R03-FDT04-FAT12,37.12181853,42.69844023,Delta (Zakho)
734-R03-FDT04-FAT13,37.12244854,42.69387606,Delta (Zakho)
734-R03-FDT04-FAT14,37.12247906,42.69350614,Delta (Zakho)
734-R03-FDT04-FAT15,37.1225163,42.69310219,Delta (Zakho)
734-R03-FDT04-FAT16,37.12254141,42.69270653,Delta (Zakho)
734-R03-FDT04-FAT17,37.12263954,42.69265025,Delta (Zakho)
734-R03-FDT04-FAT18,37.12281695,42.69420732,Delta (Zakho)
734-R03-FDT04-FAT19,37.12312567,42.69432684,Delta (Zakho)
734-R03-FDT04-FAT20,37.12307464,42.69395193,Delta (Zakho)
734-R03-FDT04-FAT21,37.12302681,42.69357177,Delta (Zakho)
734-R03-FDT04-FAT22,37.12294707,42.69291051,Delta (Zakho)
734-R03-FDT04-FAT23,37.1228429,42.69268883,Delta (Zakho)
734-R03-FDT05-FAT01,37.11845448,42.70195094,Delta (Zakho)
734-R03-FDT05-FAT02,37.11845136,42.70197338,Delta (Zakho)
734-R03-FDT05-FAT03,37.1183876,42.70251019,Delta (Zakho)
734-R03-FDT05-FAT04,37.1183686,42.70250537,Delta (Zakho)
734-R03-FDT05-FAT05,37.11830137,42.70307123,Delta (Zakho)
734-R03-FDT05-FAT06,37.11828237,42.7030664,Delta (Zakho)
734-R03-FDT05-FAT07,37.11821467,42.70360568,Delta (Zakho)
734-R03-FDT05-FAT08,37.11819567,42.70360085,Delta (Zakho)
734-R03-FDT05-FAT09,37.11812883,42.7041482,Delta (Zakho)
734-R03-FDT05-FAT10,37.11810983,42.70414338,Delta (Zakho)
734-R03-FDT05-FAT11,37.11866181,42.70619379,Delta (Zakho)
734-R03-FDT05-FAT12,37.11857463,42.70671821,Delta (Zakho)
734-R03-FDT05-FAT13,37.11848359,42.70728975,Delta (Zakho)
734-R03-FDT05-FAT14,37.11838946,42.707849,Delta (Zakho)
734-R03-FDT05-FAT15,37.11827602,42.70857943,Delta (Zakho)
734-R03-FDT05-FAT16,37.11816388,42.70930178,Delta (Zakho)
734-R03-FDT05-FAT17,37.1180692,42.70989006,Delta (Zakho)
734-R03-FDT05-FAT18,37.11798682,42.71047058,Delta (Zakho)
734-R03-FDT05-FAT19,37.11880012,42.70294343,Delta (Zakho)
734-R03-FDT05-FAT20,37.11881912,42.70294825,Delta (Zakho)
734-R03-FDT05-FAT21,37.11869765,42.7034572,Delta (Zakho)
734-R03-FDT05-FAT22,37.11871665,42.70346202,Delta (Zakho)
734-R03-FDT05-FAT23,37.11865189,42.70396479,Delta (Zakho)
734-R03-FDT05-FAT24,37.11864828,42.70398748,Delta (Zakho)
734-R03-FDT05-FAT25,37.11977174,42.70152589,Delta (Zakho)
734-R03-FDT05-FAT26,37.1194289,42.70223996,Delta (Zakho)
734-R03-FDT05-FAT27,37.11944791,42.70224478,Delta (Zakho)
734-R03-FDT05-FAT28,37.11935867,42.70277136,Delta (Zakho)
734-R03-FDT05-FAT29,37.11937767,42.70277618,Delta (Zakho)
734-R03-FDT05-FAT30,37.12004309,42.70298251,Delta (Zakho)
734-R03-FDT05-FAT31,37.12006209,42.70298733,Delta (Zakho)
734-R03-FDT05-FAT32,37.1192838,42.70328738,Delta (Zakho)
734-R03-FDT05-FAT33,37.11930281,42.7032922,Delta (Zakho)
734-R03-FDT05-FAT34,37.11920021,42.70382187,Delta (Zakho)
734-R03-FDT05-FAT35,37.11921921,42.7038267,Delta (Zakho)
734-R03-FDT05-FAT36,37.11988276,42.7040025,Delta (Zakho)
734-R03-FDT05-FAT37,37.11990176,42.70400732,Delta (Zakho)
734-R03-FDT05-FAT38,37.1191401,42.70432599,Delta (Zakho)
734-R03-FDT05-FAT39,37.11913546,42.7043525,Delta (Zakho)
734-R03-FDT05-FAT40,37.12192063,42.70665154,Delta (Zakho)
734-R03-FDT05-FAT41,37.11997551,42.70658316,Delta (Zakho)
734-R03-FDT05-FAT42,37.1199017,42.70702728,Delta (Zakho)
734-R03-FDT05-FAT43,37.11987421,42.70718507,Delta (Zakho)
734-R03-FDT05-FAT44,37.11980803,42.7076468,Delta (Zakho)
734-R03-FDT05-FAT45,37.11979298,42.70776143,Delta (Zakho)
734-R03-FDT05-FAT46,37.11972106,42.70821014,Delta (Zakho)
734-R03-FDT05-FAT47,37.11970443,42.70834028,Delta (Zakho)
734-R03-FDT05-FAT48,37.11963294,42.70878449,Delta (Zakho)
734-R03-FDT05-FAT49,37.11956793,42.70920668,Delta (Zakho)
734-R03-FDT05-FAT50,37.11949508,42.70964736,Delta (Zakho)
734-R03-FDT05-FAT51,37.11947276,42.70978262,Delta (Zakho)
734-R03-FDT05-FAT52,37.11939843,42.71022468,Delta (Zakho)
734-R03-FDT06-FAT01,37.12642569,42.68799367,Delta (Zakho)
734-R03-FDT06-FAT02,37.12646729,42.68904973,Delta (Zakho)
734-R03-FDT06-FAT03,37.12690895,42.68695762,Delta (Zakho)
734-R03-FDT06-FAT04,37.1259201,42.69135161,Delta (Zakho)
734-R03-FDT06-FAT05,37.12571416,42.69322531,Delta (Zakho)
734-R03-FDT06-FAT06,37.12727705,42.68891976,#N/A
734-R04-FDT01-FAT01,37.14138951,42.63126057,Fiber Speed (Duhok)
734-R04-FDT01-FAT02,37.14202826,42.62137914,Fiber Speed (Duhok)
734-R04-FDT01-FAT03,37.14149114,42.62164153,Fiber Speed (Duhok)
734-R04-FDT01-FAT04,37.14147118,42.62263868,Fiber Speed (Duhok)
734-R04-FDT01-FAT05,37.14291224,42.62627636,Fiber Speed (Duhok)
734-R04-FDT01-FAT06,37.14271309,42.62201265,Fiber Speed (Duhok)
734-R04-FDT01-FAT07,37.13651608,42.61850473,Fiber Speed (Duhok)
734-R04-FDT01-FAT08,37.14002,42.61683791,Fiber Speed (Duhok)
734-R04-FDT01-FAT09,37.14317706,42.62652489,Fiber Speed (Duhok)
734-R04-FDT01-FAT10,37.14397474,42.62669092,Fiber Speed (Duhok)
734-R04-FDT01-FAT11,37.14481849,42.62625143,Fiber Speed (Duhok)
734-R04-FDT01-FAT12,37.14570225,42.62673331,Fiber Speed (Duhok)
734-R04-FDT01-FAT13,37.14528377,42.62608426,Fiber Speed (Duhok)
734-R04-FDT01-FAT14,37.14099262,42.615546,Fiber Speed (Duhok)
734-R04-FDT01-FAT15,37.14097801,42.6149603,Fiber Speed (Duhok)
734-R04-FDT01-FAT16,37.1398727,42.6146557,Fiber Speed (Duhok)
734-R04-FDT01-FAT17,37.14049384,42.61498742,Fiber Speed (Duhok)
734-R04-FDT01-FAT18,37.13970138,42.61557071,Fiber Speed (Duhok)
734-R04-FDT01-FAT19,37.13885367,42.61692979,Fiber Speed (Duhok)
734-R04-FDT01-FAT20,37.13882416,42.61813241,Fiber Speed (Duhok)
734-R04-FDT01-FAT21,37.138808,42.61529121,Fiber Speed (Duhok)
734-R04-FDT01-FAT22,37.13823085,42.61740399,Fiber Speed (Duhok)
734-R04-FDT01-FAT23,37.1394251,42.61489196,Fiber Speed (Duhok)
734-R04-FDT01-FAT24,37.13944877,42.61628736,Fiber Speed (Duhok)
734-R04-FDT01-FAT25,37.13946103,42.61767674,Fiber Speed (Duhok)
734-R04-FDT01-FAT26,37.13995558,42.61822696,Fiber Speed (Duhok)
734-R04-FDT01-FAT27,37.14029205,42.61785327,Fiber Speed (Duhok)
734-R04-FDT01-FAT28,37.1408272,42.61780811,Fiber Speed (Duhok)
734-R04-FDT01-FAT29,37.14126838,42.61691802,Fiber Speed (Duhok)
734-R04-FDT01-FAT30,37.14204888,42.62019184,Fiber Speed (Duhok)
734-R04-FDT01-FAT31,37.14293806,42.62557375,Fiber Speed (Duhok)
734-R04-FDT01-FAT32,37.14108097,42.63521127,Fiber Speed (Duhok)
734-R04-FDT01-FAT33,37.14386947,42.62429303,Fiber Speed (Duhok)
734-R04-FDT01-FAT34,37.14439501,42.62565072,Fiber Speed (Duhok)
734-R04-FDT02-FAT01,37.14249085,42.61535275,Fiber Speed (Duhok)
734-R04-FDT02-FAT02,37.14134195,42.61001867,Fiber Speed (Duhok)
734-R04-FDT02-FAT03,37.14305569,42.60636421,Fiber Speed (Duhok)
734-R04-FDT02-FAT04,37.14361289,42.60630216,Fiber Speed (Duhok)
734-R04-FDT02-FAT05,37.14255993,42.61292358,Fiber Speed (Duhok)
734-R04-FDT02-FAT06,37.14335109,42.61012948,Fiber Speed (Duhok)
734-R04-FDT02-FAT07,37.13932,42.61127539,Fiber Speed (Duhok)
734-R04-FDT02-FAT08,37.13931396,42.60973247,Fiber Speed (Duhok)
734-R04-FDT02-FAT09,37.14824225,42.61633792,Fiber Speed (Duhok)
734-R04-FDT02-FAT10,37.13965545,42.61070327,Fiber Speed (Duhok)
734-R04-FDT02-FAT11,37.14292628,42.60639972,Fiber Speed (Duhok)
734-R04-FDT02-FAT12,37.14230905,42.60865784,Fiber Speed (Duhok)
734-R04-FDT02-FAT13,37.14336,42.61438121,Fiber Speed (Duhok)
734-R04-FDT02-FAT14,37.1403703,42.61103033,Fiber Speed (Duhok)
734-R04-FDT02-FAT15,37.14118309,42.61063909,Fiber Speed (Duhok)
734-R04-FDT02-FAT16,37.1403422,42.60975106,Fiber Speed (Duhok)
734-R04-FDT02-FAT17,37.14023933,42.60856788,Fiber Speed (Duhok)
734-R04-FDT02-FAT18,37.13892463,42.61076834,Fiber Speed (Duhok)
734-R04-FDT02-FAT19,37.13985595,42.61101441,Fiber Speed (Duhok)
734-R04-FDT02-FAT20,37.1398792,42.60951751,Fiber Speed (Duhok)
734-R04-FDT02-FAT21,37.14100156,42.60867188,Fiber Speed (Duhok)
734-R04-FDT02-FAT22,37.13731359,42.60944121,Fiber Speed (Duhok)
734-R04-FDT02-FAT23,37.14347166,42.6154386,Fiber Speed (Duhok)
734-R04-FDT02-FAT24,37.14352832,42.61294813,Fiber Speed (Duhok)
734-R04-FDT02-FAT25,37.14409407,42.61605018,Fiber Speed (Duhok)
734-R04-FDT02-FAT26,37.14258544,42.61115668,Fiber Speed (Duhok)
734-R04-FDT02-FAT27,37.14516235,42.61022045,Fiber Speed (Duhok)
734-R04-FDT02-FAT28,37.14081773,42.60815776,Fiber Speed (Duhok)
734-R04-FDT02-FAT29,37.14191721,42.60641921,Fiber Speed (Duhok)
734-R04-FDT02-FAT30,37.1473549,42.616905,Fiber Speed (Duhok)
734-R04-FDT03-FAT01,37.14192303,42.60331254,Fiber Speed (Duhok)
734-R04-FDT03-FAT02,37.14125541,42.60048482,Fiber Speed (Duhok)
734-R04-FDT03-FAT03,37.14101862,42.60372716,Fiber Speed (Duhok)
734-R04-FDT03-FAT04,37.14095751,42.60441979,Fiber Speed (Duhok)
734-R04-FDT03-FAT05,37.13990831,42.6047037,Fiber Speed (Duhok)
734-R04-FDT03-FAT06,37.13906757,42.60459857,Fiber Speed (Duhok)
734-R04-FDT03-FAT07,37.14023682,42.60400472,Fiber Speed (Duhok)
734-R04-FDT03-FAT08,37.13957287,42.60411022,Fiber Speed (Duhok)
734-R04-FDT03-FAT09,37.1399934,42.60331507,Fiber Speed (Duhok)
734-R04-FDT03-FAT10,37.13934351,42.603494,Fiber Speed (Duhok)
734-R04-FDT03-FAT11,37.14073835,42.60251835,Fiber Speed (Duhok)
734-R04-FDT03-FAT12,37.14004961,42.60272239,Fiber Speed (Duhok)
734-R04-FDT03-FAT13,37.14042775,42.60107696,Fiber Speed (Duhok)
734-R04-FDT03-FAT14,37.13866146,42.59906595,Fiber Speed (Duhok)
734-R04-FDT03-FAT15,37.13831067,42.59815038,Fiber Speed (Duhok)
734-R04-FDT03-FAT16,37.13809042,42.59707735,Fiber Speed (Duhok)
734-R04-FDT03-FAT17,37.1392032,42.59887359,Fiber Speed (Duhok)
734-R04-FDT03-FAT18,37.13904137,42.59785275,Fiber Speed (Duhok)
734-R04-FDT03-FAT19,37.13898034,42.59700238,Fiber Speed (Duhok)
734-R04-FDT03-FAT20,37.13850716,42.59600855,Fiber Speed (Duhok)
734-R04-FDT03-FAT21,37.13908453,42.59494977,Fiber Speed (Duhok)
734-R04-FDT03-FAT22,37.1389225,42.59427998,Fiber Speed (Duhok)
734-R04-FDT03-FAT23,37.13770422,42.59563654,Fiber Speed (Duhok)
734-R04-FDT03-FAT24,37.13749662,42.59613194,Fiber Speed (Duhok)
734-R04-FDT03-FAT25,37.14108199,42.60244251,Fiber Speed (Duhok)
734-R04-FDT03-FAT26,37.13942682,42.59672206,Fiber Speed (Duhok)
734-R04-FDT03-FAT27,37.13682148,42.59490511,Fiber Speed (Duhok)
734-R04-FDT03-FAT28,37.13858393,42.59166169,Fiber Speed (Duhok)
734-R04-FDT03-FAT29,37.14034135,42.60039731,Fiber Speed (Duhok)
734-R04-FDT03-FAT30,37.13786759,42.59466567,Fiber Speed (Duhok)
734-R04-FDT03-FAT31,37.1372456,42.5942981,Fiber Speed (Duhok)
734-R04-FDT03-FAT32,37.13920493,42.60513761,Fiber Speed (Duhok)
734-R04-FDT03-FAT33,37.13888247,42.6034574,Fiber Speed (Duhok)
734-R04-FDT04-FAT01,37.13814369,42.57505909,Fiber Speed (Duhok)
734-R04-FDT04-FAT02,37.13796613,42.56222645,Fiber Speed (Duhok)
734-R04-FDT04-FAT03,37.13744732,42.57239892,Fiber Speed (Duhok)
734-R04-FDT04-FAT04,37.13729514,42.57089468,Fiber Speed (Duhok)
734-R04-FDT04-FAT05,37.13761331,42.56874378,Fiber Speed (Duhok)
734-R04-FDT04-FAT06,37.13788294,42.57016416,Fiber Speed (Duhok)
734-R04-FDT04-FAT07,37.13841125,42.56685251,Fiber Speed (Duhok)
734-R04-FDT04-FAT08,37.13892315,42.56800805,Fiber Speed (Duhok)
734-R04-FDT04-FAT09,37.13839557,42.57064095,Fiber Speed (Duhok)
734-R04-FDT04-FAT10,37.13995565,42.57256379,Fiber Speed (Duhok)
734-R04-FDT04-FAT11,37.13782487,42.57107028,Fiber Speed (Duhok)
734-R04-FDT04-FAT12,37.13841208,42.57014736,Fiber Speed (Duhok)
734-R04-FDT04-FAT13,37.14156488,42.56612014,Fiber Speed (Duhok)
734-R04-FDT04-FAT14,37.13710693,42.57340322,Fiber Speed (Duhok)
734-R04-FDT04-FAT15,37.1388347,42.56838969,Fiber Speed (Duhok)
734-R04-FDT04-FAT16,37.13875496,42.5687329,Fiber Speed (Duhok)
734-R04-FDT04-FAT17,37.1382487,42.56848775,Fiber Speed (Duhok)
734-R04-FDT04-FAT18,37.13619761,42.56515387,Fiber Speed (Duhok)
734-R04-FDT04-FAT19,37.14217377,42.57098949,Fiber Speed (Duhok)
734-R04-FDT04-FAT20,37.13810948,42.57318944,Fiber Speed (Duhok)
734-R04-FDT04-FAT21,37.13701624,42.56985362,Fiber Speed (Duhok)
734-R04-FDT05-FAT01,37.14296227,42.63391943,Fiber Speed (Duhok)
734-R04-FDT05-FAT02,37.14353569,42.63450152,Fiber Speed (Duhok)
734-R04-FDT05-FAT03,37.14470331,42.63705682,Fiber Speed (Duhok)
734-R04-FDT05-FAT04,37.14251038,42.63345117,Fiber Speed (Duhok)
734-R04-FDT05-FAT05,37.14273795,42.63039937,Fiber Speed (Duhok)
734-R04-FDT05-FAT06,37.14265929,42.62942428,Fiber Speed (Duhok)
734-R04-FDT05-FAT07,37.14337247,42.62890092,Fiber Speed (Duhok)
734-R04-FDT05-FAT08,37.14323272,42.63086614,Fiber Speed (Duhok)
734-R04-FDT05-FAT09,37.14373058,42.63088294,Fiber Speed (Duhok)
734-R04-FDT05-FAT10,37.14264277,42.63172946,Fiber Speed (Duhok)
734-R04-FDT05-FAT11,37.14321312,42.63173606,Fiber Speed (Duhok)
734-R04-FDT05-FAT12,37.14199825,42.62925622,Fiber Speed (Duhok)
734-R04-FDT05-FAT13,37.14270642,42.62720702,Fiber Speed (Duhok)
734-R04-FDT05-FAT14,37.14287436,42.6277483,Fiber Speed (Duhok)
734-R04-FDT05-FAT15,37.14300677,42.62827954,Fiber Speed (Duhok)
734-R04-FDT05-FAT16,37.14419843,42.62808565,Fiber Speed (Duhok)
734-R04-FDT05-FAT17,37.144714,42.62779461,Fiber Speed (Duhok)
734-R04-FDT05-FAT18,37.14497928,42.62834645,Fiber Speed (Duhok)
734-R04-FDT05-FAT19,37.14478822,42.62909819,Fiber Speed (Duhok)
734-R04-FDT05-FAT20,37.14422942,42.63049039,Fiber Speed (Duhok)
734-R04-FDT05-FAT21,37.14498084,42.63893127,Fiber Speed (Duhok)
734-R04-FDT05-FAT22,37.14584437,42.63900054,Fiber Speed (Duhok)
734-R04-FDT05-FAT23,37.15109514,42.63943564,Fiber Speed (Duhok)
734-R04-FDT05-FAT24,37.14284392,42.63273655,Fiber Speed (Duhok)
734-R04-FDT05-FAT25,37.15125122,42.63895099,Fiber Speed (Duhok)
734-R04-FDT05-FAT26,37.14511083,42.63429316,Fiber Speed (Duhok)
734-R04-FDT05-FAT27,37.14252892,42.63452199,Fiber Speed (Duhok)
734-R04-FDT05-FAT28,37.14473928,42.6272601,Fiber Speed (Duhok)
734-R04-FDT05-FAT29,37.14283552,42.62830026,Fiber Speed (Duhok)
734-R04-FDT05-FAT30,37.14520352,42.6278428,Fiber Speed (Duhok)
734-R04-FDT05-FAT31,37.14771236,42.63443091,Fiber Speed (Duhok)
AKR-R01-FDT01-FAT01,36.73199937,43.86985759,Waarpak
AKR-R01-FDT01-FAT02,36.73279659,43.86944801,Waarpak
AKR-R01-FDT01-FAT03,36.73246543,43.86904582,Waarpak
AKR-R01-FDT01-FAT04,36.73253526,43.86834542,Waarpak
AKR-R01-FDT01-FAT05,36.73210014,43.86849532,Waarpak
AKR-R01-FDT01-FAT06,36.73172947,43.86862301,Waarpak
AKR-R01-FDT01-FAT07,36.73178096,43.86884314,Waarpak
AKR-R01-FDT01-FAT08,36.73166797,43.86836006,Waarpak
AKR-R01-FDT01-FAT09,36.73155159,43.86786249,Waarpak
AKR-R01-FDT01-FAT10,36.73161937,43.86760779,Waarpak
AKR-R01-FDT01-FAT11,36.73196167,43.86749101,Waarpak
AKR-R01-FDT01-FAT12,36.73239476,43.86726481,Waarpak
AKR-R01-FDT01-FAT13,36.73243491,43.86782199,Waarpak
AKR-R01-FDT01-FAT14,36.73325868,43.86752571,Waarpak
AKR-R01-FDT01-FAT15,36.73133592,43.86694045,Waarpak
AKR-R01-FDT01-FAT16,36.73126648,43.86664358,Waarpak
AKR-R01-FDT01-FAT17,36.73208434,43.86621972,Waarpak
AKR-R01-FDT01-FAT18,36.73314873,43.8705706,Waarpak
AKR-R01-FDT01-FAT19,36.73341008,43.86998331,Waarpak
AKR-R01-FDT01-FAT20,36.7336735,43.86910263,Waarpak
AKR-R01-FDT01-FAT21,36.73356778,43.86865295,Waarpak
AKR-R01-FDT01-FAT22,36.73415061,43.86892886,Waarpak
AKR-R01-FDT01-FAT23,36.733668,43.86782704,Waarpak
AKR-R01-FDT01-FAT24,36.73426644,43.86966594,Waarpak
AKR-R01-FDT01-FAT25,36.73448955,43.87066849,Waarpak
AKR-R01-FDT01-FAT26,36.73401417,43.87023763,Waarpak
AKR-R01-FDT01-FAT27,36.73415153,43.87079037,Waarpak
AKR-R01-FDT01-FAT28,36.73446458,43.87127505,Waarpak
AKR-R01-FDT01-FAT29,36.73443813,43.87197763,Waarpak
AKR-R01-FDT01-FAT30,36.73480214,43.87185111,Waarpak
AKR-R01-FDT01-FAT31,36.73500452,43.87268813,Waarpak
AKR-R01-FDT01-FAT32,36.73279859,43.87107033,Waarpak
AKR-R01-FDT01-FAT33,36.73291468,43.87159694,Waarpak
AKR-R01-FDT01-FAT34,36.73296263,43.87178485,Waarpak
AKR-R01-FDT01-FAT35,36.73339804,43.87164255,Waarpak
AKR-R01-FDT01-FAT36,36.73376006,43.87119022,Waarpak
AKR-R01-FDT01-FAT37,36.73391876,43.87215259,Waarpak
AKR-R01-FDT01-FAT38,36.73233653,43.87122641,Waarpak
AKR-R01-FDT01-FAT39,36.73239695,43.87147954,Waarpak
AKR-R01-FDT01-FAT40,36.73250695,43.87194042,Waarpak
AKR-R01-FDT01-FAT41,36.73260479,43.87235035,Waarpak
AKR-R01-FDT01-FAT42,36.73326982,43.87284509,Waarpak
AKR-R01-FDT01-FAT43,36.73317047,43.87243014,Waarpak
AKR-R01-FDT01-FAT44,36.73277606,43.87302551,Waarpak
AKR-R01-FDT01-FAT45,36.7327982,43.87310862,Waarpak
AKR-R01-FDT01-FAT46,36.73287072,43.87338868,Waarpak
AKR-R01-FDT01-FAT47,36.73313395,43.87440536,Waarpak
AKR-R01-FDT02-FAT01,36.73937575,43.87074786,Waarpak
AKR-R01-FDT02-FAT02,36.74011877,43.87195645,Waarpak
AKR-R01-FDT02-FAT03,36.73980386,43.87247691,Waarpak
AKR-R01-FDT02-FAT04,36.74024457,43.87252669,Waarpak
AKR-R01-FDT02-FAT05,36.74071845,43.87324957,Waarpak
AKR-R01-FDT02-FAT06,36.73934778,43.87243376,Waarpak
AKR-R01-FDT02-FAT07,36.73980531,43.87079539,Waarpak
AKR-R01-FDT02-FAT08,36.73983749,43.87008091,Waarpak
AKR-R01-FDT02-FAT09,36.74038172,43.86955485,Waarpak
AKR-R01-FDT02-FAT10,36.73950356,43.87138172,Waarpak
AKR-R01-FDT02-FAT11,36.74035048,43.87147113,Waarpak
AKR-R01-FDT02-FAT12,36.74124515,43.87124076,Waarpak
AKR-R01-FDT02-FAT13,36.74118454,43.87206837,Waarpak
AKR-R01-FDT02-FAT14,36.74083458,43.87093458,Waarpak
AKR-R01-FDT02-FAT15,36.74090539,43.87007643,Waarpak
AKR-R01-FDT02-FAT16,36.74139377,43.86912551,Waarpak
AKR-R01-FDT02-FAT17,36.73852206,43.87187254,Waarpak
AKR-R01-FDT02-FAT18,36.73886092,43.87304031,Waarpak
AKR-R01-FDT02-FAT19,36.73853127,43.87355174,Waarpak
AKR-R01-FDT02-FAT20,36.73939298,43.87365246,Waarpak
AKR-R01-FDT02-FAT21,36.73991851,43.87431875,Waarpak
AKR-R01-FDT02-FAT22,36.74037015,43.87375619,Waarpak
AKR-R01-FDT02-FAT23,36.74003513,43.87546458,Waarpak
AKR-R01-FDT02-FAT24,36.7391548,43.8742327,Waarpak
AKR-R01-FDT02-FAT25,36.73952635,43.8747906,Waarpak
AKR-R01-FDT02-FAT26,36.73949144,43.87525398,Waarpak
AKR-R01-FDT02-FAT27,36.73987713,43.87600867,Waarpak
AKR-R01-FDT02-FAT28,36.738407,43.87195005,Waarpak
AKR-R01-FDT02-FAT29,36.7379008,43.87269429,Waarpak
AKR-R01-FDT02-FAT30,36.73794555,43.87322938,Waarpak
AKR-R01-FDT02-FAT31,36.73706329,43.87334849,Waarpak
AKR-R01-FDT02-FAT32,36.73736026,43.87389678,Waarpak
AKR-R01-FDT02-FAT33,36.73665823,43.87397708,Waarpak
AKR-R01-FDT02-FAT34,36.7380501,43.87151795,Waarpak
AKR-R01-FDT02-FAT35,36.7372838,43.87162094,Waarpak
AKR-R01-FDT02-FAT36,36.73670381,43.87169579,Waarpak
AKR-R01-FDT02-FAT37,36.73696745,43.87223885,Waarpak
AKR-R01-FDT02-FAT38,36.73620254,43.87337031,Waarpak
AKR-R01-FDT02-FAT39,36.73771253,43.87091045,Waarpak
AKR-R01-FDT02-FAT40,36.73708876,43.87099188,Waarpak
AKR-R01-FDT02-FAT41,36.73659282,43.87105948,Waarpak
AKR-R01-FDT02-FAT42,36.7356997,43.87117834,Waarpak
AKR-R01-FDT02-FAT43,36.73597132,43.87229802,Waarpak
AKR-R01-FDT02-FAT44,36.73566963,43.87298041,Waarpak
AKR-R01-FDT02-FAT45,36.73851958,43.86993612,Waarpak
AKR-R01-FDT02-FAT46,36.73898463,43.86891713,Waarpak
AKR-R01-FDT02-FAT47,36.73946352,43.86945663,Waarpak
AKR-R01-FDT02-FAT48,36.73992606,43.86897248,Waarpak
AKR-R01-FDT03-FAT01,36.74179842,43.86823047,Waarpak
AKR-R01-FDT03-FAT02,36.74242282,43.86766782,Waarpak
AKR-R01-FDT03-FAT03,36.7428524,43.86702207,Waarpak
AKR-R01-FDT03-FAT04,36.74227865,43.8680968,Waarpak
AKR-R01-FDT03-FAT05,36.74240504,43.86656487,Waarpak
AKR-R01-FDT03-FAT06,36.74247115,43.86576019,Waarpak
AKR-R01-FDT03-FAT07,36.74307756,43.86537584,Waarpak
AKR-R01-FDT03-FAT08,36.74359562,43.86542976,Waarpak
AKR-R01-FDT03-FAT09,36.7438703,43.86487819,Waarpak
AKR-R01-FDT03-FAT10,36.74413842,43.86424464,Waarpak
AKR-R01-FDT03-FAT11,36.74416337,43.86379462,Waarpak
AKR-R01-FDT03-FAT12,36.7428723,43.86469034,Waarpak
AKR-R01-FDT03-FAT13,36.74210543,43.86443153,Waarpak
AKR-R01-FDT03-FAT14,36.74313427,43.86367943,Waarpak
AKR-R01-FDT03-FAT15,36.74299805,43.86412524,Waarpak
AKR-R01-FDT03-FAT16,36.74257631,43.86408169,Waarpak
AKR-R01-FDT03-FAT17,36.74217634,43.86335035,Waarpak
AKR-R01-FDT03-FAT18,36.74263557,43.86308033,Waarpak
AKR-R01-FDT03-FAT19,36.74353142,43.86316365,Waarpak
AKR-R01-FDT03-FAT20,36.74369335,43.86262666,Waarpak
AKR-R01-FDT03-FAT21,36.7442875,43.86324514,Waarpak
AKR-R01-FDT03-FAT22,36.74219052,43.86922946,Waarpak
AKR-R01-FDT03-FAT23,36.74284678,43.86930741,Waarpak
AKR-R01-FDT03-FAT24,36.74348112,43.86938015,Waarpak
AKR-R01-FDT03-FAT25,36.74412691,43.86945144,Waarpak
AKR-R01-FDT03-FAT26,36.74424009,43.86787024,Waarpak
AKR-R01-FDT03-FAT27,36.74295351,43.86886079,Waarpak
AKR-R01-FDT03-FAT28,36.74374634,43.86826811,Waarpak
AKR-R01-FDT03-FAT29,36.7433623,43.86834319,Waarpak
AKR-R01-FDT03-FAT30,36.74334792,43.86708425,Waarpak
AKR-R01-FDT03-FAT31,36.74374062,43.86714176,Waarpak
AKR-R01-FDT03-FAT32,36.74227201,43.86979287,Waarpak
AKR-R01-FDT03-FAT33,36.74337357,43.86992606,Waarpak
AKR-R01-FDT03-FAT34,36.744029,43.87000459,Waarpak
AKR-R01-FDT03-FAT35,36.74252377,43.87039509,Waarpak
AKR-R01-FDT03-FAT36,36.74371701,43.87053897,Waarpak
AKR-R01-FDT03-FAT37,36.74164623,43.87028929,Waarpak
AKR-R01-FDT03-FAT38,36.74197157,43.87090923,Waarpak
AKR-R01-FDT03-FAT39,36.74317165,43.871035,Waarpak
AKR-R01-FDT04-FAT01,36.73749693,43.87813637,Waarpak
AKR-R01-FDT04-FAT02,36.73813054,43.87759825,Waarpak
AKR-R01-FDT04-FAT03,36.73759882,43.87731853,Waarpak
AKR-R01-FDT04-FAT04,36.73720008,43.87713028,Waarpak
AKR-R01-FDT04-FAT05,36.73681726,43.87703275,Waarpak
AKR-R01-FDT04-FAT06,36.73635226,43.87708934,Waarpak
AKR-R01-FDT04-FAT07,36.73628304,43.87780197,Waarpak
AKR-R01-FDT04-FAT08,36.73664161,43.87790546,Waarpak
AKR-R01-FDT04-FAT09,36.73802138,43.87711402,Waarpak
AKR-R01-FDT04-FAT10,36.73747975,43.87673253,Waarpak
AKR-R01-FDT04-FAT11,36.73678901,43.87667219,Waarpak
AKR-R01-FDT04-FAT12,36.73588138,43.876966,Waarpak
AKR-R01-FDT04-FAT13,36.73775449,43.87532152,Waarpak
AKR-R01-FDT04-FAT14,36.73807538,43.87549441,Waarpak
AKR-R01-FDT04-FAT15,36.73830478,43.87561889,Waarpak
AKR-R01-FDT04-FAT16,36.73826486,43.8764979,Waarpak
AKR-R01-FDT04-FAT17,36.73752694,43.8761484,Waarpak
AKR-R01-FDT04-FAT18,36.73695479,43.87599362,Waarpak
AKR-R01-FDT04-FAT19,36.73626337,43.87600423,Waarpak
AKR-R01-FDT04-FAT20,36.73570209,43.87588424,Waarpak
AKR-R01-FDT04-FAT21,36.73482583,43.87647085,Waarpak
AKR-R01-FDT04-FAT22,36.73537469,43.8755331,Waarpak
AKR-R01-FDT04-FAT23,36.73595649,43.87559701,Waarpak
AKR-R01-FDT04-FAT24,36.73499415,43.87582445,Waarpak
AKR-R01-FDT04-FAT25,36.73469517,43.87521281,Waarpak
AKR-R01-FDT04-FAT26,36.73850722,43.87911619,Waarpak
AKR-R01-FDT04-FAT27,36.74215214,43.8796226,Waarpak
AKR-R01-FDT04-FAT28,36.74103873,43.87963573,Waarpak
AKR-R01-FDT04-FAT29,36.742044,43.87823688,Waarpak
AKR-R01-FDT04-FAT30,36.74178139,43.87751764,Waarpak
AKR-R01-FDT04-FAT31,36.74213755,43.87655311,Waarpak
AKR-R01-FDT04-FAT32,36.74107267,43.87817582,Waarpak
AKR-R01-FDT04-FAT33,36.74176112,43.87819787,Waarpak
AKR-R01-FDT04-FAT34,36.74323867,43.87938615,Waarpak
AKR-R01-FDT04-FAT35,36.74395492,43.88045861,Waarpak
AKR-R01-FDT04-FAT36,36.74231561,43.8779861,Waarpak
AKR-R01-FDT04-FAT37,36.74300592,43.87859105,Waarpak
AKR-R01-FDT04-FAT38,36.74355982,43.8786134,Waarpak
AKR-R01-FDT04-FAT39,36.74540494,43.87959733,Waarpak
AKR-R01-FDT04-FAT40,36.74558278,43.87912417,Waarpak
AKR-R01-FDT04-FAT41,36.7383701,43.88053611,Waarpak
AKR-R01-FDT04-FAT42,36.73704418,43.87852741,Waarpak
AKR-R01-FDT04-FAT43,36.73574599,43.87814563,Waarpak
AKR-R01-FDT04-FAT44,36.73389134,43.87768695,Waarpak
AKR-R01-FDT05-FAT01,36.74115648,43.86458241,Waarpak
AKR-R01-FDT05-FAT02,36.74126551,43.86397942,Waarpak
AKR-R01-FDT05-FAT03,36.74183135,43.86364107,Waarpak
AKR-R01-FDT05-FAT04,36.74138328,43.86324392,Waarpak
AKR-R01-FDT05-FAT05,36.74156602,43.86215532,Waarpak
AKR-R01-FDT05-FAT06,36.74082169,43.86387281,Waarpak
AKR-R01-FDT05-FAT07,36.74105147,43.86249318,Waarpak
AKR-R01-FDT05-FAT08,36.74118774,43.86170053,Waarpak
AKR-R01-FDT05-FAT09,36.74047583,43.86574644,Waarpak
AKR-R01-FDT05-FAT10,36.74090919,43.8653543,Waarpak
AKR-R01-FDT05-FAT11,36.73957434,43.86492784,Waarpak
AKR-R01-FDT05-FAT12,36.73981018,43.86425713,Waarpak
AKR-R01-FDT05-FAT13,36.74005166,43.86253366,Waarpak
AKR-R01-FDT05-FAT14,36.7403161,43.8632109,Waarpak
AKR-R01-FDT05-FAT15,36.73968624,43.86245622,Waarpak
AKR-R01-FDT05-FAT16,36.73990714,43.8611735,Waarpak
AKR-R01-FDT05-FAT17,36.74058004,43.86209958,Waarpak
AKR-R01-FDT05-FAT18,36.73873542,43.86145311,Waarpak
AKR-R01-FDT05-FAT19,36.73881218,43.86101438,Waarpak
AKR-R01-FDT05-FAT20,36.73913565,43.86181401,Waarpak
AKR-R01-FDT05-FAT21,36.73842825,43.86329758,Waarpak
AKR-R01-FDT05-FAT22,36.73819204,43.86187505,Waarpak
AKR-R01-FDT05-FAT23,36.73810052,43.86241658,Waarpak
AKR-R01-FDT05-FAT24,36.73765109,43.8628287,Waarpak
AKR-R01-FDT05-FAT25,36.73723116,43.86220256,Waarpak
AKR-R01-FDT05-FAT26,36.73651443,43.86232556,Waarpak
AKR-R01-FDT05-FAT27,36.73613152,43.86326335,Waarpak
AKR-R01-FDT05-FAT28,36.73981925,43.86699941,Waarpak
AKR-R01-FDT05-FAT29,36.74024005,43.86754461,Waarpak
AKR-R01-FDT05-FAT30,36.74064132,43.86806356,Waarpak
AKR-R01-FDT05-FAT31,36.73938477,43.86685934,Waarpak
AKR-R01-FDT05-FAT32,36.73893432,43.8668136,Waarpak
AKR-R02-FDT01-FAT01,36.72960862,43.86241696,Waarpak
AKR-R02-FDT01-FAT02,36.7285671,43.86034594,Waarpak
AKR-R02-FDT01-FAT03,36.72872108,43.86194385,Waarpak
AKR-R02-FDT01-FAT04,36.72855973,43.86094654,Waarpak
AKR-R02-FDT01-FAT05,36.72807923,43.86105792,Waarpak
AKR-R02-FDT01-FAT06,36.72771371,43.86134952,Waarpak
AKR-R02-FDT01-FAT07,36.72704298,43.86119105,Waarpak
AKR-R02-FDT01-FAT08,36.72712073,43.86222084,Waarpak
AKR-R02-FDT01-FAT09,36.72721639,43.86180138,Waarpak
AKR-R02-FDT01-FAT10,36.72638548,43.86207419,Waarpak
AKR-R02-FDT01-FAT11,36.7262576,43.86239702,Waarpak
AKR-R02-FDT01-FAT12,36.72644976,43.86290212,Waarpak
AKR-R02-FDT01-FAT13,36.72576681,43.86296623,Waarpak
AKR-R02-FDT01-FAT14,36.72514933,43.86316805,Waarpak
AKR-R02-FDT01-FAT15,36.72569699,43.86185311,Waarpak
AKR-R02-FDT01-FAT16,36.72517795,43.86268939,Waarpak
AKR-R02-FDT01-FAT17,36.72453143,43.86272347,Waarpak
AKR-R02-FDT01-FAT18,36.72410157,43.86288781,Waarpak
AKR-R02-FDT01-FAT19,36.72345572,43.86341403,Waarpak
AKR-R02-FDT01-FAT20,36.72424748,43.86359557,Waarpak
AKR-R02-FDT01-FAT21,36.7238625,43.86376917,Waarpak
AKR-R02-FDT01-FAT22,36.72298605,43.86336115,Waarpak
AKR-R02-FDT01-FAT23,36.7227912,43.8643679,Waarpak
AKR-R02-FDT01-FAT24,36.72245712,43.86388745,Waarpak
AKR-R02-FDT01-FAT25,36.72201313,43.863891,Waarpak
AKR-R02-FDT01-FAT26,36.72164254,43.86365174,Waarpak
AKR-R02-FDT01-FAT27,36.72117287,43.863082,Waarpak
AKR-R02-FDT01-FAT28,36.72104583,43.86210716,Waarpak
AKR-R02-FDT01-FAT29,36.72929807,43.86292936,Waarpak
AKR-R02-FDT01-FAT30,36.72856539,43.86311235,Waarpak
AKR-R02-FDT01-FAT31,36.72825749,43.8643885,Waarpak
AKR-R02-FDT01-FAT32,36.72791278,43.86291828,Waarpak
AKR-R02-FDT01-FAT33,36.72736277,43.86344051,Waarpak
AKR-R02-FDT01-FAT34,36.72696517,43.86432437,Waarpak
AKR-R02-FDT01-FAT35,36.72771054,43.86413827,Waarpak
AKR-R02-FDT01-FAT36,36.72653222,43.86491223,Waarpak
AKR-R02-FDT01-FAT37,36.72627759,43.86392871,Waarpak
AKR-R02-FDT01-FAT38,36.72540492,43.86455655,Waarpak
AKR-R02-FDT01-FAT39,36.72509733,43.86561897,Waarpak
AKR-R02-FDT02-FAT01,36.72180219,43.83380277,Waarpak
AKR-R02-FDT02-FAT02,36.72168419,43.83384719,Waarpak
AKR-R02-FDT02-FAT03,36.72123514,43.83401308,Waarpak
AKR-R02-FDT02-FAT04,36.7207889,43.83417999,Waarpak
AKR-R02-FDT02-FAT05,36.72034388,43.83434644,Waarpak
AKR-R02-FDT02-FAT06,36.71979527,43.83455163,Waarpak
AKR-R02-FDT02-FAT07,36.71978698,43.83471774,Waarpak
AKR-R02-FDT02-FAT08,36.71943936,43.83485149,Waarpak
AKR-R02-FDT02-FAT09,36.71982682,43.83644633,Waarpak
AKR-R02-FDT02-FAT10,36.71944638,43.83468212,Waarpak
AKR-R02-FDT02-FAT11,36.71876968,43.83492215,Waarpak
AKR-R02-FDT02-FAT12,36.71842446,43.835044,Waarpak
AKR-R02-FDT02-FAT13,36.71797613,43.83520551,Waarpak
AKR-R02-FDT02-FAT14,36.71752946,43.83536902,Waarpak
AKR-R02-FDT02-FAT15,36.71742226,43.83540826,Waarpak
AKR-R02-FDT02-FAT16,36.71826601,43.83527594,Waarpak
AKR-R02-FDT02-FAT17,36.71774349,43.83547041,Waarpak
AKR-R02-FDT02-FAT18,36.71761427,43.83620863,Waarpak
AKR-R02-FDT02-FAT19,36.71750162,43.83729428,Waarpak
AKR-R02-FDT02-FAT20,36.71705049,43.83745941,Waarpak
AKR-R02-FDT02-FAT21,36.72155477,43.83269387,Waarpak
AKR-R02-FDT02-FAT22,36.72139044,43.83275038,Waarpak
AKR-R02-FDT02-FAT23,36.7208326,43.83295751,Waarpak
AKR-R02-FDT02-FAT24,36.7204746,43.83308707,Waarpak
AKR-R02-FDT02-FAT25,36.71995564,43.83328303,Waarpak
AKR-R02-FDT02-FAT26,36.71940472,43.83348766,Waarpak
AKR-R02-FDT02-FAT27,36.71904531,43.83362111,Waarpak
AKR-R02-FDT02-FAT28,36.71851309,43.83381871,Waarpak
AKR-R02-FDT02-FAT29,36.71802482,43.83400739,Waarpak
AKR-R02-FDT02-FAT30,36.71768122,43.83413084,Waarpak
AKR-R02-FDT02-FAT31,36.71714757,43.83433947,Waarpak
AKR-R02-FDT02-FAT32,36.72183584,43.83398467,Waarpak
AKR-R02-FDT02-FAT33,36.72145959,43.83410741,Waarpak
AKR-R02-FDT02-FAT34,36.72195542,43.83441695,Waarpak
AKR-R02-FDT02-FAT35,36.72061147,43.83490251,Waarpak
AKR-R02-FDT02-FAT36,36.72074977,43.83546643,Waarpak
AKR-R02-FDT02-FAT37,36.72137119,43.83523746,Waarpak
AKR-R02-FDT02-FAT38,36.72093491,43.83553354,Waarpak
AKR-R02-FDT02-FAT39,36.72210547,43.83507298,Waarpak
AKR-R02-FDT02-FAT40,36.72209489,43.83559249,Waarpak
AKR-R02-FDT02-FAT41,36.72104076,43.8359714,Waarpak
AKR-R02-FDT02-FAT42,36.72227341,43.83533482,Waarpak
AKR-R02-FDT02-FAT43,36.72229354,43.83532886,Waarpak
AKR-R02-FDT04-FAT01,36.7296201,43.85338918,Waarpak
AKR-R02-FDT04-FAT02,36.73017024,43.8535003,Waarpak
AKR-R02-FDT04-FAT03,36.73044251,43.85356056,Waarpak
AKR-R02-FDT04-FAT04,36.731274,43.85343409,Waarpak
AKR-R02-FDT04-FAT05,36.73095552,43.85210891,Waarpak
AKR-R02-FDT04-FAT06,36.73170551,43.85327989,Waarpak
AKR-R02-FDT04-FAT07,36.73149968,43.85240884,Waarpak
AKR-R02-FDT04-FAT08,36.73141202,43.85452341,Waarpak
AKR-R02-FDT04-FAT09,36.73185494,43.85436088,Waarpak
AKR-R02-FDT04-FAT10,36.73064199,43.85275828,Waarpak
AKR-R02-FDT04-FAT11,36.73235993,43.854561,Waarpak
AKR-R02-FDT04-FAT12,36.73245789,43.85497938,Waarpak
AKR-R02-FDT04-FAT13,36.73300304,43.85520364,Waarpak
AKR-R02-FDT04-FAT14,36.7286985,43.85378619,Waarpak
AKR-R02-FDT04-FAT15,36.72941985,43.8546369,Waarpak
AKR-R02-FDT04-FAT16,36.73026712,43.85421137,Waarpak
AKR-R02-FDT04-FAT17,36.73030928,43.85406611,Waarpak
AKR-R02-FDT04-FAT18,36.7300504,43.85494307,Waarpak
AKR-R02-FDT04-FAT19,36.73068007,43.85559578,Waarpak
AKR-R02-FDT04-FAT20,36.7309644,43.85677495,Waarpak
AKR-R02-FDT04-FAT21,36.73091342,43.85475983,Waarpak
AKR-R02-FDT04-FAT22,36.73102341,43.85523108,Waarpak
AKR-R02-FDT04-FAT23,36.73186153,43.85660811,Waarpak
AKR-R02-FDT04-FAT24,36.7312575,43.8562289,Waarpak
AKR-R02-FDT04-FAT25,36.73230356,43.85629906,Waarpak
AKR-R02-FDT04-FAT26,36.72906442,43.85530357,Waarpak
AKR-R02-FDT04-FAT27,36.72954378,43.85732027,Waarpak
AKR-R02-FDT04-FAT28,36.72994732,43.85716433,Waarpak
AKR-R02-FDT04-FAT29,36.72971208,43.85620291,Waarpak
AKR-R02-FDT04-FAT30,36.73027876,43.85643329,Waarpak
AKR-R02-FDT04-FAT31,36.73048673,43.85730742,Waarpak
AKR-R02-FDT04-FAT32,36.72837273,43.85539752,Waarpak
AKR-R02-FDT04-FAT33,36.72570854,43.85778935,Waarpak
AKR-R02-FDT04-FAT34,36.72876415,43.85700963,Waarpak
AKR-R02-FDT04-FAT35,36.72887423,43.85746301,Waarpak
AKR-R02-FDT04-FAT36,36.72900511,43.85800208,Waarpak
AKR-R02-FDT04-FAT37,36.7290557,43.85821042,Waarpak
AKR-R02-FDT04-FAT38,36.72911453,43.85845273,Waarpak
AKR-R02-FDT04-FAT39,36.72291486,43.85017305,Waarpak
AKR-R02-FDT04-FAT40,36.72800293,43.84630904,Waarpak
AKR-R02-FDT04-FAT41,36.72667102,43.84393818,Waarpak
AKR-R02-FDT04-FAT42,36.72681131,43.84388281,Waarpak
AKR-R02-FDT04-FAT43,36.72695159,43.84382743,Waarpak
AKR-R02-FDT04-FAT44,36.7271383,43.84356022,Waarpak
AKR-R02-FDT04-FAT45,36.72773413,43.84353246,Waarpak
AKR-R02-FDT04-FAT46,36.72760676,43.84357995,Waarpak
AKR-R02-FDT04-FAT47,36.72747939,43.84362744,Waarpak
AKR-R02-FDT04-FAT48,36.72928287,43.85110293,Waarpak
AKR-R02-FDT04-FAT49,36.72926202,43.85110396,Waarpak
AKR-R02-FDT04-FAT50,36.72894107,43.8512733,Waarpak
AKR-R02-FDT04-FAT51,36.72892808,43.85128934,Waarpak
AKR-R02-FDT04-FAT52,36.72950835,43.84881196,Waarpak
AKR-R02-FDT05-FAT01,36.73541015,43.84272514,Waarpak
AKR-R02-FDT05-FAT02,36.73540437,43.84205072,Waarpak
AKR-R02-FDT05-FAT03,36.73560768,43.84179018,Waarpak
AKR-R02-FDT05-FAT04,36.73617191,43.84106448,Waarpak
AKR-R02-FDT05-FAT05,36.73649214,43.84065674,Waarpak
AKR-R02-FDT05-FAT06,36.73510842,43.8421832,Waarpak
AKR-R02-FDT05-FAT07,36.73489629,43.84192971,Waarpak
AKR-R02-FDT05-FAT08,36.73531176,43.84125145,Waarpak
AKR-R02-FDT05-FAT09,36.7348246,43.84113882,Waarpak
AKR-R02-FDT05-FAT10,36.73453057,43.84079508,Waarpak
AKR-R02-FDT05-FAT11,36.73409335,43.84028395,Waarpak
AKR-R02-FDT05-FAT12,36.73374297,43.83987435,Waarpak
AKR-R02-FDT05-FAT13,36.73460629,43.8417775,Waarpak
AKR-R02-FDT05-FAT14,36.73445851,43.84160445,Waarpak
AKR-R02-FDT05-FAT15,36.73416381,43.84125838,Waarpak
AKR-R02-FDT05-FAT16,36.73348523,43.84046228,Waarpak
AKR-R02-FDT05-FAT17,36.73307188,43.83997735,Waarpak
AKR-R02-FDT05-FAT18,36.73293792,43.83981901,Waarpak
AKR-R02-FDT05-FAT19,36.732204,43.84056783,Waarpak
AKR-R02-FDT05-FAT20,36.73108494,43.84089864,Waarpak
AKR-R02-FDT05-FAT21,36.73060495,43.8403811,Waarpak
AKR-R02-FDT05-FAT22,36.73304861,43.84093536,Waarpak
AKR-R02-FDT05-FAT23,36.73259676,43.83716067,Waarpak
AKR-R02-FDT05-FAT24,36.73036374,43.83866911,Waarpak
AKR-R02-FDT05-FAT25,36.72993274,43.83633521,Waarpak
AKR-R02-FDT05-FAT26,36.73147691,43.83775686,Waarpak
AKR-R02-FDT05-FAT27,36.73220795,43.83587681,Waarpak
AKR-R02-FDT05-FAT28,36.73578127,43.8422437,Waarpak
AKR-R02-FDT05-FAT29,36.73601,43.84194701,Waarpak
AKR-R02-FDT05-FAT30,36.73627445,43.84160398,Waarpak
AKR-R02-FDT05-FAT31,36.73681625,43.84090257,Waarpak
AKR-R02-FDT05-FAT32,36.73610379,43.84272873,Waarpak
AKR-R02-FDT05-FAT33,36.73624515,43.84255493,Waarpak
AKR-R02-FDT05-FAT34,36.73652031,43.84221068,Waarpak
AKR-R02-FDT05-FAT35,36.73689615,43.84174324,Waarpak
AKR-R02-FDT05-FAT36,36.73720914,43.84135396,Waarpak
AKR-R02-FDT06-FAT01,36.73611904,43.84022051,Waarpak
AKR-R02-FDT06-FAT02,36.7358829,43.83994014,Waarpak
AKR-R02-FDT06-FAT03,36.73569017,43.83971132,Waarpak
AKR-R02-FDT06-FAT04,36.73523687,43.83917313,Waarpak
AKR-R02-FDT06-FAT05,36.73477931,43.83862989,Waarpak
AKR-R02-FDT06-FAT06,36.73518812,43.84067151,Waarpak
AKR-R02-FDT06-FAT07,36.73488729,43.8403195,Waarpak
AKR-R02-FDT06-FAT08,36.73440645,43.83975607,Waarpak
AKR-R02-FDT06-FAT09,36.73565149,43.84043288,Waarpak
AKR-R02-FDT06-FAT10,36.73516299,43.83985441,Waarpak
AKR-R02-FDT06-FAT11,36.73473482,43.83934433,Waarpak
AKR-R02-FDT06-FAT12,36.73451353,43.83908536,Waarpak
AKR-R02-FDT06-FAT13,36.73393584,43.8388534,Waarpak
AKR-R02-FDT06-FAT14,36.73370899,43.83904262,Waarpak
AKR-R02-FDT06-FAT15,36.73624439,43.83952739,Waarpak
AKR-R02-FDT06-FAT16,36.73572517,43.83914061,Waarpak
AKR-R02-FDT06-FAT17,36.7355106,43.83863206,Waarpak
AKR-R02-FDT06-FAT18,36.73504874,43.8383066,Waarpak
AKR-R02-FDT06-FAT19,36.73605106,43.83848809,Waarpak
AKR-R02-FDT06-FAT20,36.73575502,43.83813099,Waarpak
AKR-R02-FDT06-FAT21,36.73695456,43.83816564,Waarpak
AKR-R02-FDT06-FAT22,36.73652577,43.83830727,Waarpak
AKR-R02-FDT06-FAT23,36.73590349,43.83753714,Waarpak
AKR-R02-FDT06-FAT24,36.73739266,43.83947141,Waarpak
AKR-R02-FDT06-FAT25,36.73787083,43.83871565,Waarpak
AKR-R02-FDT06-FAT26,36.73840792,43.83802886,Waarpak
AKR-R02-FDT06-FAT27,36.73812726,43.83921024,Waarpak
AKR-R02-FDT06-FAT28,36.73859092,43.83862052,Waarpak
AKR-R02-FDT06-FAT29,36.73699602,43.83964529,Waarpak
AKR-R02-FDT06-FAT30,36.73741551,43.84016061,Waarpak
AKR-R02-FDT06-FAT31,36.73787897,43.83798995,Waarpak
AKR-R02-FDT06-FAT32,36.73686169,43.84026802,Waarpak
AKR-R02-FDT06-FAT33,36.73710373,43.84054982,Waarpak
AKR-R02-FDT06-FAT34,36.73727501,43.84075049,Waarpak
AKR-R02-FDT06-FAT35,36.73746492,43.84097299,Waarpak
AKR-R02-FDT06-FAT36,36.7376878,43.84069672,Waarpak
AKR-R02-FDT06-FAT37,36.73816668,43.84010393,Waarpak
AKR-R02-FDT06-FAT38,36.73851019,43.83967655,Waarpak
AKR-R02-FDT06-FAT39,36.73876973,43.83935463,Waarpak
AKR-R02-FDT06-FAT40,36.73900627,43.83906125,Waarpak
AKR-R02-FDT06-FAT41,36.73915969,43.83886838,Waarpak
AKR-R02-FDT07-FAT01,36.73370001,43.85164474,Waarpak
AKR-R02-FDT07-FAT02,36.73328147,43.85007812,Waarpak
AKR-R02-FDT07-FAT03,36.73387586,43.84946261,Waarpak
AKR-R02-FDT07-FAT04,36.73450148,43.84881474,Waarpak
AKR-R02-FDT07-FAT05,36.73501604,43.84828188,Waarpak
AKR-R02-FDT07-FAT06,36.73380398,43.85097007,Waarpak
AKR-R02-FDT07-FAT07,36.73436781,43.8505171,Waarpak
AKR-R02-FDT07-FAT08,36.73494065,43.84995271,Waarpak
AKR-R02-FDT07-FAT09,36.73551355,43.84941004,Waarpak
AKR-R02-FDT07-FAT10,36.73380249,43.85016497,Waarpak
AKR-R02-FDT07-FAT11,36.73451541,43.84949214,Waarpak
AKR-R02-FDT07-FAT12,36.73500456,43.84903049,Waarpak
AKR-R02-FDT07-FAT13,36.73538128,43.84867493,Waarpak
AKR-R02-FDT07-FAT14,36.73446705,43.8510647,Waarpak
AKR-R02-FDT07-FAT15,36.73492506,43.85072131,Waarpak
AKR-R02-FDT07-FAT16,36.73546568,43.8503095,Waarpak
AKR-R02-FDT07-FAT17,36.73598279,43.84991844,Waarpak
AKR-R02-FDT07-FAT18,36.73611615,43.84939239,Waarpak
AKR-R02-FDT07-FAT19,36.73704239,43.85034747,Waarpak
AKR-R02-FDT07-FAT20,36.7364049,43.84895866,Waarpak
AKR-R02-FDT07-FAT21,36.73593405,43.84794466,Waarpak
AKR-R02-FDT07-FAT22,36.73354049,43.85209497,Waarpak
AKR-R02-FDT07-FAT23,36.73404854,43.85201271,Waarpak
AKR-R02-FDT07-FAT24,36.73479332,43.85148676,Waarpak
AKR-R02-FDT07-FAT25,36.73558228,43.85077025,Waarpak
AKR-R02-FDT07-FAT26,36.73608948,43.85039776,Waarpak
AKR-R02-FDT07-FAT27,36.73286832,43.85224083,Waarpak
AKR-R02-FDT07-FAT28,36.7324391,43.85240151,Waarpak
AKR-R02-FDT07-FAT29,36.73256237,43.85295159,Waarpak
AKR-R02-FDT07-FAT30,36.73220858,43.85308277,Waarpak
AKR-R02-FDT07-FAT31,36.73274932,43.8537115,Waarpak
AKR-R02-FDT07-FAT32,36.73351296,43.85386566,Waarpak
AKR-R02-FDT07-FAT33,36.73351948,43.85358671,Waarpak
AKR-R02-FDT07-FAT34,36.73236819,43.85173631,Waarpak
AKR-R02-FDT07-FAT35,36.73261663,43.85116561,Waarpak
AKR-R02-FDT07-FAT36,36.73174453,43.85147918,Waarpak
AKR-R02-FDT07-FAT37,36.73118307,43.85111663,Waarpak
AKR-R02-FDT07-FAT38,36.73331336,43.85166302,Waarpak
AKR-R02-FDT07-FAT39,36.7330125,43.85109329,Waarpak
AKR-R02-FDT07-FAT40,36.73274248,43.85062735,Waarpak
AKR-R02-FDT07-FAT41,36.7324726,43.85017905,Waarpak
AKR-R02-FDT07-FAT42,36.73329068,43.8492169,Waarpak
AKR-R02-FDT07-FAT43,36.7339089,43.84858446,Waarpak
AKR-R02-FDT07-FAT44,36.73461666,43.84786155,Waarpak
AKR-R02-FDT07-FAT45,36.73510859,43.84735657,Waarpak
AKR-R02-FDT08-FAT01,36.73463572,43.8528424,Waarpak
AKR-R02-FDT08-FAT02,36.73578515,43.8521664,Waarpak
AKR-R02-FDT08-FAT03,36.73552321,43.85161217,Waarpak
AKR-R02-FDT08-FAT04,36.73515902,43.85285034,Waarpak
AKR-R02-FDT08-FAT05,36.73533796,43.85236094,Waarpak
AKR-R02-FDT08-FAT06,36.73657257,43.85178015,Waarpak
AKR-R02-FDT08-FAT07,36.73622751,43.8510384,Waarpak
AKR-R02-FDT08-FAT08,36.73661961,43.85063204,Waarpak
AKR-R02-FDT08-FAT09,36.73622032,43.85204812,Waarpak
AKR-R02-FDT08-FAT10,36.735956,43.85150883,Waarpak
AKR-R02-FDT08-FAT11,36.73707511,43.85161668,Waarpak
AKR-R02-FDT08-FAT12,36.7373114,43.85198084,Waarpak
AKR-R02-FDT08-FAT13,36.73769079,43.85169263,Waarpak
AKR-R02-FDT08-FAT14,36.73936195,43.85201552,Waarpak
AKR-R02-FDT08-FAT15,36.73869453,43.8520934,Waarpak
AKR-R02-FDT08-FAT16,36.73828219,43.85203666,Waarpak
AKR-R02-FDT08-FAT17,36.73933567,43.85108151,Waarpak
AKR-R02-FDT08-FAT18,36.74011358,43.85072735,Waarpak
AKR-R02-FDT08-FAT19,36.74055754,43.8503876,Waarpak
AKR-R02-FDT08-FAT20,36.74064687,43.85226557,Waarpak
AKR-R02-FDT08-FAT21,36.74202197,43.8513637,Waarpak
AKR-R02-FDT08-FAT22,36.74448917,43.84725878,Waarpak
AKR-R02-FDT08-FAT23,36.74435093,43.84651631,Waarpak
AKR-R02-FDT08-FAT24,36.74423773,43.84590833,Waarpak
AKR-R02-FDT08-FAT25,36.7434894,43.84567497,Waarpak
AKR-R02-FDT08-FAT26,36.74319207,43.84510613,Waarpak
AKR-R02-FDT08-FAT27,36.74352167,43.84501772,Waarpak
AKR-R02-FDT08-FAT28,36.74319669,43.84466689,Waarpak
AKR-R02-FDT08-FAT29,36.73434098,43.85357129,Waarpak
AKR-R02-FDT08-FAT30,36.73468772,43.85339487,Waarpak
AKR-R02-FDT08-FAT31,36.73544632,43.85303479,Waarpak
AKR-R02-FDT08-FAT32,36.73597857,43.85281059,Waarpak
AKR-R02-FDT08-FAT33,36.73657754,43.85255596,Waarpak
AKR-R02-FDT08-FAT34,36.73712037,43.85326904,Waarpak
AKR-R02-FDT08-FAT35,36.73746357,43.85278311,Waarpak
AKR-R02-FDT08-FAT36,36.73797842,43.85265389,Waarpak
AKR-R02-FDT08-FAT37,36.73830586,43.85348306,Waarpak
AKR-R02-FDT08-FAT38,36.73846659,43.85255822,Waarpak
AKR-R02-FDT08-FAT39,36.73506323,43.85370674,Waarpak
AKR-R02-FDT08-FAT40,36.73585568,43.85339585,Waarpak
AKR-R02-FDT08-FAT41,36.73602525,43.85443818,Waarpak
AKR-R02-FDT08-FAT42,36.73557888,43.85451846,Waarpak
AKR-R02-FDT08-FAT43,36.73517803,43.85463092,Waarpak
AKR-R02-FDT08-FAT44,36.73657868,43.85352822,Waarpak
AKR-R02-FDT08-FAT45,36.73403776,43.85266027,Waarpak
AKR-R02-FDT08-FAT46,36.7348085,43.8521245,Waarpak
AKR-R03-FDT01-FAT01,36.72994594,43.87383161,Waarpak
AKR-R03-FDT01-FAT02,36.72978441,43.87380775,Waarpak
AKR-R03-FDT01-FAT03,36.72942471,43.87375463,Waarpak
AKR-R03-FDT01-FAT04,36.72886846,43.87367248,Waarpak
AKR-R03-FDT01-FAT05,36.72849971,43.87352014,Waarpak
AKR-R03-FDT01-FAT06,36.72786893,43.87352302,Waarpak
AKR-R03-FDT01-FAT07,36.72742389,43.87298346,Waarpak
AKR-R03-FDT01-FAT08,36.72736094,43.8726651,Waarpak
AKR-R03-FDT01-FAT09,36.72688491,43.87225159,Waarpak
AKR-R03-FDT01-FAT10,36.72669117,43.87164403,Waarpak
AKR-R03-FDT01-FAT11,36.72704271,43.87101893,Waarpak
AKR-R03-FDT01-FAT12,36.72663104,43.87106502,Waarpak
AKR-R03-FDT01-FAT13,36.72751427,43.87346978,Waarpak
AKR-R03-FDT01-FAT14,36.72714547,43.87341293,Waarpak
AKR-R03-FDT01-FAT15,36.72667489,43.8733404,Waarpak
AKR-R03-FDT01-FAT16,36.72656292,43.87332314,Waarpak
AKR-R03-FDT01-FAT17,36.72611831,43.87281629,Waarpak
AKR-R03-FDT01-FAT18,36.72911667,43.87188888,Waarpak
AKR-R03-FDT01-FAT19,36.72840738,43.87067738,Waarpak
AKR-R03-FDT01-FAT20,36.72784673,43.87010356,Waarpak
AKR-R03-FDT01-FAT21,36.72774586,43.86932407,Waarpak
AKR-R03-FDT01-FAT22,36.72968419,43.87331786,Waarpak
AKR-R03-FDT01-FAT23,36.7288783,43.87317736,Waarpak
AKR-R03-FDT01-FAT24,36.72836312,43.87282449,Waarpak
AKR-R03-FDT01-FAT25,36.7283023,43.87252898,Waarpak
AKR-R03-FDT01-FAT26,36.72789331,43.87243453,Waarpak
AKR-R03-FDT01-FAT27,36.72773707,43.87165845,Waarpak
AKR-R03-FDT01-FAT28,36.72797214,43.87084977,Waarpak
AKR-R03-FDT01-FAT29,36.72753374,43.87064845,Waarpak
AKR-R03-FDT01-FAT30,36.72695682,43.86997791,Waarpak
AKR-R03-FDT01-FAT31,36.72722818,43.8694483,Waarpak
AKR-R03-FDT01-FAT32,36.73112622,43.8738997,Waarpak
AKR-R03-FDT01-FAT33,36.73035991,43.87240673,Waarpak
AKR-R03-FDT01-FAT34,36.73060835,43.87187551,Waarpak
AKR-R03-FDT01-FAT35,36.73063328,43.87116944,Waarpak
AKR-R03-FDT01-FAT36,36.73015475,43.87000985,Waarpak
AKR-R03-FDT01-FAT37,36.72986231,43.869939,Waarpak
AKR-R03-FDT01-FAT38,36.73077121,43.87244973,Waarpak
AKR-R03-FDT01-FAT39,36.73110685,43.87217267,Waarpak
AKR-R03-FDT01-FAT40,36.73146183,43.87204889,Waarpak
AKR-R03-FDT01-FAT41,36.73160786,43.87199565,Waarpak
AKR-R03-FDT01-FAT42,36.73140971,43.87170475,Waarpak
AKR-R03-FDT01-FAT43,36.73116078,43.87064687,Waarpak
AKR-R03-FDT01-FAT44,36.73140484,43.87033368,Waarpak
AKR-R03-FDT01-FAT45,36.7306953,43.87032527,Waarpak
AKR-R03-FDT01-FAT46,36.7316705,43.87446697,Waarpak
AKR-R03-FDT01-FAT47,36.73213371,43.87449564,Waarpak
AKR-R03-FDT01-FAT48,36.73183117,43.87324146,Waarpak
AKR-R03-FDT01-FAT49,36.7315011,43.87275336,Waarpak
AKR-R03-FDT01-FAT50,36.73240438,43.87498598,Waarpak
AKR-R03-FDT01-FAT51,36.73247635,43.87388527,Waarpak
AKR-R03-FDT01-FAT52,36.73240729,43.87358839,Waarpak
AKR-R03-FDT01-FAT53,36.73228982,43.8730834,Waarpak
AKR-R03-FDT01-FAT54,36.73221864,43.87277741,Waarpak
AKR-R03-FDT01-FAT55,36.73212148,43.87235971,Waarpak
AKR-R03-FDT01-FAT56,36.73209291,43.87172088,Waarpak
AKR-R03-FDT01-FAT57,36.73182461,43.87130483,Waarpak
AKR-R03-FDT01-FAT58,36.73176905,43.87107161,Waarpak
AKR-R03-FDT01-FAT59,36.73170302,43.87079441,Waarpak
AKR-R03-FDT01-FAT60,36.73158965,43.87031854,Waarpak
AKR-R03-FDT01-FAT61,36.73140217,43.86953152,Waarpak
AKR-R03-FDT02-FAT01,36.72366841,43.87162225,Waarpak
AKR-R03-FDT02-FAT02,36.72353395,43.87082915,Waarpak
AKR-R03-FDT02-FAT03,36.72306497,43.86865162,Waarpak
AKR-R03-FDT02-FAT04,36.72316519,43.86828106,Waarpak
AKR-R03-FDT02-FAT05,36.72386885,43.86792656,Waarpak
AKR-R03-FDT02-FAT06,36.72442386,43.86757334,Waarpak
AKR-R03-FDT02-FAT07,36.72418425,43.86684243,Waarpak
AKR-R03-FDT02-FAT08,36.7238668,43.86857314,Waarpak
AKR-R03-FDT02-FAT09,36.7226207,43.86855072,Waarpak
AKR-R03-FDT02-FAT10,36.72209639,43.86941318,Waarpak
AKR-R03-FDT02-FAT11,36.72186178,43.86824694,Waarpak
AKR-R03-FDT02-FAT12,36.72142151,43.86870668,Waarpak
AKR-R03-FDT02-FAT13,36.7236824,43.86739251,Waarpak
AKR-R03-FDT02-FAT14,36.72362221,43.86666218,Waarpak
AKR-R03-FDT02-FAT15,36.72406047,43.86642616,Waarpak
AKR-R03-FDT02-FAT16,36.72283532,43.8670465,Waarpak
AKR-R03-FDT02-FAT17,36.7224205,43.86738514,Waarpak
AKR-R03-FDT02-FAT18,36.72205018,43.86757315,Waarpak
AKR-R03-FDT02-FAT19,36.72409541,43.87195546,Waarpak
AKR-R03-FDT02-FAT20,36.72446694,43.87150073,Waarpak
AKR-R03-FDT02-FAT21,36.72488844,43.87107202,Waarpak
AKR-R03-FDT02-FAT22,36.72525702,43.87096244,Waarpak
AKR-R03-FDT02-FAT23,36.72448889,43.87250279,Waarpak
AKR-R03-FDT02-FAT24,36.72511014,43.87245664,Waarpak
AKR-R03-FDT02-FAT25,36.72397638,43.87045377,Waarpak
AKR-R03-FDT02-FAT26,36.72505234,43.86947917,Waarpak
AKR-R03-FDT02-FAT27,36.72464463,43.86946799,Waarpak
AKR-R03-FDT02-FAT28,36.72395396,43.86907337,Waarpak
AKR-R03-FDT02-FAT29,36.72384553,43.87287237,Waarpak
AKR-R03-FDT02-FAT30,36.72435775,43.87296645,Waarpak
AKR-R03-FDT02-FAT31,36.72453945,43.87299372,Waarpak
AKR-R03-FDT02-FAT32,36.72500978,43.87306358,Waarpak
AKR-R03-FDT02-FAT33,36.72546961,43.87313188,Waarpak
AKR-R03-FDT02-FAT34,36.72590424,43.87322808,Waarpak
AKR-R03-FDT02-FAT35,36.72545147,43.87206008,Waarpak
AKR-R03-FDT02-FAT36,36.72601193,43.87194883,Waarpak
AKR-R03-FDT02-FAT37,36.72564348,43.87032971,Waarpak
AKR-R03-FDT02-FAT38,36.72380122,43.87365557,Waarpak
AKR-R03-FDT02-FAT39,36.72317692,43.87361028,Waarpak
AKR-R03-FDT02-FAT40,36.72270219,43.87330191,Waarpak
AKR-R03-FDT02-FAT41,36.72280485,43.87302509,Waarpak
AKR-R03-FDT02-FAT42,36.7216626,43.87279508,Waarpak
AKR-R03-FDT02-FAT43,36.7199529,43.87286041,Waarpak
AKR-R03-FDT02-FAT44,36.7192066,43.87330239,Waarpak
AKR-R03-FDT02-FAT45,36.72113998,43.87234169,Waarpak
AKR-R03-FDT02-FAT46,36.72193751,43.87216301,Waarpak
AKR-R03-FDT02-FAT47,36.7218978,43.87169148,Waarpak
AKR-R03-FDT02-FAT48,36.72125692,43.87157495,Waarpak
AKR-R03-FDT02-FAT49,36.72087687,43.87078608,Waarpak
AKR-R03-FDT02-FAT50,36.72131716,43.87062638,Waarpak
AKR-R03-FDT02-FAT51,36.72113639,43.86954511,Waarpak
AKR-R03-FDT02-FAT52,36.72356664,43.8730818,Waarpak
AKR-R03-FDT02-FAT53,36.72293406,43.87282085,Waarpak
AKR-R03-FDT02-FAT54,36.72278041,43.8717105,Waarpak
AKR-R03-FDT02-FAT55,36.72240697,43.87179428,Waarpak
AKR-R03-FDT02-FAT56,36.72217688,43.87113078,Waarpak
AKR-R03-FDT02-FAT57,36.72298338,43.87098267,Waarpak
AKR-R03-FDT02-FAT58,36.72282201,43.87033593,Waarpak
AKR-R03-FDT02-FAT59,36.72208174,43.87050193,Waarpak
AKR-R03-FDT02-FAT60,36.72164832,43.87030646,Waarpak
AKR-R03-FDT03-FAT01,36.71552405,43.87335786,Waarpak
AKR-R03-FDT03-FAT02,36.71533427,43.87334405,Waarpak
AKR-R03-FDT03-FAT03,36.7146583,43.87341723,Waarpak
AKR-R03-FDT03-FAT04,36.7148258,43.87401515,Waarpak
AKR-R03-FDT03-FAT05,36.71476936,43.87456599,Waarpak
AKR-R03-FDT03-FAT06,36.71473043,43.87515485,Waarpak
AKR-R03-FDT03-FAT07,36.71398803,43.87321833,Waarpak
AKR-R03-FDT03-FAT08,36.713621,43.87318363,Waarpak
AKR-R03-FDT03-FAT09,36.71446466,43.87296619,Waarpak
AKR-R03-FDT03-FAT10,36.7141815,43.87395787,Waarpak
AKR-R03-FDT03-FAT11,36.71378929,43.87390869,Waarpak
AKR-R03-FDT03-FAT12,36.71374929,43.87447385,Waarpak
AKR-R03-FDT03-FAT13,36.71288983,43.87552574,Waarpak
AKR-R03-FDT03-FAT14,36.71327992,43.87450664,Waarpak
AKR-R03-FDT03-FAT15,36.71290597,43.87494196,Waarpak
AKR-R03-FDT03-FAT16,36.71272745,43.87491807,Waarpak
AKR-R03-FDT03-FAT17,36.71589635,43.87237325,Waarpak
AKR-R03-FDT03-FAT18,36.71627152,43.87238214,Waarpak
AKR-R03-FDT03-FAT19,36.7162837,43.8715794,Waarpak
AKR-R03-FDT03-FAT20,36.71772215,43.87160502,Waarpak
AKR-R03-FDT03-FAT21,36.71670024,43.87225464,Waarpak
AKR-R03-FDT03-FAT22,36.71704726,43.87159212,Waarpak
AKR-R03-FDT03-FAT23,36.71727155,43.87113285,Waarpak
AKR-R03-FDT03-FAT24,36.71607798,43.8733749,Waarpak
AKR-R03-FDT04-FAT01,36.71642553,43.87007481,Waarpak
AKR-R03-FDT04-FAT02,36.7173736,43.86950632,Waarpak
AKR-R03-FDT04-FAT03,36.71744283,43.86887664,Waarpak
AKR-R03-FDT04-FAT04,36.71673538,43.86834929,Waarpak
AKR-R03-FDT04-FAT05,36.7169165,43.86800923,Waarpak
AKR-R03-FDT04-FAT06,36.71718387,43.86869674,Waarpak
AKR-R03-FDT04-FAT07,36.71736494,43.86827081,Waarpak
AKR-R03-FDT04-FAT08,36.71801047,43.86860178,Waarpak
AKR-R03-FDT04-FAT09,36.71858011,43.86906439,Waarpak
AKR-R03-FDT04-FAT10,36.71899002,43.8695389,Waarpak
AKR-R03-FDT04-FAT11,36.71934749,43.86982415,Waarpak
AKR-R03-FDT04-FAT12,36.71915201,43.87020263,Waarpak
AKR-R03-FDT04-FAT13,36.71953969,43.87049172,Waarpak
AKR-R03-FDT04-FAT14,36.71794391,43.87046782,Waarpak
AKR-R03-FDT04-FAT15,36.7183386,43.86955322,Waarpak
AKR-R03-FDT04-FAT16,36.71549536,43.87034989,Waarpak
AKR-R03-FDT04-FAT17,36.71495242,43.87010005,Waarpak
AKR-R03-FDT04-FAT18,36.71458047,43.86953778,Waarpak
AKR-R03-FDT04-FAT19,36.71411975,43.87011272,Waarpak
AKR-R03-FDT04-FAT20,36.71358088,43.87004339,Waarpak
AKR-R03-FDT04-FAT21,36.7136626,43.86949023,Waarpak
AKR-R03-FDT04-FAT22,36.71322819,43.8694705,Waarpak
AKR-R03-FDT04-FAT23,36.71255717,43.86944002,Waarpak
AKR-R03-FDT04-FAT24,36.71238571,43.86896663,Waarpak
AKR-R03-FDT04-FAT25,36.71197392,43.86997288,Waarpak
AKR-R03-FDT04-FAT26,36.71653085,43.86934659,Waarpak
AKR-R03-FDT04-FAT27,36.71593328,43.86948596,Waarpak
AKR-R03-FDT04-FAT28,36.71549191,43.86941626,Waarpak
AKR-R03-FDT05-FAT01,36.7209891,43.86699818,Waarpak
AKR-R03-FDT05-FAT02,36.72111312,43.86658373,Waarpak
AKR-R03-FDT05-FAT03,36.72020141,43.86638176,Waarpak
AKR-R03-FDT05-FAT04,36.71988404,43.8659104,Waarpak
AKR-R03-FDT05-FAT05,36.71939404,43.86624448,Waarpak
AKR-R03-FDT05-FAT06,36.72069899,43.86610417,Waarpak
AKR-R03-FDT05-FAT07,36.72090969,43.86525931,Waarpak
AKR-R03-FDT05-FAT08,36.72138664,43.86535465,Waarpak
AKR-R03-FDT05-FAT09,36.72059326,43.86474814,Waarpak
AKR-R03-FDT05-FAT10,36.72047807,43.8653502,Waarpak
AKR-R03-FDT05-FAT11,36.71982227,43.86477048,Waarpak
AKR-R03-FDT05-FAT12,36.72029975,43.86350389,Waarpak
AKR-R03-FDT05-FAT13,36.7192438,43.86387578,Waarpak
AKR-R03-FDT05-FAT14,36.71854211,43.86359573,Waarpak
AKR-R03-FDT05-FAT15,36.71868575,43.86306502,Waarpak
AKR-R03-FDT05-FAT16,36.71836639,43.86310738,Waarpak
AKR-R03-FDT05-FAT17,36.72237669,43.8664562,Waarpak
AKR-R03-FDT05-FAT18,36.72297289,43.86680489,Waarpak
AKR-R03-FDT05-FAT19,36.72200767,43.86595662,Waarpak
AKR-R03-FDT05-FAT20,36.72235477,43.86542965,Waarpak
AKR-R03-FDT05-FAT21,36.72266862,43.86525413,Waarpak
AKR-R03-FDT05-FAT22,36.72337543,43.86653717,Waarpak
AKR-R03-FDT05-FAT23,36.72390953,43.86576441,Waarpak
AKR-R03-FDT05-FAT24,36.72443413,43.86620037,Waarpak
AKR-R03-FDT05-FAT25,36.72338553,43.86521748,Waarpak
AKR-R03-FDT05-FAT26,36.7240618,43.86469212,Waarpak
AKR-R03-FDT05-FAT27,36.72190833,43.8676555,Waarpak
AKR-R03-FDT05-FAT28,36.71904067,43.86668401,Waarpak
AKR-R03-FDT05-FAT29,36.7182427,43.86657089,Waarpak
AKR-R03-FDT05-FAT30,36.71831234,43.86606747,Waarpak
AKR-R03-FDT05-FAT31,36.71863885,43.86721052,Waarpak
AKR-R03-FDT05-FAT32,36.71836575,43.86744136,Waarpak
AKR-R03-FDT05-FAT33,36.71797308,43.86710121,Waarpak
AKR-R03-FDT05-FAT34,36.71757768,43.86650178,Waarpak
AKR-R03-FDT05-FAT35,36.71749478,43.86718251,Waarpak
AKR-R03-FDT05-FAT36,36.71700186,43.86687027,Waarpak
AKR-R03-FDT05-FAT37,36.71706041,43.86641046,Waarpak
AKR-R03-FDT05-FAT38,36.71638069,43.86628601,Waarpak
AKR-R03-FDT05-FAT39,36.71644319,43.86577463,Waarpak
AKR-R03-FDT05-FAT40,36.72031945,43.86741796,Waarpak
AKR-R03-FDT06-FAT01,36.72517683,43.86580487,Waarpak
AKR-R03-FDT06-FAT02,36.72600431,43.86535629,Waarpak
AKR-R03-FDT06-FAT03,36.72682549,43.86482621,Waarpak
AKR-R03-FDT06-FAT04,36.72698801,43.86477853,Waarpak
AKR-R03-FDT06-FAT05,36.72801346,43.86562555,Waarpak
AKR-R03-FDT06-FAT06,36.72808612,43.86598356,Waarpak
AKR-R03-FDT06-FAT07,36.72782505,43.86469713,Waarpak
AKR-R03-FDT06-FAT08,36.72846253,43.86482169,Waarpak
AKR-R03-FDT06-FAT09,36.72854774,43.86523642,Waarpak
AKR-R03-FDT06-FAT10,36.72884039,43.86649163,Waarpak
AKR-R03-FDT06-FAT11,36.7290104,43.86727555,Waarpak
AKR-R03-FDT06-FAT12,36.729073,43.86748437,Waarpak
AKR-R03-FDT06-FAT13,36.72916051,43.86795633,Waarpak
AKR-R03-FDT06-FAT14,36.72911976,43.86583634,Waarpak
AKR-R03-FDT06-FAT15,36.7296641,43.86566532,Waarpak
AKR-R03-FDT06-FAT16,36.72888397,43.86435556,Waarpak
AKR-R03-FDT06-FAT17,36.7298472,43.86450801,Waarpak
AKR-R03-FDT06-FAT18,36.72995782,43.86501985,Waarpak
AKR-R03-FDT06-FAT19,36.73013785,43.86598693,Waarpak
AKR-R03-FDT06-FAT20,36.72958566,43.86642555,Waarpak
AKR-R03-FDT06-FAT21,36.729501,43.86492861,Waarpak
AKR-R03-FDT06-FAT22,36.7291938,43.86501716,Waarpak
AKR-R03-FDT06-FAT23,36.72975362,43.86406665,Waarpak
AKR-R03-FDT06-FAT24,36.73027099,43.86467758,Waarpak
AKR-R03-FDT06-FAT25,36.73055168,43.86585281,Waarpak
AKR-R03-FDT06-FAT26,36.73085005,43.86702465,Waarpak
AKR-R03-FDT06-FAT27,36.7253255,43.86623334,Waarpak
AKR-R03-FDT06-FAT28,36.72575449,43.86599495,Waarpak
AKR-R03-FDT06-FAT29,36.72619131,43.86721112,Waarpak
AKR-R03-FDT06-FAT30,36.72652039,43.86679391,Waarpak
AKR-R03-FDT06-FAT31,36.72669319,43.86560715,Waarpak
AKR-R03-FDT06-FAT32,36.72617082,43.86577933,Waarpak
AKR-R03-FDT06-FAT33,36.72702762,43.86659079,Waarpak
AKR-R03-FDT06-FAT34,36.7275192,43.86659179,Waarpak
AKR-R03-FDT06-FAT35,36.72735641,43.86614194,Waarpak
AKR-R03-FDT06-FAT36,36.72770009,43.86596279,Waarpak
AKR-R03-FDT06-FAT37,36.7253038,43.86720453,Waarpak
AKR-R03-FDT06-FAT38,36.72535943,43.86766668,Waarpak
AKR-R03-FDT06-FAT39,36.72560794,43.86839279,Waarpak
AKR-R03-FDT06-FAT40,36.72615912,43.8684806,Waarpak
AKR-R03-FDT06-FAT41,36.72657584,43.86825171,Waarpak
AKR-R03-FDT06-FAT42,36.72695737,43.86804215,Waarpak
AKR-R03-FDT06-FAT43,36.72745208,43.86776726,Waarpak
AKR-R03-FDT06-FAT44,36.72785782,43.8675482,Waarpak
AKR-R04-FDT01-FAT01,36.73862584,43.88405843,Waarpak
AKR-R04-FDT01-FAT02,36.73867777,43.88475856,Waarpak
AKR-R04-FDT01-FAT03,36.73667723,43.88447094,Waarpak
AKR-R04-FDT01-FAT04,36.73914063,43.88560103,Waarpak
AKR-R04-FDT01-FAT05,36.74143071,43.88683415,Waarpak
AKR-R04-FDT01-FAT06,36.74220342,43.8868589,Waarpak
AKR-R04-FDT01-FAT07,36.74212528,43.88629508,Waarpak
AKR-R04-FDT01-FAT08,36.74285115,43.88632887,Waarpak
AKR-R04-FDT01-FAT09,36.74308586,43.88713901,Waarpak
AKR-R04-FDT01-FAT10,36.74387466,43.88751645,Waarpak
AKR-R04-FDT01-FAT11,36.74500694,43.88766054,Waarpak
AKR-R04-FDT01-FAT12,36.74507498,43.88994143,Waarpak
AKR-R04-FDT01-FAT13,36.7452776,43.88912525,Waarpak
AKR-R04-FDT01-FAT14,36.74638818,43.8871881,Waarpak
AKR-R04-FDT01-FAT15,36.74613161,43.88669898,Waarpak
AKR-R04-FDT01-FAT16,36.74596825,43.88601197,Waarpak
AKR-R04-FDT01-FAT17,36.7450272,43.88571604,Waarpak
AKR-R04-FDT01-FAT18,36.74465793,43.88561712,Waarpak
AKR-R04-FDT01-FAT19,36.74722224,43.8855965,Waarpak
AKR-R04-FDT01-FAT20,36.74732078,43.88741208,Waarpak
AKR-R04-FDT01-FAT21,36.74692835,43.8866921,Waarpak
AKR-R04-FDT01-FAT22,36.74735677,43.88682385,Waarpak
AKR-R04-FDT01-FAT23,36.74761134,43.88607569,Waarpak
AKR-R04-FDT01-FAT24,36.73903233,43.88337416,Waarpak
AKR-R04-FDT01-FAT25,36.73874459,43.88321012,Waarpak
AKR-R04-FDT01-FAT26,36.73423807,43.88061065,Waarpak
AKR-R04-FDT01-FAT27,36.73383802,43.88214567,Waarpak
AKR-R04-FDT01-FAT28,36.73315151,43.88346376,Waarpak
AKR-R04-FDT01-FAT29,36.73294897,43.88380333,Waarpak
AKR-R04-FDT01-FAT30,36.73227947,43.88491877,Waarpak
AKR-R04-FDT01-FAT31,36.73176648,43.88672514,Waarpak
AKR-R04-FDT01-FAT32,36.73206098,43.88823142,Waarpak
AKR-R04-FDT01-FAT33,36.74089872,43.88421342,Waarpak
AKR-R04-FDT01-FAT34,36.7492726,43.88331208,Waarpak
AKR-R04-FDT01-FAT35,36.75004569,43.88193737,Waarpak
AKR-R04-FDT01-FAT36,36.74998429,43.88325079,Waarpak
AKR-R04-FDT01-FAT37,36.75028126,43.88378548,Waarpak
AKR-R04-FDT02-FAT01,36.7573991,43.8893586,Waarpak
AKR-R04-FDT02-FAT02,36.75649607,43.88749843,Waarpak
AKR-R04-FDT02-FAT03,36.75714459,43.88583322,Waarpak
AKR-R04-FDT02-FAT04,36.7568628,43.8849782,Waarpak
AKR-R04-FDT02-FAT05,36.75672642,43.88453902,Waarpak
AKR-R04-FDT02-FAT06,36.75638683,43.88714872,Waarpak
AKR-R04-FDT02-FAT07,36.75616791,43.8864479,Waarpak
AKR-R04-FDT02-FAT08,36.75663735,43.88612264,Waarpak
AKR-R04-FDT02-FAT09,36.75646389,43.8855759,Waarpak
AKR-R04-FDT02-FAT10,36.7571982,43.88698995,Waarpak
AKR-R04-FDT02-FAT11,36.75785226,43.88629264,Waarpak
AKR-R04-FDT02-FAT12,36.75765028,43.88468476,Waarpak
AKR-R04-FDT02-FAT13,36.75782513,43.88364749,Waarpak
AKR-R04-FDT02-FAT14,36.75764212,43.88288339,Waarpak
AKR-R04-FDT02-FAT15,36.75772129,43.8899991,Waarpak
AKR-R04-FDT02-FAT16,36.75860432,43.89163499,Waarpak
AKR-R04-FDT02-FAT17,36.75864517,43.89061683,Waarpak
AKR-R04-FDT02-FAT18,36.75879301,43.89087613,Waarpak
AKR-R04-FDT02-FAT19,36.76026231,43.89122749,Waarpak
AKR-R04-FDT02-FAT20,36.76154876,43.89033709,Waarpak
AKR-R04-FDT02-FAT21,36.76176547,43.89053616,Waarpak
AKR-R04-FDT02-FAT22,36.76219405,43.8904148,Waarpak
AKR-R04-FDT02-FAT23,36.76289853,43.88943643,Waarpak
AKR-R04-FDT02-FAT24,36.76294837,43.88978724,Waarpak
AKR-R04-FDT02-FAT25,36.76377797,43.89116743,Waarpak
AKR-R04-FDT02-FAT26,36.76638566,43.89151788,Waarpak
AKR-R04-FDT02-FAT27,36.75621332,43.88899852,Waarpak
AKR-R04-FDT02-FAT28,36.7557838,43.88744515,Waarpak
AKR-R04-FDT02-FAT29,36.75555561,43.88646607,Waarpak
AKR-R04-FDT02-FAT30,36.7545574,43.88655672,Waarpak
AKR-R04-FDT02-FAT31,36.75429625,43.88721498,Waarpak
AKR-R04-FDT03-FAT01,36.75908898,43.89291092,Waarpak
AKR-R04-FDT03-FAT02,36.75945443,43.89302241,Waarpak
AKR-R04-FDT03-FAT03,36.75965738,43.8931201,Waarpak
AKR-R04-FDT03-FAT04,36.76084183,43.89243897,Waarpak
AKR-R04-FDT03-FAT05,36.76136227,43.8919625,Waarpak
AKR-R04-FDT03-FAT06,36.76140266,43.89237711,Waarpak
AKR-R04-FDT03-FAT07,36.7607215,43.89275338,Waarpak
AKR-R04-FDT03-FAT08,36.75973602,43.89359864,Waarpak
AKR-R04-FDT03-FAT09,36.75979297,43.89410558,Waarpak
AKR-R04-FDT03-FAT10,36.76004582,43.894249,Waarpak
AKR-R04-FDT03-FAT11,36.76041764,43.89367216,Waarpak
AKR-R04-FDT03-FAT12,36.76055748,43.8942349,Waarpak
AKR-R04-FDT03-FAT13,36.76063336,43.89467945,Waarpak
AKR-R04-FDT03-FAT14,36.76065831,43.89481141,Waarpak
AKR-R04-FDT03-FAT15,36.76024135,43.89337385,Waarpak
AKR-R04-FDT03-FAT16,36.76097926,43.89376388,Waarpak
AKR-R04-FDT03-FAT17,36.76080558,43.89305109,Waarpak
AKR-R04-FDT03-FAT18,36.7611998,43.89306898,Waarpak
AKR-R04-FDT03-FAT19,36.76102615,43.89328347,Waarpak
AKR-R04-FDT03-FAT20,36.76182518,43.89237503,Waarpak
AKR-R04-FDT03-FAT21,36.76210557,43.89210819,Waarpak
AKR-R04-FDT03-FAT22,36.76304043,43.8918381,Waarpak
AKR-R04-FDT03-FAT23,36.75836294,43.89277911,Waarpak
AKR-R04-FDT03-FAT24,36.75805266,43.89286219,Waarpak
AKR-R04-FDT03-FAT25,36.75722639,43.89308265,Waarpak
AKR-R04-FDT03-FAT26,36.75716202,43.89277376,Waarpak
AKR-R04-FDT03-FAT27,36.75729531,43.89196246,Waarpak
AKR-R04-FDT03-FAT28,36.75688946,43.8932576,Waarpak
AKR-R04-FDT03-FAT29,36.75687077,43.89326233,Waarpak
AKR-R04-FDT03-FAT30,36.757025,43.89355174,Waarpak
AKR-R04-FDT03-FAT31,36.75723054,43.89350584,Waarpak
AKR-R04-FDT03-FAT32,36.75829323,43.89305714,Waarpak
AKR-R04-FDT03-FAT33,36.75761415,43.89361131,Waarpak
AKR-R04-FDT03-FAT34,36.75829123,43.89332361,Waarpak
AKR-R04-FDT03-FAT35,36.75887174,43.8923819,Waarpak
AKR-R04-FDT04-FAT01,36.75517042,43.89372351,Waarpak
AKR-R04-FDT04-FAT02,36.75494384,43.89284225,Waarpak
AKR-R04-FDT04-FAT03,36.75526101,43.89172118,Waarpak
AKR-R04-FDT04-FAT04,36.75432456,43.89107687,Waarpak
AKR-R04-FDT04-FAT05,36.75337953,43.89055759,Waarpak
AKR-R04-FDT04-FAT06,36.75231211,43.89008658,Waarpak
AKR-R04-FDT04-FAT07,36.75155914,43.89022573,Waarpak
AKR-R04-FDT04-FAT08,36.75180486,43.89069862,Waarpak
AKR-R04-FDT04-FAT09,36.75379831,43.88896145,Waarpak
AKR-R04-FDT04-FAT10,36.75405747,43.88844164,Waarpak
AKR-R04-FDT04-FAT11,36.754296,43.88991934,Waarpak
AKR-R04-FDT04-FAT12,36.75298273,43.88887261,Waarpak
AKR-R04-FDT04-FAT13,36.75195643,43.88913487,Waarpak
AKR-R04-FDT04-FAT14,36.75159066,43.88896636,Waarpak
AKR-R04-FDT04-FAT15,36.75107992,43.88914563,Waarpak
AKR-R04-FDT04-FAT16,36.75149004,43.88785571,Waarpak
AKR-R04-FDT04-FAT17,36.75242594,43.88832729,Waarpak
AKR-R04-FDT04-FAT18,36.75219832,43.88824351,Waarpak
AKR-R04-FDT04-FAT19,36.75293934,43.88541458,Waarpak
AKR-R04-FDT04-FAT20,36.7523623,43.88594453,Waarpak
AKR-R04-FDT04-FAT21,36.7526477,43.88512055,Waarpak
AKR-R04-FDT04-FAT22,36.75309295,43.88368461,Waarpak
AKR-R04-FDT04-FAT23,36.75599372,43.89273966,Waarpak
AKR-R04-FDT04-FAT24,36.75518619,43.89488572,Waarpak
AKR-R04-FDT04-FAT25,36.75534756,43.89572518,Waarpak
AKR-R04-FDT04-FAT26,36.75580598,43.89673932,Waarpak
AKR-R04-FDT04-FAT27,36.75604359,43.89747863,Waarpak
AKR-R04-FDT04-FAT28,36.75470147,43.89382961,Waarpak
AKR-R04-FDT04-FAT29,36.75476448,43.89442467,Waarpak
AKR-R04-FDT04-FAT30,36.75485221,43.89527643,Waarpak
AKR-R04-FDT04-FAT31,36.75449076,43.89624081,Waarpak
AKR-R04-FDT04-FAT32,36.75335984,43.89559608,Waarpak
AKR-R04-FDT04-FAT33,36.75285231,43.89529635,Waarpak
AKR-R04-FDT04-FAT34,36.75444404,43.89374016,Waarpak
AKR-R04-FDT04-FAT35,36.75410066,43.89324732,Waarpak
AKR-R04-FDT04-FAT36,36.75440404,43.89397704,Waarpak
AKR-R04-FDT04-FAT37,36.75409108,43.89395659,Waarpak
AKR-R04-FDT04-FAT38,36.75388556,43.8939236,Waarpak
AKR-R04-FDT04-FAT39,36.75347195,43.89431161,Waarpak
AKR-R04-FDT04-FAT40,36.75400847,43.89524213,Waarpak
AKR-R04-FDT04-FAT41,36.75296272,43.89445628,Waarpak
AKR-R04-FDT04-FAT42,36.7535868,43.89365572,Waarpak
AKR-R04-FDT04-FAT43,36.75329488,43.89367441,Waarpak
AKR-R04-FDT04-FAT44,36.75309578,43.89345504,Waarpak
AKR-R04-FDT04-FAT45,36.75267787,43.8933723,Waarpak
AKR-R04-FDT04-FAT46,36.75256204,43.89304653,Waarpak
AKR-R04-FDT04-FAT47,36.75268299,43.89256314,Waarpak
AKR-R04-FDT05-FAT01,36.7468022,43.89335864,Waarpak
AKR-R04-FDT05-FAT02,36.74750597,43.89405599,Waarpak
AKR-R04-FDT05-FAT03,36.74846207,43.89352214,Waarpak
AKR-R04-FDT05-FAT04,36.74800841,43.89287015,Waarpak
AKR-R04-FDT05-FAT05,36.74721397,43.89272777,Waarpak
AKR-R04-FDT05-FAT06,36.74687824,43.89257619,Waarpak
AKR-R04-FDT05-FAT07,36.74858659,43.89390507,Waarpak
AKR-R04-FDT05-FAT08,36.74888197,43.89407043,Waarpak
AKR-R04-FDT05-FAT09,36.74910388,43.89388567,Waarpak
AKR-R04-FDT05-FAT10,36.74932028,43.89387588,Waarpak
AKR-R04-FDT05-FAT11,36.74980468,43.89385381,Waarpak
AKR-R04-FDT05-FAT12,36.74979174,43.89401511,Waarpak
AKR-R04-FDT05-FAT13,36.75002011,43.89380042,Waarpak
AKR-R04-FDT05-FAT14,36.75050167,43.89383775,Waarpak
AKR-R04-FDT05-FAT15,36.75038985,43.89522898,Waarpak
AKR-R04-FDT05-FAT16,36.75092928,43.89419302,Waarpak
AKR-R04-FDT05-FAT17,36.75066789,43.89378553,Waarpak
AKR-R04-FDT05-FAT18,36.75090473,43.89263886,Waarpak
AKR-R04-FDT05-FAT19,36.75142397,43.89270582,Waarpak
AKR-R04-FDT05-FAT20,36.75151694,43.89346357,Waarpak
AKR-R04-FDT05-FAT21,36.75180873,43.8934366,Waarpak
AKR-R04-FDT05-FAT22,36.75190048,43.89283013,Waarpak
AKR-R04-FDT05-FAT23,36.75353709,43.89242546,Waarpak
AKR-R04-FDT05-FAT24,36.75207537,43.89359389,Waarpak
AKR-R04-FDT05-FAT25,36.7519307,43.89497066,Waarpak
AKR-R04-FDT05-FAT26,36.74689206,43.89383662,Waarpak
AKR-R04-FDT05-FAT27,36.74599799,43.8936755,Waarpak
AKR-R04-FDT05-FAT28,36.74575832,43.89243432,Waarpak
AKR-R04-FDT05-FAT29,36.74581361,43.89201594,Waarpak
AKR-R04-FDT05-FAT30,36.74511372,43.89222844,Waarpak
AKR-R04-FDT05-FAT31,36.74510588,43.89235738,Waarpak
AKR-R04-FDT05-FAT32,36.74487619,43.89238659,Waarpak
AKR-R04-FDT05-FAT33,36.74443084,43.89309536,Waarpak
AKR-R04-FDT05-FAT34,36.74439703,43.89336871,Waarpak
AKR-R04-FDT05-FAT35,36.74536602,43.89332163,Waarpak
AKR-R04-FDT05-FAT36,36.74352873,43.89256504,Waarpak
AKR-R04-FDT05-FAT37,36.74400481,43.89240701,Waarpak
AKR-R04-FDT05-FAT38,36.74319422,43.89199723,Waarpak
AKR-R04-FDT05-FAT39,36.74282229,43.89188737,Waarpak
AKR-R04-FDT05-FAT40,36.74252296,43.89188468,Waarpak
AKR-R04-FDT05-FAT41,36.74241196,43.89188352,Waarpak
AKR-R04-FDT05-FAT42,36.74254326,43.89107925,Waarpak
AKR-R04-FDT05-FAT43,36.74369427,43.89161047,Waarpak
AKR-R04-FDT05-FAT44,36.7440561,43.8912894,Waarpak
AKR-R04-FDT06-FAT01,36.7396034,43.89211467,Waarpak
AKR-R04-FDT06-FAT02,36.73637967,43.89144616,Waarpak
AKR-R04-FDT06-FAT03,36.73984191,43.8921573,Waarpak
AKR-R04-FDT06-FAT04,36.74006444,43.89216456,Waarpak
AKR-R04-FDT06-FAT05,36.74051252,43.89213448,Waarpak
AKR-R04-FDT06-FAT06,36.74070707,43.89211595,Waarpak
AKR-R04-FDT06-FAT07,36.74096091,43.89209206,Waarpak
AKR-R04-FDT06-FAT08,36.74115576,43.89208124,Waarpak
AKR-R04-FDT06-FAT09,36.74117412,43.89208014,Waarpak
AKR-R04-FDT06-FAT10,36.74150516,43.89205333,Waarpak
AKR-R04-FDT06-FAT11,36.74158665,43.89204283,Waarpak
AKR-R04-FDT06-FAT12,36.74185642,43.89200806,Waarpak
AKR-R04-FDT06-FAT13,36.73796459,43.89179312,Waarpak
AKR-R04-FDT06-FAT14,36.73729065,43.89264259,Waarpak
AKR-R04-FDT06-FAT15,36.73992361,43.89100932,Waarpak
AKR-R04-FDT06-FAT16,36.74036587,43.89057432,Waarpak
AKR-R04-FDT06-FAT17,36.73929906,43.89143394,Waarpak
AKR-R04-FDT06-FAT18,36.73934178,43.89067016,Waarpak
AKR-R04-FDT06-FAT19,36.73946823,43.88959691,Waarpak
AKR-R04-FDT06-FAT20,36.7390576,43.88981568,Waarpak
AKR-R04-FDT06-FAT21,36.74029262,43.89013399,Waarpak
AKR-R04-FDT06-FAT22,36.74155928,43.88962104,Waarpak
AKR-R04-FDT06-FAT23,36.74090302,43.8904261,Waarpak
AKR-R04-FDT06-FAT24,36.74025106,43.88912561,Waarpak
AKR-R04-FDT06-FAT25,36.74076633,43.88953587,Waarpak
AKR-R04-FDT06-FAT26,36.74163621,43.88886297,Waarpak
AKR-R04-FDT06-FAT27,36.74038589,43.8938606,Waarpak
AKR-R04-FDT06-FAT28,36.74072683,43.89336967,Waarpak
AKR-R04-FDT06-FAT29,36.74095414,43.8930434,Waarpak
AKR-R04-FDT06-FAT30,36.74116182,43.89277508,Waarpak
AKR-R04-FDT06-FAT31,36.74111187,43.89256036,Waarpak
AKR-R04-FDT06-FAT32,36.74168635,43.89450091,Waarpak
AKR-R04-FDT06-FAT33,36.7420212,43.89454517,Waarpak
AKR-R04-FDT06-FAT34,36.73877155,43.89783899,Waarpak
AKR-R04-FDT06-FAT35,36.73916305,43.89813293,Waarpak
AKR-R04-FDT06-FAT36,36.73875468,43.89869136,Waarpak
AKR-R04-FDT06-FAT37,36.73831778,43.89854551,Waarpak
AKR-R04-FDT06-FAT38,36.73997658,43.89684204,Waarpak
AKR-R04-FDT06-FAT39,36.74054554,43.89666798,Waarpak
AKR-R04-FDT06-FAT40,36.74093948,43.89693152,Waarpak
AKR-R04-FDT06-FAT41,36.74094928,43.89752577,Waarpak
AKR-R04-FDT06-FAT42,36.74032169,43.8981,Waarpak
AKR-R04-FDT06-FAT43,36.74136362,43.89785899,Waarpak
AKR-R04-FDT07-FAT01,36.75873337,43.89575196,Waarpak
AKR-R04-FDT07-FAT02,36.75898524,43.89543239,Waarpak
AKR-R04-FDT07-FAT03,36.75938518,43.89490807,Waarpak
AKR-R04-FDT07-FAT04,36.75919547,43.89466365,Waarpak
AKR-R04-FDT07-FAT05,36.75939893,43.89423922,Waarpak
AKR-R04-FDT07-FAT06,36.75919492,43.89521909,Waarpak
AKR-R04-FDT07-FAT07,36.75942611,43.89550456,Waarpak
AKR-R04-FDT07-FAT08,36.75971766,43.89602496,Waarpak
AKR-R04-FDT07-FAT09,36.75997178,43.89569661,Waarpak
AKR-R04-FDT07-FAT10,36.75986932,43.89525131,Waarpak
AKR-R04-FDT07-FAT11,36.75984974,43.89483917,Waarpak
AKR-R04-FDT07-FAT12,36.76029032,43.89640104,Waarpak
AKR-R04-FDT07-FAT13,36.76049551,43.89639713,Waarpak
AKR-R04-FDT07-FAT14,36.76044383,43.89561386,Waarpak
AKR-R04-FDT07-FAT15,36.76010759,43.89659737,Waarpak
AKR-R04-FDT07-FAT16,36.7604646,43.89692728,Waarpak
AKR-R04-FDT07-FAT17,36.75914944,43.89561009,Waarpak
AKR-R04-FDT07-FAT18,36.75929657,43.89591608,Waarpak
AKR-R04-FDT07-FAT19,36.75891978,43.89603367,Waarpak
AKR-R04-FDT07-FAT20,36.75897815,43.89614214,Waarpak
AKR-R04-FDT07-FAT21,36.75953028,43.89653809,Waarpak
AKR-R04-FDT07-FAT22,36.76018641,43.89703445,Waarpak
AKR-R04-FDT07-FAT23,36.76033143,43.89754429,Waarpak
AKR-R04-FDT07-FAT24,36.758883,43.89801199,Waarpak
AKR-R04-FDT07-FAT25,36.7579375,43.89966596,Waarpak
AKR-R04-FDT07-FAT26,36.75962754,43.89783661,Waarpak
AKR-R04-FDT07-FAT27,36.75858301,43.89980257,Waarpak
AKR-R04-FDT07-FAT28,36.75752638,43.9019958,Waarpak
AKR-R04-FDT07-FAT29,36.75870143,43.90163767,Waarpak
AKR-R04-FDT07-FAT30,36.75851066,43.89589873,Waarpak
AKR-R04-FDT07-FAT31,36.75883454,43.89512145,Waarpak
AKR-R04-FDT07-FAT32,36.75871692,43.89493288,Waarpak
AKR-R04-FDT07-FAT33,36.75854885,43.89462823,Waarpak
AKR-R04-FDT07-FAT34,36.75851454,43.89451242,Waarpak
AKR-R04-FDT07-FAT35,36.75851858,43.89425229,Waarpak
AKR-R04-FDT07-FAT36,36.75854014,43.89393047,Waarpak
AKR-R04-FDT07-FAT37,36.75869291,43.89361223,Waarpak
AKR-R04-FDT07-FAT38,36.75855695,43.89349855,Waarpak
AKR-R04-FDT07-FAT39,36.75882815,43.8947614,Waarpak
AKR-R04-FDT07-FAT40,36.75879216,43.89470319,Waarpak
AKR-R04-FDT07-FAT41,36.75864117,43.89462878,Waarpak
AKR-R04-FDT07-FAT42,36.75871393,43.89449409,Waarpak
AKR-R04-FDT07-FAT43,36.75869485,43.89432488,Waarpak
AKR-R04-FDT07-FAT44,36.75880271,43.89412543,Waarpak
AKR-R04-FDT07-FAT45,36.7589339,43.89424003,Waarpak
AKR-R04-FDT07-FAT46,36.75904044,43.89419907,Waarpak
AKR-R04-FDT07-FAT47,36.75910943,43.89405873,Waarpak
AKR-R04-FDT07-FAT48,36.75917095,43.89383622,Waarpak
AKR-R04-FDT07-FAT49,36.75920691,43.89413506,Waarpak
AKR-R04-FDT07-FAT50,36.759234,43.89388885,Waarpak
AKR-R04-FDT07-FAT51,36.7592526,43.89383478,Waarpak
AKR-R04-FDT08-FAT01,36.75375474,43.89874701,Waarpak
AKR-R04-FDT08-FAT02,36.75434884,43.89867539,Waarpak
AKR-R04-FDT08-FAT03,36.75467698,43.89869139,Waarpak
AKR-R04-FDT08-FAT04,36.75527579,43.89879308,Waarpak
AKR-R04-FDT08-FAT05,36.75622836,43.90009041,Waarpak
AKR-R04-FDT08-FAT06,36.75658904,43.90041073,Waarpak
AKR-R04-FDT08-FAT07,36.75677947,43.89960047,Waarpak
AKR-R04-FDT08-FAT08,36.75616417,43.89843995,Waarpak
AKR-R04-FDT08-FAT09,36.75764189,43.89834929,Waarpak
AKR-R04-FDT08-FAT10,36.75752457,43.89860715,Waarpak
AKR-R04-FDT08-FAT11,36.75742572,43.8972697,Waarpak
AKR-R04-FDT08-FAT12,36.75803396,43.8969408,Waarpak
AKR-R04-FDT08-FAT13,36.75806569,43.89630295,Waarpak
AKR-R04-FDT08-FAT14,36.7585549,43.89651292,Waarpak
AKR-R04-FDT08-FAT15,36.7583551,43.89629967,Waarpak
AKR-R04-FDT08-FAT16,36.75338786,43.89909583,Waarpak
AKR-R04-FDT08-FAT17,36.7529533,43.89908912,Waarpak
AKR-R04-FDT08-FAT18,36.75196833,43.89810942,Waarpak
AKR-R04-FDT08-FAT19,36.75159116,43.89784631,Waarpak
AKR-R04-FDT08-FAT20,36.75200328,43.8985481,Waarpak
AKR-R04-FDT08-FAT21,36.75142019,43.89892021,Waarpak
AKR-R04-FDT08-FAT22,36.75118195,43.8990572,Waarpak
AKR-R04-FDT08-FAT23,36.75161203,43.89948885,Waarpak
AKR-R04-FDT08-FAT24,36.75166542,43.89983968,Waarpak
AKR-R04-FDT08-FAT25,36.75170245,43.90065557,Waarpak
AKR-R04-FDT08-FAT26,36.75266829,43.89767581,Waarpak
AKR-R04-FDT08-FAT27,36.75339329,43.89778219,Waarpak
AKR-R04-FDT08-FAT28,36.75474905,43.89779771,Waarpak
AKR-R04-FDT09-FAT01,36.74975862,43.89860872,Waarpak
AKR-R04-FDT09-FAT02,36.749948,43.89926404,Waarpak
AKR-R04-FDT09-FAT03,36.7502226,43.89930123,Waarpak
AKR-R04-FDT09-FAT04,36.75038994,43.89955629,Waarpak
AKR-R04-FDT09-FAT05,36.75052055,43.90012859,Waarpak
AKR-R04-FDT09-FAT06,36.75039553,43.90046348,Waarpak
AKR-R04-FDT09-FAT07,36.74830522,43.8998203,Waarpak
AKR-R04-FDT09-FAT08,36.74854422,43.90102698,Waarpak
AKR-R04-FDT09-FAT09,36.74906344,43.89996148,Waarpak
AKR-R04-FDT09-FAT10,36.74913986,43.90091653,Waarpak
AKR-R04-FDT09-FAT11,36.74808872,43.89895396,Waarpak
AKR-R04-FDT09-FAT12,36.74774927,43.90001781,Waarpak
AKR-R04-FDT09-FAT13,36.74787796,43.89863927,Waarpak
AKR-R04-FDT09-FAT14,36.74753493,43.89817758,Waarpak
AKR-R04-FDT09-FAT15,36.74615622,43.89835468,Waarpak
AKR-R04-FDT09-FAT16,36.74612231,43.89919582,Waarpak
AKR-R04-FDT09-FAT17,36.74675155,43.89865308,Waarpak
AKR-R04-FDT09-FAT18,36.74715787,43.89946259,Waarpak
AKR-R04-FDT09-FAT19,36.74727562,43.9000485,Waarpak
AKR-R04-FDT09-FAT20,36.75021824,43.89770363,Waarpak
AKR-R04-FDT09-FAT21,36.74791481,43.89712615,Waarpak
AKR-R04-FDT09-FAT22,36.74725141,43.89694464,Waarpak
AKR-R04-FDT09-FAT23,36.7485943,43.8968063,Waarpak
AKR-R04-FDT09-FAT24,36.7468845,43.89635449,Waarpak
AKR-R04-FDT09-FAT25,36.74620141,43.89679154,Waarpak
AKR-R04-FDT09-FAT26,36.74583714,43.89605558,Waarpak
AKR-R04-FDT09-FAT27,36.74537361,43.89685849,Waarpak
AKR-R04-FDT09-FAT28,36.74494479,43.89674032,Waarpak
AKR-R04-FDT09-FAT29,36.74530181,43.89524742,Waarpak
AKR-R04-FDT09-FAT30,36.74605085,43.89545554,Waarpak
AKR-R04-FDT09-FAT31,36.74454265,43.89617103,Waarpak
AKR-R04-FDT09-FAT32,36.75068256,43.89715909,Waarpak
AKR-R04-FDT10-FAT01,36.72485773,43.88532109,Waarpak
AKR-R04-FDT10-FAT02,36.72572499,43.88470396,Waarpak
AKR-R04-FDT10-FAT03,36.72552964,43.8842647,Waarpak
AKR-R04-FDT10-FAT04,36.72657585,43.88491439,Waarpak
AKR-R04-FDT10-FAT05,36.72727507,43.88479489,Waarpak
AKR-R04-FDT10-FAT06,36.72757614,43.88437361,Waarpak
AKR-R04-FDT10-FAT07,36.72860294,43.8843123,Waarpak
AKR-R04-FDT10-FAT08,36.7268461,43.88354387,Waarpak
AKR-R04-FDT10-FAT09,36.72820018,43.88302828,Waarpak
AKR-R04-FDT10-FAT10,36.72455551,43.88705178,Waarpak
AKR-R04-FDT10-FAT11,36.7255545,43.88827477,Waarpak
AKR-R04-FDT10-FAT12,36.72526636,43.88735672,Waarpak
AKR-R04-FDT10-FAT13,36.72620762,43.88719818,Waarpak
AKR-R04-FDT10-FAT14,36.72700244,43.88731086,Waarpak
AKR-R04-FDT10-FAT15,36.72803768,43.88791858,Waarpak
AKR-R04-FDT10-FAT16,36.728918,43.88724121,Waarpak
AKR-R04-FDT10-FAT17,36.72971834,43.88577648,Waarpak
AKR-R04-FDT10-FAT18,36.72967313,43.88769043,Waarpak
AKR-R04-FDT10-FAT19,36.73026142,43.8868099,Waarpak
AKR-R04-FDT10-FAT20,36.72461824,43.88840454,Waarpak
AKR-R04-FDT10-FAT21,36.72383869,43.88781024,Waarpak
AKR-R04-FDT10-FAT22,36.72293658,43.88795677,Waarpak
AKR-R04-FDT10-FAT23,36.72192033,43.88845114,Waarpak
AKR-R04-FDT10-FAT24,36.72177816,43.88715574,Waarpak
AKR-R04-FDT10-FAT25,36.72325571,43.88537701,Waarpak
AKR-R04-FDT10-FAT26,36.72299169,43.88605699,Waarpak
AKR-R04-FDT10-FAT27,36.72252283,43.88596385,Waarpak
AKR-R04-FDT10-FAT28,36.72192889,43.88447727,Waarpak
AKR-R04-FDT10-FAT29,36.72706091,43.88435781,Waarpak
AKR-R04-FDT10-FAT30,36.72866385,43.88434381,Waarpak
AKR-R04-FDT10-FAT31,36.72757658,43.88329609,Waarpak
AKR-R04-FDT10-FAT32,36.72879444,43.88785876,Waarpak
AKR-R04-FDT10-FAT33,36.72387883,43.88785992,Waarpak
AKR-R04-FDT10-FAT34,36.7218436,43.88719873,Waarpak
AKR-R04-FDT10-FAT35,36.72873611,43.88356687,Waarpak
AKR-R04-FDT10-FAT36,36.72480331,43.8848705,Waarpak
AKR-R04-FDT10-FAT37,36.72445252,43.88779405,Waarpak
AKR-R04-FDT11-FAT01,36.72297257,43.8817968,Waarpak
AKR-R04-FDT11-FAT02,36.72286631,43.88112198,Waarpak
AKR-R04-FDT11-FAT03,36.72350291,43.88014386,Waarpak
AKR-R04-FDT11-FAT04,36.72348528,43.88285547,Waarpak
AKR-R04-FDT11-FAT05,36.72405861,43.88100927,Waarpak
AKR-R04-FDT11-FAT06,36.72414264,43.88017074,Waarpak
AKR-R04-FDT11-FAT07,36.72330765,43.8789383,Waarpak
AKR-R04-FDT11-FAT08,36.72400009,43.88280442,Waarpak
AKR-R04-FDT11-FAT09,36.72464462,43.88202237,Waarpak
AKR-R04-FDT11-FAT10,36.72559509,43.88231465,Waarpak
AKR-R04-FDT11-FAT11,36.72225582,43.88169143,Waarpak
AKR-R04-FDT11-FAT12,36.72209775,43.88120648,Waarpak
AKR-R04-FDT11-FAT13,36.72219325,43.87990258,Waarpak
AKR-R04-FDT11-FAT14,36.72172814,43.87822838,Waarpak
AKR-R04-FDT11-FAT15,36.72108802,43.88054369,Waarpak
AKR-R04-FDT11-FAT16,36.71898525,43.88351822,Waarpak
AKR-R04-FDT11-FAT17,36.71861228,43.88382137,Waarpak
AKR-R04-FDT11-FAT18,36.71687057,43.88324626,Waarpak
AKR-R04-FDT11-FAT19,36.71618431,43.88386323,Waarpak
AKR-R04-FDT11-FAT20,36.71479417,43.88299911,Waarpak
AKR-R04-FDT11-FAT21,36.71334165,43.88416248,Waarpak
AKR-R04-FDT11-FAT22,36.72410604,43.88106192,Waarpak
AKR-R04-FDT11-FAT23,36.72352295,43.88017116,Waarpak
AKR-R04-FDT11-FAT24,36.72227291,43.88174752,Waarpak
AKR-R04-FDT11-FAT25,36.72222948,43.87995522,Waarpak
AKR-R04-FDT11-FAT26,36.721755,43.87829277,Waarpak
AKR-R04-FDT11-FAT27,36.71903275,43.88358495,Waarpak
AKR-R04-FDT11-FAT28,36.72521325,43.8805814,Waarpak
AKR-R04-FDT11-FAT29,36.72390726,43.87824661,Waarpak
AKR-R04-FDT11-FAT30,36.71773302,43.88406421,Waarpak
AKR-R04-FDT11-FAT31,36.71581895,43.88390343,Waarpak
AKR-R04-FDT11-FAT32,36.71385738,43.88370821,Waarpak
AKR-R04-FDT12-FAT01,36.72653879,43.87992977,Waarpak
AKR-R04-FDT12-FAT02,36.72629724,43.87891792,Waarpak
AKR-R04-FDT12-FAT03,36.7255961,43.87804882,Waarpak
AKR-R04-FDT12-FAT04,36.72546676,43.87863701,Waarpak
AKR-R04-FDT12-FAT05,36.72470613,43.87767859,Waarpak
AKR-R04-FDT12-FAT06,36.72399616,43.87681573,Waarpak
AKR-R04-FDT12-FAT07,36.72486191,43.87917571,Waarpak
AKR-R04-FDT12-FAT08,36.72453887,43.87969501,Waarpak
AKR-R04-FDT12-FAT09,36.72754872,43.87841951,Waarpak
AKR-R04-FDT12-FAT10,36.72682265,43.87707924,Waarpak
AKR-R04-FDT12-FAT11,36.72820515,43.87894187,Waarpak
AKR-R04-FDT12-FAT12,36.72863238,43.87980218,Waarpak
AKR-R04-FDT12-FAT13,36.72967322,43.87969389,Waarpak
AKR-R04-FDT12-FAT14,36.72844531,43.87738658,Waarpak
AKR-R04-FDT12-FAT15,36.72970584,43.87762729,Waarpak
AKR-R04-FDT12-FAT16,36.73083088,43.87852601,Waarpak
AKR-R04-FDT12-FAT17,36.72797827,43.88095683,Waarpak
AKR-R04-FDT12-FAT18,36.72885874,43.8815012,Waarpak
AKR-R04-FDT12-FAT19,36.72981711,43.88171901,Waarpak
AKR-R04-FDT12-FAT20,36.7303549,43.88280195,Waarpak
AKR-R04-FDT12-FAT21,36.73127954,43.88353958,Waarpak
AKR-R04-FDT12-FAT22,36.73190459,43.88335428,Waarpak
AKR-R04-FDT12-FAT23,36.72710053,43.88054647,Waarpak
AKR-R04-FDT12-FAT24,36.72621128,43.88128128,Waarpak
AKR-R04-FDT12-FAT25,36.72438282,43.87852523,Waarpak
AKR-R04-FDT12-FAT26,36.72791177,43.87870294,Waarpak
AKR-R04-FDT12-FAT27,36.72684381,43.87711364,Waarpak
AKR-R04-FDT12-FAT28,36.72969817,43.87974584,Waarpak
AKR-R04-FDT12-FAT29,36.7292527,43.87800679,Waarpak
AKR-R04-FDT12-FAT30,36.72798806,43.88101294,Waarpak
AKR-R04-FDT12-FAT31,36.72924593,43.88178311,Waarpak
AKR-R04-FDT12-FAT32,36.73272386,43.87976545,Waarpak
AKR-R04-FDT12-FAT33,36.72402742,43.87903528,Waarpak
AKR-R04-FDT12-FAT34,36.72769122,43.88055204,Waarpak
AKR-R04-FDT12-FAT35,36.72671758,43.88165574,Waarpak
AKR-R04-FDT12-FAT36,36.72570279,43.88124648,Waarpak
AKR-R04-FDT12-FAT37,36.73084461,43.87781524,Waarpak
AKR-R05-FDT01-FAT01,36.72736265,44.01241264,TarinNet (Erbil)
AKR-R05-FDT01-FAT02,36.72801281,44.01541962,TarinNet (Erbil)
AKR-R05-FDT01-FAT03,36.73100357,44.01691781,TarinNet (Erbil)
AKR-R05-FDT01-FAT04,36.73151494,44.01870256,TarinNet (Erbil)
AKR-R05-FDT01-FAT05,36.72831738,44.01872174,TarinNet (Erbil)
AKR-R05-FDT01-FAT06,36.72662128,44.0194615,TarinNet (Erbil)
AKR-R05-FDT01-FAT07,36.72737836,44.02155972,TarinNet (Erbil)
AKR-R05-FDT01-FAT08,36.72440241,44.02566499,TarinNet (Erbil)
AKR-R05-FDT01-FAT09,36.72444122,44.02411071,TarinNet (Erbil)
AKR-R05-FDT01-FAT10,36.7260794,44.015311,TarinNet (Erbil)
AKR-R05-FDT01-FAT11,36.72447067,44.0148731,TarinNet (Erbil)
AKR-R05-FDT01-FAT12,36.72574114,44.011618,TarinNet (Erbil)
AKR-R05-FDT01-FAT13,36.7300089,44.01882747,TarinNet (Erbil)
AKR-R05-FDT01-FAT14,36.72592633,44.01932569,TarinNet (Erbil)
AKR-R05-FDT01-FAT15,36.7270592,44.02146907,TarinNet (Erbil)
AKR-R05-FDT01-FAT16,36.72857579,44.0154902,TarinNet (Erbil)
AKR-R05-FDT01-FAT17,36.72850609,44.01653824,TarinNet (Erbil)
AKR-R05-FDT01-FAT18,36.72747048,44.02002323,TarinNet (Erbil)
AKR-R05-FDT01-FAT19,36.72374819,44.02560407,TarinNet (Erbil)
AKR-R05-FDT01-FAT20,36.72531802,44.0112722,TarinNet (Erbil)
AKR-R05-FDT01-FAT21,36.70954138,43.97183288,TarinNet (Erbil)
AKR-R05-FDT01-FAT22,36.70814254,43.97360683,TarinNet (Erbil)
AKR-R05-FDT01-FAT23,36.70862381,43.97365229,TarinNet (Erbil)
AKR-R05-FDT01-FAT24,36.70779087,43.97254386,TarinNet (Erbil)
AKR-R05-FDT01-FAT25,36.70608503,43.97329524,TarinNet (Erbil)
AKR-R05-FDT01-FAT26,36.70201696,43.97206994,TarinNet (Erbil)
AKR-R05-FDT01-FAT27,36.7028452,43.97177652,TarinNet (Erbil)
AKR-R05-FDT01-FAT28,36.70126928,43.97476893,TarinNet (Erbil)
AKR-R05-FDT01-FAT29,36.70081743,43.97625688,TarinNet (Erbil)
AKR-R05-FDT01-FAT30,36.71221681,43.97582625,TarinNet (Erbil)
AKR-R05-FDT01-FAT31,36.70051753,43.97298128,TarinNet (Erbil)
AKR-R05-FDT01-FAT32,36.69984412,43.97358719,TarinNet (Erbil)
AKR-R05-FDT01-FAT33,36.70315589,43.97314214,TarinNet (Erbil)
AKR-R05-FDT01-FAT34,36.72662442,44.01533342,TarinNet (Erbil)
AKR-R05-FDT01-FAT35,36.73082106,44.0158069,TarinNet (Erbil)
AKR-R05-FDT01-FAT36,36.72799188,44.0228944,TarinNet (Erbil)
AKR-R05-FDT01-FAT37,36.70088578,43.9760318,TarinNet (Erbil)
AKR-R05-FDT01-FAT38,36.72821779,44.01387223,TarinNet (Erbil)
AKR-R05-FDT01-FAT39,36.72705389,44.02252693,TarinNet (Erbil)
AKR-R05-FDT01-FAT40,36.72577268,44.01643157,TarinNet (Erbil)
ALK-R01-FDT01-FAT01,36.83185951,42.91311114,Strong Link Duhok
ALK-R01-FDT01-FAT02,36.83126079,42.9139257,Strong Link Duhok
ALK-R01-FDT01-FAT03,36.83064408,42.91375538,Strong Link Duhok
ALK-R01-FDT01-FAT04,36.83001328,42.91362796,Strong Link Duhok
ALK-R01-FDT01-FAT05,36.83001681,42.91408156,Strong Link Duhok
ALK-R01-FDT01-FAT06,36.82997414,42.91454256,Strong Link Duhok
ALK-R01-FDT01-FAT07,36.82957932,42.91467564,Strong Link Duhok
ALK-R01-FDT01-FAT08,36.82952902,42.9146663,Strong Link Duhok
ALK-R01-FDT01-FAT09,36.83080897,42.91227398,Strong Link Duhok
ALK-R01-FDT01-FAT10,36.83008082,42.9125583,Strong Link Duhok
ALK-R01-FDT01-FAT11,36.83012667,42.91184469,Strong Link Duhok
ALK-R01-FDT01-FAT12,36.82990747,42.91160306,Strong Link Duhok
ALK-R01-FDT01-FAT13,36.82949605,42.91214075,Strong Link Duhok
ALK-R01-FDT01-FAT14,36.82888112,42.91296199,Strong Link Duhok
ALK-R01-FDT01-FAT15,36.82909938,42.913211,Strong Link Duhok
ALK-R01-FDT01-FAT16,36.82914654,42.91315632,Strong Link Duhok
ALK-R01-FDT01-FAT17,36.8312172,42.91213585,Strong Link Duhok
ALK-R01-FDT01-FAT18,36.83133684,42.91163943,Strong Link Duhok
ALK-R01-FDT01-FAT19,36.83127496,42.9115716,Strong Link Duhok
ALK-R01-FDT01-FAT20,36.83161929,42.91135837,Strong Link Duhok
ALK-R01-FDT01-FAT21,36.83115351,42.91081658,Strong Link Duhok
ALK-R01-FDT01-FAT22,36.83182997,42.91099545,Strong Link Duhok
ALK-R01-FDT01-FAT23,36.83196276,42.91053719,Strong Link Duhok
ALK-R01-FDT01-FAT24,36.8313066,42.90984979,Strong Link Duhok
ALK-R01-FDT01-FAT25,36.83300314,42.91044373,Strong Link Duhok
ALK-R01-FDT01-FAT26,36.8324566,42.90979592,Strong Link Duhok
ALK-R01-FDT01-FAT27,36.83269733,42.90976807,Strong Link Duhok
ALK-R01-FDT01-FAT28,36.83298119,42.90948451,Strong Link Duhok
ALK-R01-FDT01-FAT29,36.83267158,42.9081705,Strong Link Duhok
ALK-R01-FDT01-FAT30,36.83268997,42.90814245,Strong Link Duhok
ALK-R01-FDT01-FAT31,36.8339602,42.909709,Strong Link Duhok
ALK-R01-FDT01-FAT32,36.83405018,42.90959345,Strong Link Duhok
ALK-R01-FDT01-FAT33,36.83385633,42.90843348,Strong Link Duhok
ALK-R01-FDT01-FAT34,36.8345373,42.90895166,Strong Link Duhok
ALK-R01-FDT01-FAT35,36.8352848,42.90795965,Strong Link Duhok
ALK-R01-FDT01-FAT36,36.83542876,42.90810078,Strong Link Duhok
ALK-R01-FDT01-FAT37,36.83502054,42.90864369,Strong Link Duhok
ALK-R01-FDT01-FAT38,36.83429261,42.90865476,Strong Link Duhok
ALK-R01-FDT01-FAT39,36.83408386,42.90778923,Strong Link Duhok
ALK-R01-FDT01-FAT40,36.83435493,42.90693273,Strong Link Duhok
ALK-R01-FDT01-FAT41,36.83401143,42.90673939,Strong Link Duhok
ALK-R01-FDT01-FAT42,36.83485313,42.90566418,Strong Link Duhok
ALK-R01-FDT01-FAT43,36.83469566,42.9061511,Strong Link Duhok
ALK-R01-FDT01-FAT44,36.83526925,42.90573219,Strong Link Duhok
ALK-R01-FDT01-FAT45,36.83551819,42.90612378,Strong Link Duhok
ALK-R01-FDT01-FAT46,36.83587949,42.90605553,Strong Link Duhok
ALK-R01-FDT01-FAT47,36.83610841,42.90654647,Strong Link Duhok
ALK-R01-FDT01-FAT48,36.83512909,42.91221136,Strong Link Duhok
ALK-R01-FDT01-FAT49,36.83415234,42.91076712,Strong Link Duhok
ALK-R01-FDT01-FAT50,36.83467333,42.91072781,Strong Link Duhok
ALK-R01-FDT01-FAT51,36.83507757,42.90988447,Strong Link Duhok
ALK-R01-FDT01-FAT52,36.83562595,42.90915674,Strong Link Duhok
ALK-R01-FDT01-FAT53,36.83582045,42.91035911,Strong Link Duhok
ALK-R01-FDT01-FAT54,36.83591007,42.91127194,Strong Link Duhok
ALK-R01-FDT01-FAT55,36.83647947,42.90975479,Strong Link Duhok
ALK-R01-FDT01-FAT56,36.83630141,42.90972465,Strong Link Duhok
ALK-R01-FDT01-FAT57,36.83292968,42.91235847,Strong Link Duhok
ALK-R01-FDT01-FAT58,36.83136989,42.91441038,Strong Link Duhok
ALK-R01-FDT01-FAT59,36.83333651,42.91605562,Strong Link Duhok
AMD-R01-FDT01-FAT01,37.09244652,43.48922575,Waarpak
AMD-R01-FDT01-FAT02,37.09311284,43.48842029,Waarpak
AMD-R01-FDT01-FAT03,37.09278801,43.48791712,Waarpak
AMD-R01-FDT01-FAT04,37.09400235,43.48921169,Waarpak
AMD-R01-FDT01-FAT05,37.09490538,43.48879257,Waarpak
AMD-R01-FDT01-FAT06,37.09493987,43.48810621,Waarpak
AMD-R01-FDT01-FAT07,37.09537303,43.4895746,Waarpak
AMD-R01-FDT01-FAT08,37.09504305,43.48705716,Waarpak
AMD-R01-FDT01-FAT09,37.09364633,43.48744161,Waarpak
AMD-R01-FDT01-FAT10,37.09369377,43.48654645,Waarpak
AMD-R01-FDT01-FAT11,37.09271496,43.48592346,Waarpak
AMD-R01-FDT01-FAT12,37.09117388,43.48882779,Waarpak
AMD-R01-FDT01-FAT13,37.09159702,43.48647797,Waarpak
AMD-R01-FDT01-FAT14,37.0920988,43.4867524,Waarpak
AMD-R01-FDT01-FAT15,37.09161253,43.4879073,Waarpak
AMD-R01-FDT01-FAT16,37.09146933,43.48527349,Waarpak
AMD-R01-FDT01-FAT17,37.09068993,43.48614707,Waarpak
AMD-R01-FDT01-FAT18,37.08880404,43.48596275,Waarpak
AMD-R01-FDT01-FAT19,37.09468779,43.48931165,Waarpak
AMD-R01-FDT01-FAT20,37.09068656,43.48754001,Waarpak
AMD-R01-FDT01-FAT21,37.0796354,43.49303886,PrimeLink Duhok
AMD-R01-FDT01-FAT22,37.07837955,43.48917514,PrimeLink Duhok
AMD-R01-FDT01-FAT23,37.07772798,43.48929283,PrimeLink Duhok
AMD-R01-FDT01-FAT24,37.07639641,43.48849885,PrimeLink Duhok
AMD-R01-FDT01-FAT25,37.07551946,43.48878937,PrimeLink Duhok
AMD-R01-FDT01-FAT26,37.07468796,43.48829257,PrimeLink Duhok
AMD-R01-FDT01-FAT27,37.07549112,43.48798634,PrimeLink Duhok
AMD-R01-FDT01-FAT28,37.07530977,43.48723277,PrimeLink Duhok
AMD-R01-FDT01-FAT29,37.0697992,43.49000662,PrimeLink Duhok
AMD-R01-FDT01-FAT33,37.09494428,43.48791941,Waarpak
AMD-R01-FDT01-FAT34,37.0934434,43.48640062,Waarpak
AMD-R01-FDT01-FAT35,37.09142969,43.48633899,Waarpak
AMD-R01-FDT01-FAT36,37.09193028,43.48810157,Waarpak
AMD-R01-FDT01-FAT37,37.09080218,43.48592804,Waarpak
AMD-R01-FDT01-FAT38,37.09301779,43.48926544,Waarpak
AMD-R01-FDT01-FAT39,37.09383249,43.48850581,Waarpak
AMD-R01-FDT01-FAT40,37.09225207,43.4876131,Waarpak
AMD-R01-FDT01-FAT41,37.09531433,43.48871884,Waarpak
AMD-R01-FDT01-FAT42,37.09284678,43.48649067,Waarpak
AMD-R01-FDT01-FAT43,37.09020916,43.4851463,Waarpak
AMD-R01-FDT01-FAT44,37.08852282,43.48746904,Waarpak
AMD-R01-FDT02-FAT09,37.09524526,43.5031295,PrimeLink Duhok
AMD-R01-FDT02-FAT10,37.09827659,43.49978859,PrimeLink Duhok
AMD-R01-FDT02-FAT11,37.09417169,43.50343748,PrimeLink Duhok
AMD-R01-FDT02-FAT12,37.09147616,43.50784576,PrimeLink Duhok
AMD-R01-FDT02-FAT13,37.08890087,43.50901567,PrimeLink Duhok
AMD-R01-FDT02-FAT14,37.08725527,43.50876163,PrimeLink Duhok
AMD-R01-FDT02-FAT15,37.08949796,43.51351307,PrimeLink Duhok
AMD-R01-FDT02-FAT16,37.08905852,43.51353195,PrimeLink Duhok
AMD-R01-FDT02-FAT17,37.08829426,43.51320526,PrimeLink Duhok
AMD-R01-FDT02-FAT18,37.08742262,43.51278791,PrimeLink Duhok
AMD-R01-FDT02-FAT19,37.08628168,43.51319404,PrimeLink Duhok
AMD-R01-FDT02-FAT20,37.08687938,43.51352503,PrimeLink Duhok
AMD-R01-FDT02-FAT21,37.08772692,43.51375196,PrimeLink Duhok
AMD-R01-FDT02-FAT22,37.08845974,43.5140155,PrimeLink Duhok
AMD-R01-FDT02-FAT23,37.09329324,43.52086367,PrimeLink Duhok
AMD-R01-FDT02-FAT24,37.08659608,43.52508046,PrimeLink Duhok
AMD-R01-FDT02-FAT25,37.08659956,43.52409585,PrimeLink Duhok
AMD-R01-FDT02-FAT26,37.08527393,43.52296872,PrimeLink Duhok
AMD-R01-FDT02-FAT27,37.08573104,43.52263648,PrimeLink Duhok
AMD-R01-FDT02-FAT28,37.08621598,43.52345549,PrimeLink Duhok
AMD-R01-FDT02-FAT29,37.0854301,43.52432376,PrimeLink Duhok
AMD-R01-FDT02-FAT30,37.08485193,43.52432584,PrimeLink Duhok
AMD-R01-FDT02-FAT31,37.08510446,43.52359331,PrimeLink Duhok
AMD-R01-FDT02-FAT32,37.08474006,43.52343471,PrimeLink Duhok
AMD-R01-FDT02-FAT33,37.08313248,43.52375136,PrimeLink Duhok
AMD-R01-FDT02-FAT34,37.08306274,43.52559122,PrimeLink Duhok
AMD-R01-FDT02-FAT35,37.08344153,43.52331756,PrimeLink Duhok
AMD-R01-FDT02-FAT36,37.08221778,43.5231352,PrimeLink Duhok
AMD-R01-FDT02-FAT37,37.08160441,43.52351922,PrimeLink Duhok
AMD-R01-FDT02-FAT38,37.0963432,43.49857111,PrimeLink Duhok
AMD-R01-FDT02-FAT39,37.09937018,43.49676692,PrimeLink Duhok
AMD-R01-FDT02-FAT40,37.10064885,43.49726017,PrimeLink Duhok
AMD-R01-FDT02-FAT41,37.10095036,43.49736501,PrimeLink Duhok
AMD-R01-FDT02-FAT42,37.10147148,43.49612786,PrimeLink Duhok
AMD-R01-FDT02-FAT43,37.10143603,43.49539422,PrimeLink Duhok
AMD-R01-FDT02-FAT44,37.10035457,43.49473852,PrimeLink Duhok
AMD-R01-FDT02-FAT45,37.09936485,43.4943965,PrimeLink Duhok
AMD-R01-FDT02-FAT46,37.09889028,43.49408466,PrimeLink Duhok
AMD-R01-FDT02-FAT47,37.10207124,43.49529816,PrimeLink Duhok
AMD-R01-FDT02-FAT48,37.1008365,43.49454062,PrimeLink Duhok
AMD-R01-FDT02-FAT49,37.10243866,43.49130134,PrimeLink Duhok
AMD-R01-FDT02-FAT50,37.10095331,43.49075319,PrimeLink Duhok
AMD-R01-FDT02-FAT51,37.10251367,43.4854519,PrimeLink Duhok
AMD-R01-FDT02-FAT52,37.10271294,43.48329499,PrimeLink Duhok
AMD-R01-FDT02-FAT53,37.10477121,43.48370869,PrimeLink Duhok
AMD-R01-FDT02-FAT54,37.10470367,43.48476398,PrimeLink Duhok
AMD-R01-FDT02-FAT55,37.10067103,43.47478876,PrimeLink Duhok
AMD-R01-FDT02-FAT56,37.09606599,43.47471161,PrimeLink Duhok
AMD-R01-FDT02-FAT57,37.09882685,43.49025535,PrimeLink Duhok
AMD-R01-FDT02-FAT58,37.10260364,43.48007701,PrimeLink Duhok
AMD-R01-FDT02-FAT59,37.09788407,43.48842495,PrimeLink Duhok
AMD-R01-FDT03-FAT01,37.0838291,43.56098705,PrimeLink Duhok
AMD-R01-FDT03-FAT02,37.08234088,43.56130811,PrimeLink Duhok
AMD-R01-FDT03-FAT03,37.07400019,43.58618481,PrimeLink Duhok
AMD-R01-FDT03-FAT04,37.08244948,43.56071733,PrimeLink Duhok
AMD-R01-FDT03-FAT05,37.08309384,43.56131832,PrimeLink Duhok
AMD-R01-FDT03-FAT06,37.08333938,43.56169756,PrimeLink Duhok
AMD-R01-FDT03-FAT07,37.0838051,43.56210434,PrimeLink Duhok
AMD-R01-FDT03-FAT08,37.08028681,43.55934686,PrimeLink Duhok
AMD-R01-FDT03-FAT09,37.07192094,43.58287749,PrimeLink Duhok
AMD-R01-FDT03-FAT10,37.07140598,43.58310774,PrimeLink Duhok
AMD-R01-FDT03-FAT11,37.07501989,43.58224268,PrimeLink Duhok
AMD-R01-FDT03-FAT12,37.07408889,43.58427765,PrimeLink Duhok
AMD-R01-FDT03-FAT13,37.07419209,43.57906226,PrimeLink Duhok
AMD-R01-FDT03-FAT14,37.0741485,43.58132604,PrimeLink Duhok
AMD-R01-FDT03-FAT15,37.07236304,43.58220533,PrimeLink Duhok
AMD-R01-FDT03-FAT16,37.07217083,43.58251768,PrimeLink Duhok
AMD-R03-FDT01-FAT01,37.09934622,43.38151087,Waarpak
AMD-R03-FDT01-FAT02,37.10040943,43.38216141,Waarpak
AMD-R03-FDT01-FAT03,37.10035761,43.38108487,Waarpak
AMD-R03-FDT01-FAT04,37.10039907,43.38331288,Waarpak
AMD-R03-FDT01-FAT05,37.09855049,43.38082945,Waarpak
AMD-R03-FDT01-FAT06,37.09797248,43.37815552,Waarpak
AMD-R03-FDT01-FAT07,37.098936,43.37369593,Waarpak
AMD-R03-FDT01-FAT08,37.09850128,43.37312112,Waarpak
AMD-R03-FDT01-FAT09,37.10117273,43.3822791,Waarpak
AMD-R03-FDT01-FAT10,37.09975011,43.37538323,Waarpak
AMD-R03-FDT01-FAT11,37.09867718,43.37131554,Waarpak
AMD-R03-FDT01-FAT12,37.09914345,43.37214457,Waarpak
AMD-R03-FDT01-FAT13,37.09866422,43.37779757,Waarpak
AMD-R03-FDT01-FAT14,37.09706238,43.37939411,Waarpak
AMD-R03-FDT01-FAT15,37.09787133,43.37478406,Waarpak
AMD-R03-FDT01-FAT16,37.09771984,43.37184016,Waarpak
ARA-R01-FDT01-FAT01,36.884929,42.91038978,Strong Link Duhok
ARA-R01-FDT01-FAT02,36.8849378,42.91035466,Strong Link Duhok
ARA-R01-FDT01-FAT03,36.88494557,42.9103182,Strong Link Duhok
ARA-R01-FDT01-FAT04,36.88512613,42.90971838,Strong Link Duhok
ARA-R01-FDT01-FAT05,36.88513494,42.90968327,Strong Link Duhok
ARA-R01-FDT01-FAT06,36.8851427,42.9096468,Strong Link Duhok
ARA-R01-FDT01-FAT07,36.88532371,42.90907769,Strong Link Duhok
ARA-R01-FDT01-FAT08,36.88533251,42.90904258,Strong Link Duhok
ARA-R01-FDT01-FAT09,36.88534028,42.90900611,Strong Link Duhok
ARA-R01-FDT01-FAT10,36.885315,42.91044172,Strong Link Duhok
ARA-R01-FDT01-FAT11,36.8853238,42.9104066,Strong Link Duhok
ARA-R01-FDT01-FAT12,36.88533157,42.91037014,Strong Link Duhok
ARA-R01-FDT01-FAT13,36.88550381,42.909895,Strong Link Duhok
ARA-R01-FDT01-FAT14,36.88551261,42.90985988,Strong Link Duhok
ARA-R01-FDT01-FAT15,36.88552038,42.90982342,Strong Link Duhok
ARA-R01-FDT01-FAT16,36.88570177,42.9091902,Strong Link Duhok
ARA-R01-FDT01-FAT17,36.88571057,42.90915508,Strong Link Duhok
ARA-R01-FDT01-FAT18,36.88571833,42.90911862,Strong Link Duhok
ARA-R01-FDT01-FAT19,36.88526107,42.91117526,Strong Link Duhok
ARA-R01-FDT01-FAT20,36.88526987,42.91114015,Strong Link Duhok
ARA-R01-FDT01-FAT21,36.88527764,42.91110368,Strong Link Duhok
ARA-R01-FDT01-FAT22,36.88479944,42.9109966,Strong Link Duhok
ARA-R01-FDT01-FAT23,36.88480721,42.91096013,Strong Link Duhok
ARA-R01-FDT01-FAT24,36.88481881,42.9109233,Strong Link Duhok
ARA-R01-FDT01-FAT25,36.88406357,42.91063617,Strong Link Duhok
ARA-R01-FDT01-FAT26,36.88407238,42.91060105,Strong Link Duhok
ARA-R01-FDT01-FAT27,36.88408014,42.91056459,Strong Link Duhok
ARA-R01-FDT01-FAT28,36.88357665,42.91043694,Strong Link Duhok
ARA-R01-FDT01-FAT29,36.88358546,42.91040182,Strong Link Duhok
ARA-R01-FDT01-FAT30,36.88359322,42.91036536,Strong Link Duhok
ARA-R01-FDT01-FAT31,36.8837593,42.90985232,Strong Link Duhok
ARA-R01-FDT01-FAT32,36.8837681,42.9098172,Strong Link Duhok
ARA-R01-FDT01-FAT33,36.88377586,42.90978074,Strong Link Duhok
ARA-R01-FDT01-FAT34,36.88393308,42.90931756,Strong Link Duhok
ARA-R01-FDT01-FAT35,36.88394188,42.90928245,Strong Link Duhok
ARA-R01-FDT01-FAT36,36.88394965,42.90924598,Strong Link Duhok
ARA-R01-FDT01-FAT37,36.88411053,42.90870668,Strong Link Duhok
ARA-R01-FDT01-FAT38,36.88411933,42.90867156,Strong Link Duhok
ARA-R01-FDT01-FAT39,36.8841271,42.9086351,Strong Link Duhok
ARA-R01-FDT01-FAT40,36.88427155,42.90821052,Strong Link Duhok
ARA-R01-FDT01-FAT41,36.88428035,42.9081754,Strong Link Duhok
ARA-R01-FDT01-FAT42,36.88428812,42.90813894,Strong Link Duhok
ARA-R01-FDT01-FAT43,36.88443928,42.90765653,Strong Link Duhok
ARA-R01-FDT01-FAT44,36.88444808,42.90762142,Strong Link Duhok
ARA-R01-FDT01-FAT45,36.88445585,42.90758495,Strong Link Duhok
ARA-R01-FDT01-FAT46,36.88460079,42.90709067,Strong Link Duhok
ARA-R01-FDT01-FAT47,36.88460959,42.90705556,Strong Link Duhok
ARA-R01-FDT01-FAT48,36.88461736,42.90701909,Strong Link Duhok
ARA-R01-FDT02-FAT01,36.88542509,42.90605632,Strong Link Duhok
ARA-R01-FDT02-FAT02,36.88541732,42.90609278,Strong Link Duhok
ARA-R01-FDT02-FAT03,36.88540852,42.9061279,Strong Link Duhok
ARA-R01-FDT02-FAT04,36.88548758,42.90656573,Strong Link Duhok
ARA-R01-FDT02-FAT05,36.88547982,42.9066022,Strong Link Duhok
ARA-R01-FDT02-FAT06,36.88547102,42.90663731,Strong Link Duhok
ARA-R01-FDT02-FAT07,36.88516529,42.90692083,Strong Link Duhok
ARA-R01-FDT02-FAT08,36.88515752,42.9069573,Strong Link Duhok
ARA-R01-FDT02-FAT09,36.88514872,42.90699242,Strong Link Duhok
ARA-R01-FDT02-FAT10,36.88522462,42.90748822,Strong Link Duhok
ARA-R01-FDT02-FAT11,36.88521685,42.90752468,Strong Link Duhok
ARA-R01-FDT02-FAT12,36.88520805,42.9075598,Strong Link Duhok
ARA-R01-FDT02-FAT13,36.88488016,42.90786663,Strong Link Duhok
ARA-R01-FDT02-FAT14,36.88487239,42.9079031,Strong Link Duhok
ARA-R01-FDT02-FAT15,36.88486359,42.90793821,Strong Link Duhok
ARA-R01-FDT02-FAT16,36.88465136,42.90859497,Strong Link Duhok
ARA-R01-FDT02-FAT17,36.88464359,42.90863144,Strong Link Duhok
ARA-R01-FDT02-FAT18,36.88463479,42.90866655,Strong Link Duhok
ARA-R01-FDT02-FAT19,36.88470408,42.90915802,Strong Link Duhok
ARA-R01-FDT02-FAT20,36.88469631,42.90919448,Strong Link Duhok
ARA-R01-FDT02-FAT21,36.88468751,42.9092296,Strong Link Duhok
ARA-R01-FDT02-FAT22,36.88436696,42.90952862,Strong Link Duhok
ARA-R01-FDT02-FAT23,36.88435919,42.90956509,Strong Link Duhok
ARA-R01-FDT02-FAT24,36.88435039,42.9096002,Strong Link Duhok
ARA-R01-FDT02-FAT25,36.88443806,42.91005948,Strong Link Duhok
ARA-R01-FDT02-FAT26,36.88442729,42.91009283,Strong Link Duhok
ARA-R01-FDT02-FAT27,36.88441952,42.9101293,Strong Link Duhok
ARA-R01-FDT03-FAT01,36.88263336,42.90390954,PrimeLink Duhok
ARA-R01-FDT03-FAT02,36.8826256,42.903946,PrimeLink Duhok
ARA-R01-FDT03-FAT03,36.8826168,42.90398112,PrimeLink Duhok
ARA-R01-FDT03-FAT04,36.88260649,42.90389932,PrimeLink Duhok
ARA-R01-FDT03-FAT05,36.88259873,42.90393578,PrimeLink Duhok
ARA-R01-FDT03-FAT06,36.88258993,42.9039709,PrimeLink Duhok
ARA-R01-FDT03-FAT07,36.88257768,42.9038885,PrimeLink Duhok
ARA-R01-FDT03-FAT08,36.88256992,42.90392497,PrimeLink Duhok
ARA-R01-FDT03-FAT09,36.88256112,42.90396008,PrimeLink Duhok
ARA-R01-FDT03-FAT10,36.88237685,42.90479628,PrimeLink Duhok
ARA-R01-FDT03-FAT11,36.88236908,42.90483275,PrimeLink Duhok
ARA-R01-FDT03-FAT12,36.88236029,42.90486786,PrimeLink Duhok
ARA-R01-FDT03-FAT13,36.88234998,42.90478606,PrimeLink Duhok
ARA-R01-FDT03-FAT14,36.88234221,42.90482252,PrimeLink Duhok
ARA-R01-FDT03-FAT15,36.88233342,42.90485764,PrimeLink Duhok
ARA-R01-FDT03-FAT16,36.88232117,42.90477524,PrimeLink Duhok
ARA-R01-FDT03-FAT17,36.8823134,42.90481171,PrimeLink Duhok
ARA-R01-FDT03-FAT18,36.8823046,42.90484682,PrimeLink Duhok
ARA-R01-FDT03-FAT19,36.8821965,42.90539308,PrimeLink Duhok
ARA-R01-FDT03-FAT20,36.88218873,42.90542954,PrimeLink Duhok
ARA-R01-FDT03-FAT21,36.88217994,42.90546465,PrimeLink Duhok
ARA-R01-FDT03-FAT22,36.88216963,42.90538285,PrimeLink Duhok
ARA-R01-FDT03-FAT23,36.88216187,42.90541932,PrimeLink Duhok
ARA-R01-FDT03-FAT24,36.88215307,42.90545443,PrimeLink Duhok
ARA-R01-FDT03-FAT25,36.88214082,42.90537204,PrimeLink Duhok
ARA-R01-FDT03-FAT26,36.88213305,42.9054085,PrimeLink Duhok
ARA-R01-FDT03-FAT27,36.88212425,42.90544361,PrimeLink Duhok
ARA-R01-FDT03-FAT28,36.88195856,42.90511578,PrimeLink Duhok
ARA-R01-FDT03-FAT29,36.88245028,42.90341385,PrimeLink Duhok
ARA-R01-FDT03-FAT30,36.88323324,42.90368245,PrimeLink Duhok
ARA-R01-FDT03-FAT31,36.88321439,42.90371198,PrimeLink Duhok
ARA-R01-FDT03-FAT32,36.88319502,42.90373977,PrimeLink Duhok
ARA-R01-FDT03-FAT33,36.8832119,42.90365968,PrimeLink Duhok
ARA-R01-FDT03-FAT34,36.88319306,42.90368922,PrimeLink Duhok
ARA-R01-FDT03-FAT35,36.88317369,42.90371701,PrimeLink Duhok
ARA-R01-FDT03-FAT36,36.88318899,42.9036354,PrimeLink Duhok
ARA-R01-FDT03-FAT37,36.88317014,42.90366494,PrimeLink Duhok
ARA-R01-FDT03-FAT38,36.88315077,42.90369273,PrimeLink Duhok
ARA-R01-FDT03-FAT39,36.88359648,42.90406151,PrimeLink Duhok
ARA-R01-FDT03-FAT40,36.88357763,42.90409105,PrimeLink Duhok
ARA-R01-FDT03-FAT41,36.88355827,42.90411884,PrimeLink Duhok
ARA-R01-FDT03-FAT42,36.88357515,42.90403875,PrimeLink Duhok
ARA-R01-FDT03-FAT43,36.8835563,42.90406829,PrimeLink Duhok
ARA-R01-FDT03-FAT44,36.88353694,42.90409607,PrimeLink Duhok
ARA-R01-FDT03-FAT45,36.88355223,42.90401447,PrimeLink Duhok
ARA-R01-FDT03-FAT46,36.88353338,42.90404401,PrimeLink Duhok
ARA-R01-FDT03-FAT47,36.88351402,42.9040718,PrimeLink Duhok
ARA-R01-FDT03-FAT48,36.88280776,42.90332841,PrimeLink Duhok
ARA-R01-FDT03-FAT49,36.88279999,42.90336488,PrimeLink Duhok
ARA-R01-FDT03-FAT50,36.88279119,42.90339999,PrimeLink Duhok
ARA-R01-FDT03-FAT51,36.88278089,42.90331819,PrimeLink Duhok
ARA-R01-FDT03-FAT52,36.88277312,42.90335465,PrimeLink Duhok
ARA-R01-FDT03-FAT53,36.88276432,42.90338977,PrimeLink Duhok
ARA-R01-FDT03-FAT54,36.88275208,42.90330738,PrimeLink Duhok
ARA-R01-FDT03-FAT55,36.88274431,42.90334384,PrimeLink Duhok
ARA-R01-FDT03-FAT56,36.88273551,42.90337895,PrimeLink Duhok
ARA-R01-FDT04-FAT01,36.8840937,42.90458039,PrimeLink Duhok
ARA-R01-FDT04-FAT02,36.88407485,42.90460993,PrimeLink Duhok
ARA-R01-FDT04-FAT03,36.88405549,42.90463772,PrimeLink Duhok
ARA-R01-FDT04-FAT04,36.88407237,42.90455763,PrimeLink Duhok
ARA-R01-FDT04-FAT05,36.88405352,42.90458717,PrimeLink Duhok
ARA-R01-FDT04-FAT06,36.88403416,42.90461496,PrimeLink Duhok
ARA-R01-FDT04-FAT07,36.88404945,42.90453335,PrimeLink Duhok
ARA-R01-FDT04-FAT08,36.8840306,42.90456289,PrimeLink Duhok
ARA-R01-FDT04-FAT09,36.88401124,42.90459068,PrimeLink Duhok
ARA-R01-FDT04-FAT10,36.88446155,42.90496427,PrimeLink Duhok
ARA-R01-FDT04-FAT11,36.8844427,42.90499381,PrimeLink Duhok
ARA-R01-FDT04-FAT12,36.88442333,42.9050216,PrimeLink Duhok
ARA-R01-FDT04-FAT13,36.88444022,42.90494151,PrimeLink Duhok
ARA-R01-FDT04-FAT14,36.88442137,42.90497105,PrimeLink Duhok
ARA-R01-FDT04-FAT15,36.884402,42.90499883,PrimeLink Duhok
ARA-R01-FDT04-FAT16,36.8844173,42.90491723,PrimeLink Duhok
ARA-R01-FDT04-FAT17,36.88439845,42.90494677,PrimeLink Duhok
ARA-R01-FDT04-FAT18,36.88437908,42.90497456,PrimeLink Duhok
ARA-R01-FDT04-FAT19,36.88259894,42.90562503,PrimeLink Duhok
ARA-R01-FDT04-FAT20,36.88259117,42.90566149,PrimeLink Duhok
ARA-R01-FDT04-FAT21,36.88258237,42.90569661,PrimeLink Duhok
ARA-R01-FDT04-FAT22,36.88257207,42.9056148,PrimeLink Duhok
ARA-R01-FDT04-FAT23,36.8825643,42.90565127,PrimeLink Duhok
ARA-R01-FDT04-FAT24,36.8825555,42.90568638,PrimeLink Duhok
ARA-R01-FDT04-FAT25,36.88254326,42.90560399,PrimeLink Duhok
ARA-R01-FDT04-FAT26,36.88253549,42.90564045,PrimeLink Duhok
ARA-R01-FDT04-FAT27,36.88252669,42.90567557,PrimeLink Duhok
ARA-R01-FDT04-FAT28,36.88304725,42.9058326,PrimeLink Duhok
ARA-R01-FDT04-FAT29,36.88303948,42.90586906,PrimeLink Duhok
ARA-R01-FDT04-FAT30,36.88303068,42.90590418,PrimeLink Duhok
ARA-R01-FDT04-FAT31,36.88302038,42.90582238,PrimeLink Duhok
ARA-R01-FDT04-FAT32,36.88301262,42.90585884,PrimeLink Duhok
ARA-R01-FDT04-FAT33,36.88300382,42.90589395,PrimeLink Duhok
ARA-R01-FDT04-FAT34,36.88299157,42.90581156,PrimeLink Duhok
ARA-R01-FDT04-FAT35,36.8829838,42.90584802,PrimeLink Duhok
ARA-R01-FDT04-FAT36,36.882975,42.90588314,PrimeLink Duhok
ARA-R01-FDT04-FAT37,36.88349357,42.90604024,PrimeLink Duhok
ARA-R01-FDT04-FAT38,36.88348581,42.90607671,PrimeLink Duhok
ARA-R01-FDT04-FAT39,36.88347701,42.90611182,PrimeLink Duhok
ARA-R01-FDT04-FAT40,36.88346671,42.90603002,PrimeLink Duhok
ARA-R01-FDT04-FAT41,36.88345894,42.90606648,PrimeLink Duhok
ARA-R01-FDT04-FAT42,36.88345014,42.9061016,PrimeLink Duhok
ARA-R01-FDT04-FAT43,36.88343789,42.9060192,PrimeLink Duhok
ARA-R01-FDT04-FAT44,36.88343013,42.90605567,PrimeLink Duhok
ARA-R01-FDT04-FAT45,36.88342133,42.90609078,PrimeLink Duhok
ARA-R01-FDT04-FAT46,36.88393792,42.90623565,PrimeLink Duhok
ARA-R01-FDT04-FAT47,36.88393016,42.90627211,PrimeLink Duhok
ARA-R01-FDT04-FAT48,36.88392136,42.90630723,PrimeLink Duhok
ARA-R01-FDT04-FAT49,36.88391106,42.90622543,PrimeLink Duhok
ARA-R01-FDT04-FAT50,36.88390329,42.90626189,PrimeLink Duhok
ARA-R01-FDT04-FAT51,36.88389449,42.90629701,PrimeLink Duhok
ARA-R01-FDT04-FAT52,36.88388224,42.90621461,PrimeLink Duhok
ARA-R01-FDT04-FAT53,36.88387448,42.90625107,PrimeLink Duhok
ARA-R01-FDT04-FAT54,36.88386568,42.90628619,PrimeLink Duhok
AVR-R01-FDT01-FAT01,36.85708131,42.90913514,Fiber Speed (Duhok)
AVR-R01-FDT01-FAT02,36.85705799,42.90913204,Fiber Speed (Duhok)
AVR-R01-FDT01-FAT03,36.85733262,42.90740125,Fiber Speed (Duhok)
AVR-R01-FDT01-FAT04,36.85733447,42.9073734,Fiber Speed (Duhok)
AVR-R01-FDT01-FAT05,36.85682354,42.90738671,Fiber Speed (Duhok)
AVR-R01-FDT01-FAT06,36.85580776,42.90729298,Fiber Speed (Duhok)
AVR-R01-FDT01-FAT07,36.85631561,42.90730755,Fiber Speed (Duhok)
AVR-R01-FDT01-FAT08,36.85635573,42.90679281,Fiber Speed (Duhok)
AVR-R01-FDT01-FAT09,36.85637437,42.90622556,Fiber Speed (Duhok)
AVR-R01-FDT01-FAT10,36.85635106,42.90622247,Fiber Speed (Duhok)
AVR-R01-FDT01-FAT11,36.85693322,42.90630847,Fiber Speed (Duhok)
AVR-R01-FDT01-FAT12,36.85695654,42.90631156,Fiber Speed (Duhok)
AVR-R01-FDT01-FAT13,36.85685311,42.9068491,Fiber Speed (Duhok)
AVR-R01-FDT01-FAT14,36.85796414,42.90648778,Fiber Speed (Duhok)
AVR-R01-FDT01-FAT15,36.85794083,42.90648469,Fiber Speed (Duhok)
AVR-R01-FDT01-FAT16,36.85802495,42.90586611,Fiber Speed (Duhok)
AVR-R01-FDT01-FAT17,36.85800164,42.90586302,Fiber Speed (Duhok)
AVR-R01-FDT01-FAT18,36.85749742,42.9057932,Fiber Speed (Duhok)
AVR-R01-FDT01-FAT19,36.85749558,42.90582105,Fiber Speed (Duhok)
AVR-R01-FDT01-FAT20,36.8569584,42.90574811,Fiber Speed (Duhok)
AVR-R01-FDT01-FAT21,36.85698172,42.9057512,Fiber Speed (Duhok)
AVR-R01-FDT01-FAT22,36.85643063,42.90564489,Fiber Speed (Duhok)
AVR-R01-FDT01-FAT23,36.85642878,42.90567274,Fiber Speed (Duhok)
AVR-R01-FDT01-FAT24,36.85593286,42.90558149,Fiber Speed (Duhok)
AVR-R01-FDT01-FAT25,36.85593102,42.90560934,Fiber Speed (Duhok)
AVR-R01-FDT01-FAT26,36.85544055,42.9055242,Fiber Speed (Duhok)
AVR-R01-FDT01-FAT27,36.85543871,42.90555206,Fiber Speed (Duhok)
AVR-R01-FDT01-FAT28,36.85539228,42.90610657,Fiber Speed (Duhok)
AVR-R01-FDT01-FAT29,36.8554156,42.90610966,Fiber Speed (Duhok)
AVR-R01-FDT01-FAT30,36.85533862,42.9066574,Fiber Speed (Duhok)
AVR-R01-FDT01-FAT31,36.85536194,42.9066605,Fiber Speed (Duhok)
AVR-R01-FDT01-FAT32,36.85528693,42.90723592,Fiber Speed (Duhok)
AVR-R01-FDT01-FAT33,36.85531025,42.90723901,Fiber Speed (Duhok)
AVR-R01-FDT01-FAT34,36.85790934,42.90706515,Fiber Speed (Duhok)
AVR-R01-FDT01-FAT35,36.85788602,42.90706205,Fiber Speed (Duhok)
AVR-R01-FDT01-FAT36,36.85699009,42.9103156,Fiber Speed (Duhok)
AVR-R01-FDT01-FAT37,36.85696058,42.91031231,Fiber Speed (Duhok)
AVR-R01-FDT01-FAT38,36.85746086,42.91037868,Fiber Speed (Duhok)
AVR-R01-FDT01-FAT39,36.85749038,42.91038197,Fiber Speed (Duhok)
AVR-R01-FDT01-FAT40,36.85740882,42.91100633,Fiber Speed (Duhok)
AVR-R01-FDT01-FAT41,36.85743834,42.91100962,Fiber Speed (Duhok)
AVR-R01-FDT01-FAT42,36.85691966,42.91096661,Fiber Speed (Duhok)
AVR-R01-FDT01-FAT43,36.85692005,42.91093919,Fiber Speed (Duhok)
AVR-R01-FDT01-FAT44,36.85642061,42.91090213,Fiber Speed (Duhok)
AVR-R01-FDT01-FAT45,36.85596603,42.91084182,Fiber Speed (Duhok)
AVR-R01-FDT01-FAT46,36.85550863,42.91078114,Fiber Speed (Duhok)
AVR-R01-FDT01-FAT47,36.85702264,42.90975527,Fiber Speed (Duhok)
AVR-R01-FDT01-FAT48,36.85702449,42.90972742,Fiber Speed (Duhok)
AVR-R01-FDT01-FAT49,36.85653462,42.9096899,Fiber Speed (Duhok)
AVR-R01-FDT01-FAT50,36.85653647,42.90966204,Fiber Speed (Duhok)
AVR-R01-FDT01-FAT51,36.85603891,42.90960831,Fiber Speed (Duhok)
AVR-R01-FDT01-FAT52,36.85604134,42.90957995,Fiber Speed (Duhok)
AVR-R01-FDT01-FAT53,36.85598788,42.91020361,Fiber Speed (Duhok)
AVR-R01-FDT01-FAT54,36.85598545,42.91023197,Fiber Speed (Duhok)
AVR-R01-FDT01-FAT55,36.85510648,42.90948024,Fiber Speed (Duhok)
AVR-R01-FDT01-FAT56,36.85510832,42.90945239,Fiber Speed (Duhok)
AVR-R01-FDT01-FAT57,36.85504322,42.91006426,Fiber Speed (Duhok)
AVR-R01-FDT01-FAT58,36.85506659,42.91006736,Fiber Speed (Duhok)
AVR-R01-FDT01-FAT59,36.85499127,42.91067031,Fiber Speed (Duhok)
AVR-R01-FDT01-FAT60,36.85501464,42.91067341,Fiber Speed (Duhok)
AVR-R01-FDT01-FAT61,36.85449714,42.91071274,Fiber Speed (Duhok)
AVR-R01-FDT01-FAT62,36.85658117,42.9090711,Fiber Speed (Duhok)
AVR-R01-FDT01-FAT63,36.85611606,42.90902313,Fiber Speed (Duhok)
AVR-R01-FDT01-FAT64,36.85565026,42.90896145,Fiber Speed (Duhok)
AVR-R01-FDT01-FAT65,36.85564783,42.90898981,Fiber Speed (Duhok)
AVR-R01-FDT01-FAT66,36.8551605,42.90884363,Fiber Speed (Duhok)
AVR-R01-FDT01-FAT67,36.85515865,42.90887148,Fiber Speed (Duhok)
AVR-R01-FDT02-FAT01,36.86040285,42.91026435,Fiber Speed (Duhok)
AVR-R01-FDT02-FAT02,36.86085621,42.91088897,Fiber Speed (Duhok)
AVR-R01-FDT02-FAT03,36.86129041,42.91095249,Fiber Speed (Duhok)
AVR-R01-FDT02-FAT04,36.86177069,42.91122785,Fiber Speed (Duhok)
AVR-R01-FDT02-FAT05,36.86175524,42.91125096,Fiber Speed (Duhok)
AVR-R01-FDT02-FAT06,36.86210225,42.91170484,Fiber Speed (Duhok)
AVR-R01-FDT02-FAT07,36.86208419,42.91172221,Fiber Speed (Duhok)
AVR-R01-FDT02-FAT08,36.86122832,42.91038673,Fiber Speed (Duhok)
AVR-R01-FDT02-FAT09,36.86169421,42.9105208,Fiber Speed (Duhok)
AVR-R01-FDT02-FAT10,36.86170272,42.91049748,Fiber Speed (Duhok)
AVR-R01-FDT02-FAT11,36.86225853,42.91101856,Fiber Speed (Duhok)
AVR-R01-FDT02-FAT12,36.86227774,42.91100079,Fiber Speed (Duhok)
AVR-R01-FDT02-FAT13,36.86229576,42.91098336,Fiber Speed (Duhok)
AVR-R01-FDT02-FAT14,36.86258093,42.91153091,Fiber Speed (Duhok)
AVR-R01-FDT02-FAT15,36.86260014,42.91151315,Fiber Speed (Duhok)
AVR-R01-FDT02-FAT16,36.86261816,42.91149571,Fiber Speed (Duhok)
AVR-R01-FDT02-FAT17,36.86302388,42.91191269,Fiber Speed (Duhok)
AVR-R01-FDT02-FAT18,36.86348506,42.91197233,Fiber Speed (Duhok)
AVR-R01-FDT02-FAT19,36.86398154,42.91204011,Fiber Speed (Duhok)
AVR-R01-FDT02-FAT20,36.86446354,42.91210063,Fiber Speed (Duhok)
AVR-R01-FDT02-FAT21,36.86443578,42.91209677,Fiber Speed (Duhok)
AVR-R01-FDT02-FAT22,36.86367792,42.91106835,Fiber Speed (Duhok)
AVR-R01-FDT02-FAT23,36.86036044,42.91083526,Fiber Speed (Duhok)
AVR-R01-FDT02-FAT24,36.86038996,42.91083856,Fiber Speed (Duhok)
AVR-R01-FDT02-FAT25,36.86032949,42.91146525,Fiber Speed (Duhok)
AVR-R01-FDT02-FAT26,36.86033192,42.91143689,Fiber Speed (Duhok)
AVR-R01-FDT02-FAT27,36.86085185,42.9115571,Fiber Speed (Duhok)
AVR-R01-FDT02-FAT28,36.86085428,42.91152874,Fiber Speed (Duhok)
AVR-R01-FDT02-FAT29,36.86137493,42.91164908,Fiber Speed (Duhok)
AVR-R01-FDT02-FAT30,36.86137736,42.91162071,Fiber Speed (Duhok)
AVR-R01-FDT02-FAT31,36.85991954,42.91079384,Fiber Speed (Duhok)
AVR-R01-FDT02-FAT32,36.85989002,42.91079055,Fiber Speed (Duhok)
AVR-R01-FDT02-FAT33,36.85987335,42.91138326,Fiber Speed (Duhok)
AVR-R01-FDT02-FAT34,36.85984383,42.91137996,Fiber Speed (Duhok)
AVR-R01-FDT02-FAT35,36.85932256,42.91128356,Fiber Speed (Duhok)
AVR-R01-FDT02-FAT36,36.85932499,42.9112552,Fiber Speed (Duhok)
AVR-R01-FDT02-FAT37,36.85884774,42.91121387,Fiber Speed (Duhok)
AVR-R01-FDT02-FAT38,36.85885017,42.91118551,Fiber Speed (Duhok)
AVR-R01-FDT02-FAT39,36.85837318,42.91115291,Fiber Speed (Duhok)
AVR-R01-FDT02-FAT40,36.85837561,42.91112455,Fiber Speed (Duhok)
AVR-R01-FDT02-FAT41,36.85789911,42.91108955,Fiber Speed (Duhok)
AVR-R01-FDT02-FAT42,36.85790154,42.91106119,Fiber Speed (Duhok)
AVR-R01-FDT02-FAT43,36.8599966,42.91022441,Fiber Speed (Duhok)
AVR-R01-FDT02-FAT44,36.8599982,42.91019604,Fiber Speed (Duhok)
AVR-R01-FDT02-FAT45,36.86000053,42.91016725,Fiber Speed (Duhok)
AVR-R01-FDT02-FAT46,36.85952308,42.91016139,Fiber Speed (Duhok)
AVR-R01-FDT02-FAT47,36.85952551,42.91013303,Fiber Speed (Duhok)
AVR-R01-FDT02-FAT48,36.85893722,42.91059107,Fiber Speed (Duhok)
AVR-R01-FDT02-FAT49,36.85893479,42.91061944,Fiber Speed (Duhok)
AVR-R01-FDT02-FAT50,36.85842563,42.91049892,Fiber Speed (Duhok)
AVR-R01-FDT02-FAT51,36.85839611,42.91049563,Fiber Speed (Duhok)
AVR-R01-FDT02-FAT52,36.85872102,42.91002915,Fiber Speed (Duhok)
AVR-R01-FDT02-FAT53,36.86005432,42.90962862,Fiber Speed (Duhok)
AVR-R01-FDT02-FAT54,36.86002481,42.90962533,Fiber Speed (Duhok)
AVR-R01-FDT02-FAT55,36.86044312,42.90964958,Fiber Speed (Duhok)
AVR-R01-FDT02-FAT56,36.86044003,42.90968218,Fiber Speed (Duhok)
AVR-R01-FDT02-FAT57,36.86043784,42.90971535,Fiber Speed (Duhok)
AVR-R01-FDT02-FAT58,36.86088361,42.90972511,Fiber Speed (Duhok)
AVR-R01-FDT02-FAT59,36.8608812,42.9097544,Fiber Speed (Duhok)
AVR-R01-FDT02-FAT60,36.8613208,42.90976889,Fiber Speed (Duhok)
AVR-R01-FDT02-FAT61,36.86131772,42.9098015,Fiber Speed (Duhok)
AVR-R01-FDT02-FAT62,36.86131552,42.90983466,Fiber Speed (Duhok)
AVR-R01-FDT02-FAT63,36.86176608,42.90984509,Fiber Speed (Duhok)
AVR-R01-FDT02-FAT64,36.86176367,42.90987438,Fiber Speed (Duhok)
AVR-R01-FDT02-FAT65,36.86225405,42.90998578,Fiber Speed (Duhok)
AVR-R01-FDT02-FAT66,36.86223988,42.91000653,Fiber Speed (Duhok)
AVR-R01-FDT02-FAT67,36.8637587,42.91152155,Fiber Speed (Duhok)
AVR-R01-FDT02-FAT68,36.86336106,42.9112365,Fiber Speed (Duhok)
AVR-R01-FDT02-FAT69,36.86298581,42.9109276,Fiber Speed (Duhok)
AVR-R01-FDT02-FAT70,36.86296876,42.91094809,Fiber Speed (Duhok)
AVR-R01-FDT02-FAT71,36.86259282,42.91054572,Fiber Speed (Duhok)
AVR-R01-FDT02-FAT72,36.86260794,42.91052865,Fiber Speed (Duhok)
AVR-R01-FDT02-FAT73,36.86340136,42.91122946,Fiber Speed (Duhok)
AVR-R01-FDT02-FAT74,36.86296483,42.9109748,Fiber Speed (Duhok)
AVR-R01-FDT02-FAT75,36.863785,42.91154652,Fiber Speed (Duhok)
AVR-R01-FDT02-FAT76,36.86338834,42.91125169,Fiber Speed (Duhok)
AVR-R01-FDT02-FAT77,36.86222721,42.91002816,Fiber Speed (Duhok)
AVR-R01-FDT02-FAT78,36.86262177,42.91051157,Fiber Speed (Duhok)
AVR-R01-FDT02-FAT79,36.86970754,42.91777192,Fiber Speed (Duhok)
AVR-R01-FDT02-FAT80,36.86300042,42.91193084,Fiber Speed (Duhok)
AVR-R01-FDT02-FAT81,36.86349072,42.91199455,Fiber Speed (Duhok)
AVR-R01-FDT02-FAT82,36.86396398,42.91206424,Fiber Speed (Duhok)
AVR-R01-FDT03-FAT01,36.86181997,42.90924427,Fiber Speed (Duhok)
AVR-R01-FDT03-FAT02,36.8618223,42.90921549,Fiber Speed (Duhok)
AVR-R01-FDT03-FAT03,36.86136859,42.90921632,Fiber Speed (Duhok)
AVR-R01-FDT03-FAT04,36.86137019,42.90918794,Fiber Speed (Duhok)
AVR-R01-FDT03-FAT05,36.86137252,42.90915916,Fiber Speed (Duhok)
AVR-R01-FDT03-FAT06,36.8609201,42.90907661,Fiber Speed (Duhok)
AVR-R01-FDT03-FAT07,36.86092171,42.90904824,Fiber Speed (Duhok)
AVR-R01-FDT03-FAT08,36.86092403,42.90901945,Fiber Speed (Duhok)
AVR-R01-FDT03-FAT09,36.86043875,42.9090129,Fiber Speed (Duhok)
AVR-R01-FDT03-FAT10,36.86044035,42.90898452,Fiber Speed (Duhok)
AVR-R01-FDT03-FAT11,36.86044268,42.90895574,Fiber Speed (Duhok)
AVR-R01-FDT03-FAT12,36.85995762,42.90894906,Fiber Speed (Duhok)
AVR-R01-FDT03-FAT13,36.85995922,42.90892069,Fiber Speed (Duhok)
AVR-R01-FDT03-FAT14,36.85996155,42.9088919,Fiber Speed (Duhok)
AVR-R01-FDT03-FAT15,36.85948112,42.90887484,Fiber Speed (Duhok)
AVR-R01-FDT03-FAT16,36.85948273,42.90884646,Fiber Speed (Duhok)
AVR-R01-FDT03-FAT17,36.85948505,42.90881768,Fiber Speed (Duhok)
AVR-R01-FDT03-FAT18,36.85900817,42.90883313,Fiber Speed (Duhok)
AVR-R01-FDT03-FAT19,36.85900977,42.90880476,Fiber Speed (Duhok)
AVR-R01-FDT03-FAT20,36.8590121,42.90877597,Fiber Speed (Duhok)
AVR-R01-FDT03-FAT21,36.85851191,42.90937605,Fiber Speed (Duhok)
AVR-R01-FDT03-FAT22,36.85902012,42.90944511,Fiber Speed (Duhok)
AVR-R01-FDT03-FAT23,36.85955453,42.90953265,Fiber Speed (Duhok)
AVR-R01-FDT03-FAT24,36.8595521,42.90956101,Fiber Speed (Duhok)
AVR-R01-FDT03-FAT25,36.86170454,42.9082366,Fiber Speed (Duhok)
AVR-R01-FDT03-FAT26,36.86170221,42.90826539,Fiber Speed (Duhok)
AVR-R01-FDT03-FAT27,36.8612346,42.90829104,Fiber Speed (Duhok)
AVR-R01-FDT03-FAT28,36.86123227,42.90831983,Fiber Speed (Duhok)
AVR-R01-FDT03-FAT29,36.86123066,42.9083482,Fiber Speed (Duhok)
AVR-R01-FDT03-FAT30,36.86074866,42.90826016,Fiber Speed (Duhok)
AVR-R01-FDT03-FAT31,36.86074633,42.90828895,Fiber Speed (Duhok)
AVR-R01-FDT03-FAT32,36.86074472,42.90831732,Fiber Speed (Duhok)
AVR-R01-FDT03-FAT33,36.86026225,42.90822926,Fiber Speed (Duhok)
AVR-R01-FDT03-FAT34,36.86025992,42.90825805,Fiber Speed (Duhok)
AVR-R01-FDT03-FAT35,36.86025832,42.90828642,Fiber Speed (Duhok)
AVR-R01-FDT03-FAT36,36.85977631,42.90819839,Fiber Speed (Duhok)
AVR-R01-FDT03-FAT37,36.85977398,42.90822717,Fiber Speed (Duhok)
AVR-R01-FDT03-FAT38,36.85977237,42.90825555,Fiber Speed (Duhok)
AVR-R01-FDT03-FAT39,36.8593092,42.90813047,Fiber Speed (Duhok)
AVR-R01-FDT03-FAT40,36.85930687,42.90815926,Fiber Speed (Duhok)
AVR-R01-FDT03-FAT41,36.85930527,42.90818763,Fiber Speed (Duhok)
AVR-R01-FDT03-FAT42,36.85886835,42.90810246,Fiber Speed (Duhok)
AVR-R01-FDT03-FAT43,36.85886602,42.90813125,Fiber Speed (Duhok)
AVR-R01-FDT03-FAT44,36.85886441,42.90815962,Fiber Speed (Duhok)
AVR-R01-FDT03-FAT45,36.85779493,42.90817265,Fiber Speed (Duhok)
AVR-R01-FDT03-FAT46,36.85778347,42.90819912,Fiber Speed (Duhok)
AVR-R01-FDT03-FAT47,36.85804132,42.90852376,Fiber Speed (Duhok)
AVR-R01-FDT03-FAT48,36.85801307,42.90853444,Fiber Speed (Duhok)
AVR-R01-FDT03-FAT49,36.85808547,42.90921582,Fiber Speed (Duhok)
AVR-R01-FDT03-FAT50,36.85806256,42.90920045,Fiber Speed (Duhok)
AVR-R01-FDT03-FAT51,36.8576903,42.90973807,Fiber Speed (Duhok)
AVR-R01-FDT03-FAT52,36.85768303,42.90970788,Fiber Speed (Duhok)
AVR-R01-FDT03-FAT53,36.85825639,42.90994895,Fiber Speed (Duhok)
AVR-R01-FDT03-FAT54,36.8610342,42.90759359,Fiber Speed (Duhok)
AVR-R01-FDT03-FAT55,36.8610584,42.90759537,Fiber Speed (Duhok)
AVR-R01-FDT03-FAT56,36.86108386,42.90759761,Fiber Speed (Duhok)
AVR-R01-FDT03-FAT57,36.86106733,42.9069499,Fiber Speed (Duhok)
AVR-R01-FDT03-FAT58,36.86109153,42.90695168,Fiber Speed (Duhok)
AVR-R01-FDT03-FAT59,36.86111698,42.90695392,Fiber Speed (Duhok)
AVR-R01-FDT03-FAT60,36.86113106,42.90643114,Fiber Speed (Duhok)
AVR-R01-FDT03-FAT61,36.86113266,42.90640277,Fiber Speed (Duhok)
AVR-R01-FDT03-FAT62,36.86113499,42.90637398,Fiber Speed (Duhok)
AVR-R01-FDT03-FAT63,36.86155682,42.90642652,Fiber Speed (Duhok)
AVR-R01-FDT03-FAT64,36.86155843,42.90639814,Fiber Speed (Duhok)
AVR-R01-FDT03-FAT65,36.86156076,42.90636936,Fiber Speed (Duhok)
AVR-R01-FDT03-FAT66,36.8619738,42.90653366,Fiber Speed (Duhok)
AVR-R01-FDT03-FAT67,36.86197541,42.90650529,Fiber Speed (Duhok)
AVR-R01-FDT03-FAT68,36.86197773,42.9064765,Fiber Speed (Duhok)
AVR-R01-FDT03-FAT69,36.86239517,42.90658492,Fiber Speed (Duhok)
AVR-R01-FDT03-FAT70,36.86239677,42.90655655,Fiber Speed (Duhok)
AVR-R01-FDT03-FAT71,36.8623991,42.90652776,Fiber Speed (Duhok)
AVR-R01-FDT03-FAT72,36.86249009,42.90807313,Fiber Speed (Duhok)
AVR-R01-FDT03-FAT73,36.85837632,42.90806996,Fiber Speed (Duhok)
AVR-R01-FDT03-FAT74,36.85837353,42.90809706,Fiber Speed (Duhok)
AVR-R01-FDT03-FAT75,36.85843558,42.90815337,Fiber Speed (Duhok)
AVR-R01-FDT03-FAT76,36.85841456,42.90816625,Fiber Speed (Duhok)
AVR-R01-FDT03-FAT77,36.85864083,42.90874628,Fiber Speed (Duhok)
AVR-R01-FDT03-FAT78,36.85861723,42.90875263,Fiber Speed (Duhok)
AVR-R01-FDT03-FAT79,36.8585974,42.90875603,Fiber Speed (Duhok)
AVR-R01-FDT03-FAT80,36.85857548,42.90876077,Fiber Speed (Duhok)
AVR-R01-FDT04-FAT01,36.86198894,42.90770488,Fiber Speed (Duhok)
AVR-R01-FDT04-FAT02,36.86199054,42.9076765,Fiber Speed (Duhok)
AVR-R01-FDT04-FAT03,36.86199287,42.90764772,Fiber Speed (Duhok)
AVR-R01-FDT04-FAT04,36.86324437,42.90668824,Fiber Speed (Duhok)
AVR-R01-FDT04-FAT05,36.86324598,42.90665986,Fiber Speed (Duhok)
AVR-R01-FDT04-FAT06,36.8632483,42.90663108,Fiber Speed (Duhok)
AVR-R01-FDT04-FAT07,36.86286837,42.90640446,Fiber Speed (Duhok)
AVR-R01-FDT04-FAT08,36.86284292,42.90640222,Fiber Speed (Duhok)
AVR-R01-FDT04-FAT09,36.86281872,42.90640044,Fiber Speed (Duhok)
AVR-R01-FDT04-FAT10,36.86365568,42.90673828,Fiber Speed (Duhok)
AVR-R01-FDT04-FAT11,36.86365728,42.9067099,Fiber Speed (Duhok)
AVR-R01-FDT04-FAT12,36.86365961,42.90668112,Fiber Speed (Duhok)
AVR-R01-FDT04-FAT13,36.86408028,42.90678993,Fiber Speed (Duhok)
AVR-R01-FDT04-FAT14,36.86408188,42.90676156,Fiber Speed (Duhok)
AVR-R01-FDT04-FAT15,36.86408421,42.90673277,Fiber Speed (Duhok)
AVR-R01-FDT04-FAT16,36.86449593,42.90680805,Fiber Speed (Duhok)
AVR-R01-FDT04-FAT17,36.86452013,42.90680982,Fiber Speed (Duhok)
AVR-R01-FDT04-FAT18,36.86454559,42.90681206,Fiber Speed (Duhok)
AVR-R01-FDT04-FAT19,36.86391584,42.90726591,Fiber Speed (Duhok)
AVR-R01-FDT04-FAT20,36.86391351,42.9072947,Fiber Speed (Duhok)
AVR-R01-FDT04-FAT21,36.8639119,42.90732307,Fiber Speed (Duhok)
AVR-R01-FDT04-FAT22,36.86214017,42.90710943,Fiber Speed (Duhok)
AVR-R01-FDT04-FAT23,36.86213784,42.90713822,Fiber Speed (Duhok)
AVR-R01-FDT04-FAT24,36.86213624,42.90716659,Fiber Speed (Duhok)
AVR-R01-FDT04-FAT25,36.86279709,42.90715228,Fiber Speed (Duhok)
AVR-R01-FDT04-FAT26,36.86279476,42.90718107,Fiber Speed (Duhok)
AVR-R01-FDT04-FAT27,36.86279316,42.90720944,Fiber Speed (Duhok)
AVR-R01-FDT04-FAT28,36.86338822,42.90722497,Fiber Speed (Duhok)
AVR-R01-FDT04-FAT29,36.86338589,42.90725376,Fiber Speed (Duhok)
AVR-R01-FDT04-FAT30,36.86338429,42.90728214,Fiber Speed (Duhok)
AVR-R01-FDT04-FAT31,36.86252097,42.90773596,Fiber Speed (Duhok)
AVR-R01-FDT04-FAT32,36.86252258,42.90770758,Fiber Speed (Duhok)
AVR-R01-FDT04-FAT33,36.8625249,42.9076788,Fiber Speed (Duhok)
AVR-R01-FDT04-FAT34,36.86304119,42.90777332,Fiber Speed (Duhok)
AVR-R01-FDT04-FAT35,36.8630428,42.90774495,Fiber Speed (Duhok)
AVR-R01-FDT04-FAT36,36.86304513,42.90771616,Fiber Speed (Duhok)
AVR-R01-FDT04-FAT37,36.86304598,42.90812111,Fiber Speed (Duhok)
AVR-R01-FDT04-FAT38,36.86363366,42.90784129,Fiber Speed (Duhok)
AVR-R01-FDT04-FAT39,36.86363527,42.90781291,Fiber Speed (Duhok)
AVR-R01-FDT04-FAT40,36.8636376,42.90778413,Fiber Speed (Duhok)
AVR-R01-FDT04-FAT41,36.86436907,42.90785633,Fiber Speed (Duhok)
AVR-R01-FDT04-FAT42,36.86437067,42.90782795,Fiber Speed (Duhok)
AVR-R01-FDT04-FAT43,36.864373,42.90779916,Fiber Speed (Duhok)
AVR-R01-FDT04-FAT44,36.8657354,42.91017122,Fiber Speed (Duhok)
AVR-R01-FDT04-FAT45,36.86475963,42.9074873,Fiber Speed (Duhok)
AVR-R01-FDT04-FAT46,36.86476158,42.90745137,Fiber Speed (Duhok)
AVR-R01-FDT04-FAT47,36.86515874,42.90792893,Fiber Speed (Duhok)
AVR-R01-FDT04-FAT48,36.86516015,42.90788811,Fiber Speed (Duhok)
AVR-R01-FDT04-FAT49,36.86496554,42.90682489,Fiber Speed (Duhok)
AVR-R01-FDT04-FAT50,36.86496294,42.9068548,Fiber Speed (Duhok)
AVR-R01-FDT04-FAT51,36.86538868,42.90687171,Fiber Speed (Duhok)
AVR-R01-FDT04-FAT52,36.86538242,42.906908,Fiber Speed (Duhok)
AVR-R01-FDT04-FAT53,36.86582985,42.9069315,Fiber Speed (Duhok)
AVR-R01-FDT04-FAT54,36.86582763,42.90696341,Fiber Speed (Duhok)
AVR-R01-FDT04-FAT55,36.86476336,42.90741841,Fiber Speed (Duhok)
AVR-R01-FDT04-FAT56,36.86513807,42.9079249,Fiber Speed (Duhok)
AVR-R01-FDT04-FAT57,36.86538467,42.90692458,Fiber Speed (Duhok)
AVR-R02-FDT01-FAT01,36.85326178,42.8850442,Fiber Speed (Duhok)
AVR-R02-FDT01-FAT02,36.85317556,42.88505528,Fiber Speed (Duhok)
AVR-R02-FDT01-FAT03,36.85234066,42.88525946,Fiber Speed (Duhok)
AVR-R02-FDT01-FAT04,36.85235954,42.88535367,Fiber Speed (Duhok)
AVR-R02-FDT01-FAT05,36.85311105,42.8850321,Fiber Speed (Duhok)
AVR-R02-FDT01-FAT06,36.85230441,42.88546424,Fiber Speed (Duhok)
BRD-R01-FDT01-FAT01,36.50672321,43.58693269,Waarpak
BRD-R01-FDT01-FAT02,36.50659679,43.58790387,Waarpak
BRD-R01-FDT01-FAT03,36.50585116,43.58825168,Waarpak
BRD-R01-FDT01-FAT04,36.50637115,43.58923153,Waarpak
BRD-R01-FDT01-FAT05,36.50628108,43.5896833,Waarpak
BRD-R01-FDT01-FAT06,36.50572381,43.59026869,Waarpak
BRD-R01-FDT01-FAT07,36.50515012,43.59060278,Waarpak
BRD-R01-FDT01-FAT08,36.50486105,43.59050925,Waarpak
BRD-R01-FDT01-FAT09,36.50399915,43.59183357,Waarpak
BRD-R01-FDT01-FAT10,36.50514774,43.58981118,Waarpak
BRD-R01-FDT01-FAT11,36.50450865,43.58990543,Waarpak
BRD-R01-FDT01-FAT12,36.50606734,43.59074736,Waarpak
BRD-R01-FDT01-FAT13,36.50599711,43.59109538,Waarpak
BRD-R01-FDT01-FAT14,36.50590155,43.59156884,Waarpak
BRD-R01-FDT01-FAT15,36.5058256,43.59194516,Waarpak
BRD-R01-FDT01-FAT16,36.50571219,43.59388345,Waarpak
BRD-R01-FDT01-FAT17,36.50495735,43.59184102,Waarpak
BRD-R01-FDT01-FAT18,36.50453342,43.59173463,Waarpak
BRD-R01-FDT01-FAT19,36.50892036,43.58631333,Waarpak
BRD-R01-FDT01-FAT20,36.50922319,43.58638588,Waarpak
BRD-R01-FDT01-FAT21,36.50981631,43.58670528,Waarpak
BRD-R01-FDT01-FAT22,36.50961194,43.58717213,Waarpak
BRD-R01-FDT01-FAT23,36.51080717,43.5872132,Waarpak
BRD-R01-FDT01-FAT24,36.50954178,43.58763888,Waarpak
BRD-R01-FDT01-FAT25,36.51009935,43.58776877,Waarpak
BRD-R01-FDT01-FAT26,36.51055826,43.58788299,Waarpak
BRD-R01-FDT01-FAT27,36.50823079,43.58648864,Waarpak
BRD-R01-FDT01-FAT28,36.50821328,43.58670782,Waarpak
BRD-R01-FDT01-FAT29,36.5081264,43.58775315,Waarpak
BRD-R01-FDT01-FAT30,36.5087288,43.58761306,Waarpak
BRD-R01-FDT01-FAT31,36.50941277,43.58837352,Waarpak
BRD-R01-FDT01-FAT32,36.50860704,43.58842237,Waarpak
BRD-R01-FDT01-FAT33,36.50843314,43.58963883,Waarpak
BRD-R01-FDT01-FAT34,36.50772162,43.58684303,Waarpak
BRD-R01-FDT01-FAT35,36.50694762,43.58729034,Waarpak
BRD-R01-FDT01-FAT36,36.50684432,43.58798905,Waarpak
BRD-R01-FDT01-FAT37,36.50695203,43.58877939,Waarpak
BRD-R01-FDT01-FAT38,36.50773435,43.58892177,Waarpak
BRD-R01-FDT01-FAT39,36.50706787,43.58907874,Waarpak
BRD-R01-FDT01-FAT40,36.50725523,43.58837276,Waarpak
BRD-R01-FDT01-FAT41,36.5066063,43.58959927,Waarpak
BRD-R01-FDT02-FAT01,36.51137599,43.59152096,Waarpak
BRD-R01-FDT02-FAT02,36.51253131,43.59076777,Waarpak
BRD-R01-FDT02-FAT03,36.51346727,43.58977583,Waarpak
BRD-R01-FDT02-FAT04,36.5119188,43.59016447,Waarpak
BRD-R01-FDT02-FAT05,36.51253078,43.59175529,Waarpak
BRD-R01-FDT02-FAT06,36.51311068,43.59140212,Waarpak
BRD-R01-FDT02-FAT07,36.513977,43.59171656,Waarpak
BRD-R01-FDT02-FAT08,36.51408607,43.5903393,Waarpak
BRD-R01-FDT02-FAT09,36.51449058,43.59040993,Waarpak
BRD-R01-FDT02-FAT10,36.51424401,43.58936828,Waarpak
BRD-R01-FDT02-FAT11,36.51445509,43.58735387,Waarpak
BRD-R01-FDT02-FAT12,36.51483246,43.58742063,Waarpak
BRD-R01-FDT02-FAT13,36.51733134,43.58762799,Waarpak
BRD-R01-FDT02-FAT14,36.51144563,43.59190982,Waarpak
BRD-R01-FDT02-FAT15,36.5122663,43.5924589,Waarpak
BRD-R01-FDT02-FAT16,36.51224357,43.59266585,Waarpak
BRD-R01-FDT02-FAT17,36.5134445,43.59339294,Waarpak
BRD-R01-FDT02-FAT18,36.51358097,43.59229515,Waarpak
BRD-R01-FDT02-FAT19,36.51311746,43.5938356,Waarpak
BRD-R01-FDT02-FAT20,36.51300916,43.5947649,Waarpak
BRD-R01-FDT02-FAT21,36.51079972,43.59310266,Waarpak
BRD-R01-FDT02-FAT22,36.51073382,43.59370715,Waarpak
BRD-R01-FDT02-FAT23,36.51066765,43.59424736,Waarpak
BRD-R01-FDT02-FAT24,36.5119901,43.59449585,Waarpak
BRD-R01-FDT02-FAT25,36.51192276,43.59508899,Waarpak
BRD-R01-FDT02-FAT26,36.51252302,43.59501657,Waarpak
BRD-R01-FDT02-FAT27,36.51043944,43.59611396,Waarpak
BRD-R01-FDT02-FAT28,36.51039401,43.59650257,Waarpak
BRD-R01-FDT02-FAT29,36.51084985,43.59618416,Waarpak
BRD-R01-FDT02-FAT30,36.51158832,43.58986659,Waarpak
BRD-R01-FDT02-FAT31,36.51164434,43.58943555,Waarpak
BRD-R01-FDT02-FAT32,36.51205826,43.58894301,Waarpak
BRD-R01-FDT02-FAT33,36.51190158,43.58846689,Waarpak
BRD-R01-FDT02-FAT34,36.51235336,43.5874258,Waarpak
BRD-R01-FDT02-FAT35,36.51240176,43.58700403,Waarpak
BRD-R01-FDT02-FAT36,36.51313608,43.588436,Waarpak
BRD-R01-FDT02-FAT37,36.51318549,43.58798723,Waarpak
BRD-R01-FDT02-FAT38,36.51100855,43.59038163,Waarpak
BRD-R01-FDT03-FAT01,36.50173692,43.60227323,Waarpak
BRD-R01-FDT03-FAT02,36.50093877,43.60357912,Waarpak
BRD-R01-FDT03-FAT03,36.50086826,43.60423585,Waarpak
BRD-R01-FDT03-FAT04,36.50082021,43.60466891,Waarpak
BRD-R01-FDT03-FAT05,36.50016837,43.60548629,Waarpak
BRD-R01-FDT03-FAT06,36.49994332,43.60682172,Waarpak
BRD-R01-FDT03-FAT07,36.5009789,43.60323688,Waarpak
BRD-R01-FDT03-FAT08,36.50053486,43.60400078,Waarpak
BRD-R01-FDT03-FAT09,36.50018381,43.60476389,Waarpak
BRD-R01-FDT03-FAT10,36.49952074,43.60472818,Waarpak
BRD-R01-FDT03-FAT11,36.50021539,43.6030831,Waarpak
BRD-R01-FDT03-FAT12,36.49976658,43.60358129,Waarpak
BRD-R01-FDT03-FAT13,36.50006611,43.60423714,Waarpak
BRD-R01-FDT03-FAT14,36.49954021,43.60417947,Waarpak
BRD-R01-FDT03-FAT15,36.50139169,43.60458995,Waarpak
BRD-R01-FDT03-FAT16,36.5016224,43.60744781,Waarpak
BRD-R01-FDT03-FAT17,36.50311944,43.60775906,Waarpak
BRD-R01-FDT03-FAT18,36.50264938,43.60824423,Waarpak
BRD-R01-FDT03-FAT19,36.50250462,43.60932999,Waarpak
BRD-R01-FDT03-FAT20,36.50210543,43.60871927,Waarpak
BRD-R01-FDT03-FAT21,36.50017118,43.60953231,Waarpak
BRD-R01-FDT03-FAT22,36.4992828,43.60945053,Waarpak
BRD-R01-FDT03-FAT23,36.49911478,43.61043376,Waarpak
BRD-R01-FDT03-FAT24,36.50167466,43.60108005,Waarpak
BRD-R01-FDT03-FAT25,36.50112763,43.6024517,Waarpak
BRD-R01-FDT03-FAT26,36.50128705,43.60153883,Waarpak
BRD-R01-FDT03-FAT27,36.50089505,43.60157528,Waarpak
BRD-R01-FDT03-FAT28,36.50068039,43.60283833,Waarpak
BRD-R01-FDT03-FAT29,36.50042058,43.60167482,Waarpak
BRD-R01-FDT03-FAT30,36.4998868,43.60219321,Waarpak
BRD-R01-FDT03-FAT31,36.49981377,43.60261468,Waarpak
BRD-R01-FDT03-FAT32,36.50055805,43.60081894,Waarpak
BRD-R01-FDT03-FAT33,36.50006217,43.60123988,Waarpak
BRD-R01-FDT03-FAT34,36.49962572,43.60101199,Waarpak
BRD-R01-FDT03-FAT35,36.49946537,43.6020766,Waarpak
BRD-R01-FDT03-FAT36,36.50250663,43.59806065,Waarpak
BRD-R01-FDT03-FAT37,36.50286655,43.59812576,Waarpak
BRD-R01-FDT03-FAT38,36.50329632,43.59685475,Waarpak
BRD-R01-FDT03-FAT39,36.50344454,43.59689801,Waarpak
BRD-R01-FDT03-FAT40,36.50430535,43.59742261,Waarpak
BRD-R01-FDT03-FAT41,36.503794,43.59747345,Waarpak
BRD-R01-FDT03-FAT42,36.50409374,43.59869527,Waarpak
BRD-R01-FDT03-FAT43,36.50456987,43.59805607,Waarpak
BRD-R01-FDT03-FAT44,36.50342888,43.60147949,Waarpak
BRD-R01-FDT03-FAT45,36.50312326,43.6019161,Waarpak
BRD-R01-FDT03-FAT46,36.50388652,43.60225204,Waarpak
BRD-R01-FDT03-FAT47,36.50204375,43.60166916,Waarpak
BRD-R01-FDT03-FAT48,36.50239245,43.60188784,Waarpak
BRD-R01-FDT03-FAT49,36.50226082,43.60276969,Waarpak
BRD-R01-FDT03-FAT50,36.50294853,43.60248827,Waarpak
BRD-R01-FDT03-FAT51,36.5033125,43.60339204,Waarpak
BRD-R01-FDT04-FAT01,36.49926323,43.60164396,Waarpak
BRD-R01-FDT04-FAT02,36.49886468,43.60332764,Waarpak
BRD-R01-FDT04-FAT03,36.4990008,43.60352161,Waarpak
BRD-R01-FDT04-FAT04,36.49921342,43.60527212,Waarpak
BRD-R01-FDT04-FAT05,36.49884427,43.60591108,Waarpak
BRD-R01-FDT04-FAT06,36.49879506,43.60663573,Waarpak
BRD-R01-FDT04-FAT07,36.49815739,43.60468902,Waarpak
BRD-R01-FDT04-FAT08,36.49751292,43.60505589,Waarpak
BRD-R01-FDT04-FAT09,36.49875324,43.60536644,Waarpak
BRD-R01-FDT04-FAT10,36.49829747,43.60578706,Waarpak
BRD-R01-FDT04-FAT11,36.49683347,43.60574077,Waarpak
BRD-R01-FDT04-FAT12,36.49687133,43.60526665,Waarpak
BRD-R01-FDT04-FAT13,36.49775058,43.60701443,Waarpak
BRD-R01-FDT04-FAT14,36.49696175,43.60659862,Waarpak
BRD-R01-FDT04-FAT15,36.49803784,43.6061374,Waarpak
BRD-R01-FDT04-FAT16,36.49859952,43.60669248,Waarpak
BRD-R01-FDT04-FAT17,36.49757069,43.60769275,Waarpak
BRD-R01-FDT04-FAT18,36.49699197,43.60813821,Waarpak
BRD-R01-FDT04-FAT19,36.49672278,43.60851816,Waarpak
BRD-R01-FDT04-FAT20,36.49667352,43.60903888,Waarpak
BRD-R01-FDT04-FAT21,36.4978036,43.608444,Waarpak
BRD-R01-FDT04-FAT22,36.49714098,43.60955463,Waarpak
BRD-R01-FDT04-FAT23,36.49708914,43.61020337,Waarpak
BRD-R01-FDT04-FAT24,36.49706729,43.61048794,Waarpak
BRD-R01-FDT04-FAT25,36.49638275,43.61064666,Waarpak
BRD-R01-FDT04-FAT26,36.49746298,43.6089343,Waarpak
BRD-R01-FDT04-FAT27,36.49815256,43.60918994,Waarpak
BRD-R01-FDT04-FAT28,36.49760471,43.60960395,Waarpak
BRD-R01-FDT04-FAT29,36.49749472,43.61094154,Waarpak
BRD-R01-FDT04-FAT30,36.49786472,43.61098718,Waarpak
BRD-R01-FDT04-FAT31,36.49918394,43.60104971,Waarpak
BRD-R01-FDT04-FAT32,36.49836853,43.60085145,Waarpak
BRD-R01-FDT04-FAT33,36.49727276,43.60200634,Waarpak
BRD-R01-FDT04-FAT34,36.49689981,43.60216308,Waarpak
BRD-R01-FDT04-FAT35,36.49687832,43.6027274,Waarpak
BRD-R01-FDT04-FAT36,36.49608466,43.60319119,Waarpak
BRD-R01-FDT04-FAT37,36.49636007,43.60147459,Waarpak
BRD-R01-FDT04-FAT38,36.49557965,43.60240818,Waarpak
BRD-R01-FDT04-FAT39,36.49521985,43.60286627,Waarpak
BRD-R01-FDT04-FAT40,36.49720011,43.60103793,Waarpak
BRD-R01-FDT04-FAT41,36.49706157,43.60054714,Waarpak
BRD-R01-FDT04-FAT42,36.49806465,43.60273431,Waarpak
BRD-R01-FDT04-FAT43,36.49891998,43.60269389,Waarpak
BRD-R01-FDT04-FAT44,36.49772902,43.60213372,Waarpak
BRD-R01-FDT04-FAT45,36.49758811,43.60309759,Waarpak
BRD-R01-FDT04-FAT46,36.49762593,43.60334914,Waarpak
BRD-R01-FDT04-FAT47,36.49775004,43.60359204,Waarpak
BRD-R01-FDT04-FAT48,36.49643142,43.60412025,Waarpak
BRD-R01-FDT04-FAT49,36.49642092,43.60440882,Waarpak
BRD-R01-FDT04-FAT50,36.4962994,43.60536689,Waarpak
BRD-R01-FDT04-FAT51,36.4952658,43.60529667,Waarpak
BRD-R01-FDT05-FAT01,36.49987896,43.59701657,Waarpak
BRD-R01-FDT05-FAT02,36.49889723,43.59708269,Waarpak
BRD-R01-FDT05-FAT03,36.49806551,43.59758464,Waarpak
BRD-R01-FDT05-FAT04,36.498413,43.59766056,Waarpak
BRD-R01-FDT05-FAT05,36.49832698,43.59825799,Waarpak
BRD-R01-FDT05-FAT06,36.49765637,43.59666503,Waarpak
BRD-R01-FDT05-FAT07,36.49777325,43.59595366,Waarpak
BRD-R01-FDT05-FAT08,36.49821026,43.59658001,Waarpak
BRD-R01-FDT05-FAT09,36.49870499,43.59580313,Waarpak
BRD-R01-FDT05-FAT10,36.49731506,43.5976412,Waarpak
BRD-R01-FDT05-FAT11,36.49745925,43.59850738,Waarpak
BRD-R01-FDT05-FAT12,36.49731536,43.5964038,Waarpak
BRD-R01-FDT05-FAT13,36.49656122,43.59579549,Waarpak
BRD-R01-FDT05-FAT14,36.49645496,43.59567765,Waarpak
BRD-R01-FDT05-FAT15,36.49635547,43.59635269,Waarpak
BRD-R01-FDT05-FAT16,36.49630977,43.59690668,Waarpak
BRD-R01-FDT05-FAT17,36.49624575,43.59706035,Waarpak
BRD-R01-FDT05-FAT18,36.50003984,43.59683368,Waarpak
BRD-R01-FDT05-FAT19,36.49949907,43.59646528,Waarpak
BRD-R01-FDT05-FAT20,36.4991067,43.59577367,Waarpak
BRD-R01-FDT05-FAT21,36.49910642,43.59485501,Waarpak
BRD-R01-FDT05-FAT22,36.49892988,43.59539145,Waarpak
BRD-R01-FDT05-FAT23,36.49816645,43.59546166,Waarpak
BRD-R01-FDT05-FAT24,36.49813232,43.59501764,Waarpak
BRD-R01-FDT05-FAT25,36.50030765,43.59527018,Waarpak
BRD-R01-FDT05-FAT26,36.49981796,43.59818062,Waarpak
BRD-R01-FDT05-FAT27,36.49910516,43.59900681,Waarpak
BRD-R01-FDT05-FAT28,36.4993932,43.59852709,Waarpak
BRD-R01-FDT05-FAT29,36.49942374,43.60065175,Waarpak
BRD-R01-FDT05-FAT30,36.49959669,43.59958882,Waarpak
BRD-R01-FDT05-FAT31,36.49921395,43.59959847,Waarpak
BRD-R01-FDT05-FAT32,36.49880307,43.6001553,Waarpak
BRD-R01-FDT05-FAT33,36.49851321,43.59999493,Waarpak
BRD-R01-FDT05-FAT34,36.49806964,43.59987316,Waarpak
BRD-R01-FDT05-FAT35,36.4979921,43.60042288,Waarpak
BRD-R01-FDT05-FAT36,36.49754077,43.59985142,Waarpak
BRD-R01-FDT05-FAT37,36.49718861,43.59969869,Waarpak
BRD-R01-FDT05-FAT38,36.49685688,43.599395,Waarpak
BRD-R01-FDT05-FAT39,36.49779761,43.59926105,Waarpak
BRD-R01-FDT05-FAT40,36.49817023,43.59923977,Waarpak
BRD-R01-FDT05-FAT41,36.49672835,43.60004247,Waarpak
BRD-R01-FDT06-FAT01,36.50108032,43.59139509,Waarpak
BRD-R01-FDT06-FAT02,36.50132704,43.59034852,Waarpak
BRD-R01-FDT06-FAT03,36.50122082,43.58973938,Waarpak
BRD-R01-FDT06-FAT04,36.50152173,43.58927144,Waarpak
BRD-R01-FDT06-FAT05,36.50130822,43.58918238,Waarpak
BRD-R01-FDT06-FAT06,36.50161759,43.58878644,Waarpak
BRD-R01-FDT06-FAT07,36.50145664,43.58824354,Waarpak
BRD-R01-FDT06-FAT08,36.50148739,43.58807553,Waarpak
BRD-R01-FDT06-FAT09,36.50152167,43.58788825,Waarpak
BRD-R01-FDT06-FAT10,36.50152477,43.58787132,Waarpak
BRD-R01-FDT06-FAT11,36.50122298,43.58778777,Waarpak
BRD-R01-FDT06-FAT12,36.50076429,43.58961494,Waarpak
BRD-R01-FDT06-FAT13,36.5009434,43.58844689,Waarpak
BRD-R01-FDT06-FAT14,36.49911368,43.58955978,Waarpak
BRD-R01-FDT06-FAT15,36.49878196,43.58981692,Waarpak
BRD-R01-FDT06-FAT16,36.4984534,43.58937848,Waarpak
BRD-R01-FDT06-FAT17,36.49961021,43.58864609,Waarpak
BRD-R01-FDT06-FAT18,36.49970606,43.58800805,Waarpak
BRD-R01-FDT06-FAT19,36.49937284,43.58745268,Waarpak
BRD-R01-FDT06-FAT20,36.49993337,43.59029865,Waarpak
BRD-R01-FDT06-FAT21,36.49974832,43.59060428,Waarpak
BRD-R01-FDT06-FAT22,36.50001636,43.58942003,Waarpak
BRD-R01-FDT06-FAT23,36.50001941,43.5894008,Waarpak
BRD-R01-FDT06-FAT24,36.50018489,43.58835644,Waarpak
BRD-R01-FDT06-FAT25,36.50026711,43.5878375,Waarpak
BRD-R01-FDT06-FAT26,36.50036783,43.58720179,Waarpak
BRD-R01-FDT06-FAT27,36.50095024,43.59225339,Waarpak
BRD-R01-FDT06-FAT28,36.50081785,43.59310528,Waarpak
BRD-R01-FDT06-FAT29,36.5005072,43.59413429,Waarpak
BRD-R01-FDT06-FAT30,36.49988441,43.59436978,Waarpak
BRD-R01-FDT06-FAT31,36.50008792,43.59324106,Waarpak
BRD-R01-FDT06-FAT32,36.49973553,43.59328102,Waarpak
BRD-R01-FDT06-FAT33,36.49947532,43.59360357,Waarpak
BRD-R01-FDT06-FAT34,36.498672,43.59353019,Waarpak
BRD-R01-FDT06-FAT35,36.49818049,43.59399659,Waarpak
BRD-R01-FDT06-FAT36,36.50032279,43.59178906,Waarpak
BRD-R01-FDT06-FAT37,36.49999171,43.59193227,Waarpak
BRD-R01-FDT06-FAT38,36.50023526,43.59232861,Waarpak
BRD-R01-FDT06-FAT39,36.49966614,43.59253887,Waarpak
BRD-R01-FDT06-FAT40,36.49924827,43.59252092,Waarpak
BRD-R01-FDT06-FAT41,36.49949732,43.59103121,Waarpak
BRD-R01-FDT06-FAT42,36.49893854,43.5915355,Waarpak
BRD-R01-FDT06-FAT43,36.49875381,43.59275436,Waarpak
BRD-R01-FDT06-FAT44,36.49878198,43.59087736,Waarpak
BRD-R01-FDT06-FAT45,36.49868353,43.59085951,Waarpak
BRD-R01-FDT06-FAT46,36.49857912,43.59145082,Waarpak
BRD-R01-FDT06-FAT47,36.49847214,43.59205442,Waarpak
BRD-R01-FDT06-FAT48,36.49828724,43.59291853,Waarpak
BRD-R01-FDT06-FAT49,36.49793217,43.59223938,Waarpak
BRD-R01-FDT06-FAT50,36.49784223,43.5932183,Waarpak
BRD-R01-FDT06-FAT51,36.49769694,43.59409684,Waarpak
BRD-R01-FDT07-FAT01,36.50366354,43.58753655,Waarpak
BRD-R01-FDT07-FAT02,36.50368088,43.58773571,Waarpak
BRD-R01-FDT07-FAT03,36.50387202,43.58881595,Waarpak
BRD-R01-FDT07-FAT04,36.50365924,43.58974945,Waarpak
BRD-R01-FDT07-FAT05,36.50346113,43.59081659,Waarpak
BRD-R01-FDT07-FAT06,36.50282117,43.59071655,Waarpak
BRD-R01-FDT07-FAT07,36.5021067,43.59049818,Waarpak
BRD-R01-FDT07-FAT08,36.5018,43.58998883,Waarpak
BRD-R01-FDT07-FAT09,36.50162735,43.59082452,Waarpak
BRD-R01-FDT07-FAT10,36.50247727,43.5910875,Waarpak
BRD-R01-FDT07-FAT11,36.50318048,43.59329917,Waarpak
BRD-R01-FDT07-FAT12,36.50366331,43.59397923,Waarpak
BRD-R01-FDT07-FAT13,36.50448019,43.59423524,Waarpak
BRD-R01-FDT07-FAT14,36.50446283,43.59256935,Waarpak
BRD-R01-FDT07-FAT15,36.50563315,43.59282603,Waarpak
BRD-R01-FDT07-FAT16,36.50363932,43.59338268,Waarpak
BRD-R01-FDT07-FAT17,36.50380578,43.59285159,Waarpak
BRD-R01-FDT07-FAT18,36.50469125,43.59314267,Waarpak
BRD-R01-FDT07-FAT19,36.50515102,43.59336615,Waarpak
BRD-R01-FDT07-FAT20,36.50502389,43.59388123,Waarpak
BRD-R01-FDT07-FAT21,36.5052885,43.59446794,Waarpak
BRD-R01-FDT07-FAT22,36.50270858,43.58807963,Waarpak
BRD-R01-FDT07-FAT23,36.50225678,43.58820078,Waarpak
BRD-R01-FDT07-FAT24,36.50206951,43.58911738,Waarpak
BRD-R01-FDT07-FAT25,36.5034346,43.58829358,Waarpak
BRD-R01-FDT07-FAT26,36.50339015,43.58897235,Waarpak
BRD-R01-FDT07-FAT27,36.50325994,43.58960987,Waarpak
BRD-R01-FDT07-FAT28,36.50314898,43.59016223,Waarpak
BRD-R01-FDT07-FAT29,36.50235783,43.5900321,Waarpak
BRD-R01-FDT07-FAT30,36.50318881,43.58757431,Waarpak
BRD-R01-FDT07-FAT31,36.50278967,43.58729906,Waarpak
BRD-R01-FDT07-FAT32,36.50257351,43.58724436,Waarpak
BRD-R01-FDT07-FAT33,36.50227853,43.58716972,Waarpak
BRD-R01-FDT07-FAT34,36.5020021,43.58709978,Waarpak
BRD-R01-FDT07-FAT35,36.50168875,43.58761838,Waarpak
BRD-R01-FDT07-FAT36,36.50161394,43.58802568,Waarpak
BRD-R01-FDT07-FAT37,36.50155722,43.58842088,Waarpak
BRD-R01-FDT07-FAT38,36.50434266,43.58739512,Waarpak
BRD-R01-FDT07-FAT39,36.50439207,43.58705023,Waarpak
BRD-R01-FDT07-FAT40,36.50481226,43.58759828,Waarpak
BRD-R01-FDT07-FAT41,36.50510648,43.58812219,Waarpak
BRD-R01-FDT07-FAT42,36.50554225,43.58714847,Waarpak
BRD-R01-FDT07-FAT43,36.50436216,43.58848646,Waarpak
BRD-R01-FDT07-FAT44,36.50394917,43.58945776,Waarpak
BRD-R01-FDT08-FAT01,36.47989613,43.72291126,TarinNet (Erbil)
BRD-R01-FDT08-FAT02,36.47899818,43.72556526,TarinNet (Erbil)
BRD-R01-FDT08-FAT03,36.47910605,43.72253847,TarinNet (Erbil)
BRD-R01-FDT08-FAT04,36.47650196,43.72466698,TarinNet (Erbil)
BRD-R01-FDT08-FAT05,36.47676432,43.72141799,TarinNet (Erbil)
BRD-R01-FDT08-FAT06,36.47384076,43.72267567,TarinNet (Erbil)
BRD-R01-FDT08-FAT07,36.4706093,43.72133531,TarinNet (Erbil)
BRD-R01-FDT08-FAT08,36.47448163,43.72363457,TarinNet (Erbil)
BRD-R01-FDT08-FAT09,36.47462312,43.72594279,TarinNet (Erbil)
BRD-R01-FDT08-FAT10,36.47628635,43.72724487,TarinNet (Erbil)
BRD-R01-FDT08-FAT11,36.47264238,43.72500888,TarinNet (Erbil)
BRD-R01-FDT08-FAT12,36.47372914,43.72818675,TarinNet (Erbil)
BRD-R01-FDT08-FAT13,36.47223167,43.72704867,TarinNet (Erbil)
BRD-R01-FDT08-FAT14,36.47003788,43.72963171,TarinNet (Erbil)
BRD-R01-FDT08-FAT15,36.47185853,43.73331481,TarinNet (Erbil)
BRD-R01-FDT08-FAT16,36.47382544,43.73042668,TarinNet (Erbil)
BRD-R01-FDT08-FAT17,36.47594111,43.73215818,TarinNet (Erbil)
BRD-R01-FDT08-FAT18,36.47748215,43.73310655,TarinNet (Erbil)
BRD-R01-FDT08-FAT19,36.47345917,43.7203301,TarinNet (Erbil)
BRD-R01-FDT08-FAT20,36.48058602,43.72273277,TarinNet (Erbil)
BRD-R01-FDT08-FAT21,36.47831559,43.7235444,TarinNet (Erbil)
BRD-R01-FDT08-FAT22,36.47004643,43.72535161,TarinNet (Erbil)
BRD-R01-FDT08-FAT23,36.48099877,43.72163827,TarinNet (Erbil)
BRD-R01-FDT08-FAT24,36.46813474,43.730052,TarinNet (Erbil)
BRD-R01-FDT08-FAT25,36.47444501,43.7344386,TarinNet (Erbil)
BRD-R01-FDT08-FAT26,36.47417642,43.73233578,TarinNet (Erbil)
BRD-R01-FDT08-FAT27,36.47098699,43.72771738,TarinNet (Erbil)
BRD-R01-FDT08-FAT28,36.47258862,43.72897637,TarinNet (Erbil)
BRD-R01-FDT08-FAT29,36.47118608,43.73053545,TarinNet (Erbil)
BRD-R01-FDT08-FAT30,36.47542816,43.72511714,TarinNet (Erbil)
BRD-R01-FDT08-FAT31,36.47790855,43.7342647,TarinNet (Erbil)
BRD-R01-FDT08-FAT32,36.47888499,43.72125813,TarinNet (Erbil)
BRD-R01-FDT08-FAT33,36.47983869,43.72103141,TarinNet (Erbil)
BRD-R01-FDT08-FAT34,36.47467261,43.73082523,TarinNet (Erbil)
BRD-R01-FDT08-FAT35,36.47628303,43.73053943,TarinNet (Erbil)
BRD-R01-FDT08-FAT36,36.47678398,43.72379183,TarinNet (Erbil)
BRD-R01-FDT08-FAT37,36.47476877,43.72815364,TarinNet (Erbil)
BRD-R01-FDT08-FAT38,36.4676248,43.72256568,TarinNet (Erbil)
BRD-R01-FDT08-FAT39,36.47824499,43.73251091,TarinNet (Erbil)
BRD-R01-FDT08-FAT40,36.47782624,43.73121011,TarinNet (Erbil)
BRD-R01-FDT09-FAT01,36.50455407,43.60940009,Waarpak
BRD-R01-FDT09-FAT02,36.50606347,43.60799177,Waarpak
BRD-R01-FDT09-FAT03,36.50721107,43.60701279,Waarpak
BRD-R01-FDT09-FAT04,36.50403144,43.61053955,Waarpak
BRD-R01-FDT09-FAT05,36.50485849,43.61102735,Waarpak
BRD-R01-FDT09-FAT06,36.50637462,43.61095631,Waarpak
BRD-R02-FDT01-FAT01,36.50237592,43.58363601,Waarpak
BRD-R02-FDT01-FAT02,36.5023087,43.58419817,Waarpak
BRD-R02-FDT01-FAT03,36.50227039,43.58495455,Waarpak
BRD-R02-FDT01-FAT04,36.50185749,43.58497531,Waarpak
BRD-R02-FDT01-FAT05,36.50146948,43.58495007,Waarpak
BRD-R02-FDT01-FAT06,36.5009538,43.58491647,Waarpak
BRD-R02-FDT01-FAT07,36.50081249,43.58547181,Waarpak
BRD-R02-FDT01-FAT08,36.50032281,43.58572064,Waarpak
BRD-R02-FDT01-FAT09,36.49983548,43.58558059,Waarpak
BRD-R02-FDT01-FAT10,36.50154208,43.58584908,Waarpak
BRD-R02-FDT01-FAT11,36.50221721,43.58566884,Waarpak
BRD-R02-FDT01-FAT12,36.50214306,43.58589799,Waarpak
BRD-R02-FDT01-FAT13,36.50207912,43.58607271,Waarpak
BRD-R02-FDT01-FAT14,36.5020255,43.58621926,Waarpak
BRD-R02-FDT01-FAT15,36.50189419,43.58652435,Waarpak
BRD-R02-FDT01-FAT16,36.50173546,43.58688033,Waarpak
BRD-R02-FDT01-FAT17,36.50165424,43.5870588,Waarpak
BRD-R02-FDT01-FAT18,36.50150941,43.58723931,Waarpak
BRD-R02-FDT01-FAT19,36.50127033,43.58724186,Waarpak
BRD-R02-FDT01-FAT20,36.5011469,43.58732082,Waarpak
BRD-R02-FDT01-FAT21,36.50106146,43.58717866,Waarpak
BRD-R02-FDT01-FAT22,36.50075454,43.58708874,Waarpak
BRD-R02-FDT01-FAT23,36.50048476,43.58643172,Waarpak
BRD-R02-FDT01-FAT24,36.50095455,43.58636911,Waarpak
BRD-R02-FDT01-FAT25,36.50007666,43.58694065,Waarpak
BRD-R02-FDT01-FAT26,36.49996036,43.58676524,Waarpak
BRD-R02-FDT01-FAT27,36.50000445,43.58596682,Waarpak
BRD-R02-FDT01-FAT28,36.50205011,43.58397891,Waarpak
BRD-R02-FDT01-FAT29,36.50166991,43.58399751,Waarpak
BRD-R02-FDT01-FAT30,36.50199971,43.58321353,Waarpak
BRD-R02-FDT01-FAT31,36.50129101,43.58327324,Waarpak
BRD-R02-FDT01-FAT32,36.50096738,43.58296605,Waarpak
BRD-R02-FDT01-FAT33,36.50050063,43.58305883,Waarpak
BRD-R02-FDT01-FAT34,36.50031213,43.58421561,Waarpak
BRD-R02-FDT01-FAT35,36.50061365,43.58231214,Waarpak
BRD-R02-FDT01-FAT36,36.50072463,43.58188582,Waarpak
BRD-R02-FDT01-FAT37,36.500888,43.58349846,Waarpak
BRD-R02-FDT01-FAT38,36.50024371,43.58264234,Waarpak
BRD-R02-FDT01-FAT39,36.49973947,43.58332503,Waarpak
BRD-R02-FDT01-FAT40,36.49983168,43.58402927,Waarpak
BRD-R02-FDT01-FAT41,36.50187549,43.58160166,Waarpak
BRD-R02-FDT01-FAT42,36.50110115,43.58152042,Waarpak
BRD-R02-FDT02-FAT01,36.50363989,43.57980216,Waarpak
BRD-R02-FDT02-FAT02,36.50285287,43.57961479,Waarpak
BRD-R02-FDT02-FAT03,36.50222824,43.58004907,Waarpak
BRD-R02-FDT02-FAT04,36.50225065,43.5806782,Waarpak
BRD-R02-FDT02-FAT05,36.50157496,43.58044815,Waarpak
BRD-R02-FDT02-FAT06,36.50106473,43.58085723,Waarpak
BRD-R02-FDT02-FAT07,36.50268661,43.58018852,Waarpak
BRD-R02-FDT02-FAT08,36.50260607,43.58101198,Waarpak
BRD-R02-FDT02-FAT09,36.50191258,43.58115475,Waarpak
BRD-R02-FDT02-FAT10,36.50145786,43.57946678,Waarpak
BRD-R02-FDT02-FAT11,36.50100888,43.57936498,Waarpak
BRD-R02-FDT02-FAT12,36.50105796,43.57915928,Waarpak
BRD-R02-FDT02-FAT13,36.50076352,43.58024339,Waarpak
BRD-R02-FDT02-FAT14,36.50066171,43.58095816,Waarpak
BRD-R02-FDT02-FAT15,36.50030775,43.5796338,Waarpak
BRD-R02-FDT02-FAT16,36.50023577,43.58016761,Waarpak
BRD-R02-FDT02-FAT17,36.50017338,43.58062931,Waarpak
BRD-R02-FDT02-FAT18,36.50013007,43.58095012,Waarpak
BRD-R02-FDT02-FAT19,36.50315103,43.57888918,Waarpak
BRD-R02-FDT02-FAT20,36.50223483,43.57871267,Waarpak
BRD-R02-FDT02-FAT21,36.50119187,43.57848639,Waarpak
BRD-R02-FDT02-FAT22,36.50031808,43.57827296,Waarpak
BRD-R02-FDT02-FAT23,36.50065227,43.57879898,Waarpak
BRD-R02-FDT02-FAT24,36.50099876,43.57792269,Waarpak
BRD-R02-FDT02-FAT25,36.50008839,43.57772344,Waarpak
BRD-R02-FDT02-FAT26,36.50268951,43.57755467,Waarpak
BRD-R02-FDT02-FAT27,36.5023137,43.57675993,Waarpak
BRD-R02-FDT02-FAT28,36.50171891,43.57608988,Waarpak
BRD-R02-FDT02-FAT29,36.50376673,43.57560078,Waarpak
BRD-R02-FDT02-FAT30,36.5030796,43.57542537,Waarpak
BRD-R02-FDT02-FAT31,36.5013179,43.57506616,Waarpak
BRD-R02-FDT02-FAT32,36.50348018,43.57861455,Waarpak
BRD-R02-FDT02-FAT33,36.5025392,43.5784284,Waarpak
BRD-R02-FDT02-FAT34,36.50365708,43.57826822,Waarpak
BRD-R02-FDT02-FAT35,36.50295781,43.57816509,Waarpak
BRD-R02-FDT02-FAT36,36.50220798,43.57799695,Waarpak
BRD-R02-FDT02-FAT37,36.50130595,43.57786289,Waarpak
BRD-R02-FDT02-FAT38,36.50082606,43.57714959,Waarpak
BRD-R02-FDT02-FAT39,36.50072659,43.57684102,Waarpak
BRD-R02-FDT02-FAT40,36.50355289,43.58027214,Waarpak
BRD-R02-FDT02-FAT41,36.50322107,43.58069197,Waarpak
BRD-R02-FDT03-FAT01,36.50380953,43.57104666,Waarpak
BRD-R02-FDT03-FAT02,36.50305997,43.5719959,Waarpak
BRD-R02-FDT03-FAT03,36.50235704,43.57180403,Waarpak
BRD-R02-FDT03-FAT04,36.50192693,43.57273305,Waarpak
BRD-R02-FDT03-FAT05,36.50232494,43.57323698,Waarpak
BRD-R02-FDT03-FAT06,36.50215213,43.57252331,Waarpak
BRD-R02-FDT03-FAT07,36.50276775,43.57265011,Waarpak
BRD-R02-FDT03-FAT08,36.50188285,43.57133606,Waarpak
BRD-R02-FDT03-FAT09,36.50131256,43.57255405,Waarpak
BRD-R02-FDT03-FAT10,36.50133797,43.57326441,Waarpak
BRD-R02-FDT03-FAT11,36.50118142,43.57363674,Waarpak
BRD-R02-FDT03-FAT12,36.50093118,43.57337042,Waarpak
BRD-R02-FDT03-FAT13,36.50071171,43.5742508,Waarpak
BRD-R02-FDT03-FAT14,36.50252372,43.56999743,Waarpak
BRD-R02-FDT03-FAT15,36.50217454,43.57009688,Waarpak
BRD-R02-FDT03-FAT16,36.5019744,43.56901846,Waarpak
BRD-R02-FDT03-FAT17,36.50156092,43.56962203,Waarpak
BRD-R02-FDT03-FAT18,36.50289244,43.56922278,Waarpak
BRD-R02-FDT03-FAT19,36.50343147,43.57028964,Waarpak
BRD-R02-FDT03-FAT20,36.50300526,43.57097796,Waarpak
BRD-R02-FDT03-FAT21,36.5035071,43.56879228,Waarpak
BRD-R02-FDT03-FAT22,36.50296778,43.56845987,Waarpak
BRD-R02-FDT03-FAT23,36.50254053,43.56858028,Waarpak
BRD-R02-FDT03-FAT24,36.50389509,43.56837117,Waarpak
BRD-R02-FDT03-FAT25,36.50330139,43.56772718,Waarpak
BRD-R02-FDT03-FAT26,36.50389917,43.56201909,Waarpak
BRD-R02-FDT03-FAT27,36.50442416,43.56095157,Waarpak
BRD-R02-FDT03-FAT28,36.50460111,43.5593716,Waarpak
BRD-R02-FDT03-FAT29,36.50335254,43.55942248,Waarpak
BRD-R02-FDT03-FAT30,36.50378877,43.57288568,Waarpak
BRD-R02-FDT03-FAT31,36.50339441,43.57363667,Waarpak
BRD-R02-FDT03-FAT32,36.50331554,43.5742174,Waarpak
BRD-R02-FDT03-FAT33,36.50307721,43.5752128,Waarpak
BRD-R02-FDT03-FAT34,36.50272978,43.57350599,Waarpak
BRD-R02-FDT03-FAT35,36.50245491,43.57405218,Waarpak
BRD-R02-FDT03-FAT36,36.5021618,43.5747105,Waarpak
BRD-R02-FDT03-FAT37,36.50252507,43.57454992,Waarpak
BRD-R02-FDT03-FAT38,36.5012865,43.57440735,Waarpak
BRD-R02-FDT03-FAT39,36.50115352,43.57488984,Waarpak
BRD-R02-FDT04-FAT01,36.50757386,43.5696737,Waarpak
BRD-R02-FDT04-FAT02,36.50657089,43.56969952,Waarpak
BRD-R02-FDT04-FAT03,36.50633593,43.5681545,Waarpak
BRD-R02-FDT04-FAT04,36.50578302,43.56825816,Waarpak
BRD-R02-FDT04-FAT05,36.50578073,43.56732517,Waarpak
BRD-R02-FDT04-FAT06,36.50539979,43.56723722,Waarpak
BRD-R02-FDT04-FAT07,36.50529933,43.56780006,Waarpak
BRD-R02-FDT04-FAT08,36.50672593,43.56850407,Waarpak
BRD-R02-FDT04-FAT09,36.50584202,43.56940564,Waarpak
BRD-R02-FDT04-FAT10,36.50508616,43.56895426,Waarpak
BRD-R02-FDT04-FAT11,36.50455752,43.56897021,Waarpak
BRD-R02-FDT04-FAT12,36.50542908,43.5697039,Waarpak
BRD-R02-FDT04-FAT13,36.50490179,43.56945325,Waarpak
BRD-R02-FDT04-FAT14,36.50576586,43.56893029,Waarpak
BRD-R02-FDT04-FAT15,36.50521594,43.56823851,Waarpak
BRD-R02-FDT04-FAT16,36.50473662,43.56827619,Waarpak
BRD-R02-FDT04-FAT17,36.50435813,43.56762311,Waarpak
BRD-R02-FDT04-FAT18,36.50727131,43.57193227,Waarpak
BRD-R02-FDT04-FAT19,36.50762606,43.57013755,Waarpak
BRD-R02-FDT04-FAT20,36.50741733,43.57075191,Waarpak
BRD-R02-FDT04-FAT21,36.50704885,43.57043394,Waarpak
BRD-R02-FDT04-FAT22,36.50704609,43.57115253,Waarpak
BRD-R02-FDT04-FAT23,36.50709022,43.57153501,Waarpak
BRD-R02-FDT04-FAT24,36.5062086,43.57074237,Waarpak
BRD-R02-FDT04-FAT25,36.50536243,43.57073983,Waarpak
BRD-R02-FDT04-FAT26,36.5056389,43.57168273,Waarpak
BRD-R02-FDT04-FAT27,36.50534486,43.57245726,Waarpak
BRD-R02-FDT04-FAT28,36.50563801,43.57291422,Waarpak
BRD-R02-FDT04-FAT29,36.50634965,43.57128951,Waarpak
BRD-R02-FDT04-FAT30,36.50607496,43.5712929,Waarpak
BRD-R02-FDT04-FAT31,36.50645655,43.57025912,Waarpak
BRD-R02-FDT04-FAT32,36.50572829,43.57018524,Waarpak
BRD-R02-FDT04-FAT33,36.50525732,43.57019909,Waarpak
BRD-R02-FDT04-FAT34,36.50518385,43.5711354,Waarpak
BRD-R02-FDT04-FAT35,36.50508315,43.5719836,Waarpak
BRD-R02-FDT04-FAT36,36.50482209,43.57081085,Waarpak
BRD-R02-FDT05-FAT01,36.50765817,43.57559686,Waarpak
BRD-R02-FDT05-FAT02,36.50712298,43.57556025,Waarpak
BRD-R02-FDT05-FAT03,36.50658122,43.57550797,Waarpak
BRD-R02-FDT05-FAT04,36.50590502,43.57606719,Waarpak
BRD-R02-FDT05-FAT05,36.5058081,43.57765086,Waarpak
BRD-R02-FDT05-FAT06,36.50546376,43.57551851,Waarpak
BRD-R02-FDT05-FAT07,36.50595992,43.57521162,Waarpak
BRD-R02-FDT05-FAT08,36.50588534,43.57394642,Waarpak
BRD-R02-FDT05-FAT09,36.50636705,43.57614218,Waarpak
BRD-R02-FDT05-FAT10,36.50663207,43.57616543,Waarpak
BRD-R02-FDT05-FAT11,36.50623982,43.57690262,Waarpak
BRD-R02-FDT05-FAT12,36.50615915,43.57818537,Waarpak
BRD-R02-FDT05-FAT13,36.50651037,43.57839779,Waarpak
BRD-R02-FDT05-FAT14,36.50753466,43.57502624,Waarpak
BRD-R02-FDT05-FAT15,36.5065831,43.57493923,Waarpak
BRD-R02-FDT05-FAT16,36.506381,43.57457112,Waarpak
BRD-R02-FDT05-FAT17,36.506442,43.57355007,Waarpak
BRD-R02-FDT05-FAT18,36.50737509,43.57434049,Waarpak
BRD-R02-FDT05-FAT19,36.50712305,43.57442253,Waarpak
BRD-R02-FDT05-FAT20,36.50691202,43.57331779,Waarpak
BRD-R02-FDT05-FAT21,36.50771745,43.57469958,Waarpak
BRD-R02-FDT05-FAT22,36.50751521,43.57326548,Waarpak
BRD-R02-FDT05-FAT23,36.50785669,43.57263966,Waarpak
BRD-R02-FDT05-FAT24,36.50758414,43.57684976,Waarpak
BRD-R02-FDT05-FAT25,36.50723617,43.57723805,Waarpak
BRD-R02-FDT05-FAT26,36.5075247,43.57792746,Waarpak
BRD-R02-FDT05-FAT27,36.50705977,43.57787588,Waarpak
BRD-R02-FDT05-FAT28,36.50709334,43.5787945,Waarpak
BRD-R02-FDT05-FAT29,36.50687576,43.57889125,Waarpak
BRD-R02-FDT05-FAT30,36.50704991,43.57946921,Waarpak
BRD-R02-FDT05-FAT31,36.50743855,43.57950321,Waarpak
BRD-R02-FDT05-FAT32,36.50726465,43.57618372,Waarpak
BRD-R02-FDT05-FAT33,36.50688776,43.57670393,Waarpak
BRD-R02-FDT05-FAT34,36.50660109,43.57729583,Waarpak
BRD-R02-FDT06-FAT01,36.5086224,43.57672041,Waarpak
BRD-R02-FDT06-FAT02,36.50992078,43.57688697,Waarpak
BRD-R02-FDT06-FAT03,36.50989025,43.57755195,Waarpak
BRD-R02-FDT06-FAT04,36.50982528,43.57884941,Waarpak
BRD-R02-FDT06-FAT05,36.5098045,43.57926379,Waarpak
BRD-R02-FDT06-FAT06,36.51018261,43.57928116,Waarpak
BRD-R02-FDT06-FAT07,36.50944687,43.57692598,Waarpak
BRD-R02-FDT06-FAT08,36.50940515,43.57784213,Waarpak
BRD-R02-FDT06-FAT09,36.50938548,43.57819595,Waarpak
BRD-R02-FDT06-FAT10,36.50934862,43.57900107,Waarpak
BRD-R02-FDT06-FAT11,36.50899737,43.57691795,Waarpak
BRD-R02-FDT06-FAT12,36.50895409,43.57786545,Waarpak
BRD-R02-FDT06-FAT13,36.50893545,43.57825537,Waarpak
BRD-R02-FDT06-FAT14,36.50965202,43.57657376,Waarpak
BRD-R02-FDT06-FAT15,36.51034688,43.57713182,Waarpak
BRD-R02-FDT06-FAT16,36.51031689,43.57783461,Waarpak
BRD-R02-FDT06-FAT17,36.51030688,43.57809142,Waarpak
BRD-R02-FDT06-FAT18,36.51026986,43.57904154,Waarpak
BRD-R02-FDT06-FAT19,36.51057011,43.57643887,Waarpak
BRD-R02-FDT06-FAT20,36.51121073,43.57658574,Waarpak
BRD-R02-FDT06-FAT21,36.51117224,43.57718867,Waarpak
BRD-R02-FDT06-FAT22,36.51113798,43.57801778,Waarpak
BRD-R02-FDT06-FAT23,36.51109394,43.57908329,Waarpak
BRD-R02-FDT06-FAT24,36.51081988,43.57707434,Waarpak
BRD-R02-FDT06-FAT25,36.51080976,43.5773137,Waarpak
BRD-R02-FDT06-FAT26,36.51072404,43.57896568,Waarpak
BRD-R02-FDT06-FAT27,36.51080877,43.5759315,Waarpak
BRD-R02-FDT06-FAT28,36.51066831,43.57514801,Waarpak
BRD-R02-FDT06-FAT29,36.51097191,43.5745514,Waarpak
BRD-R02-FDT06-FAT30,36.51147864,43.57563807,Waarpak
BRD-R02-FDT06-FAT31,36.51165908,43.57628954,Waarpak
BRD-R02-FDT06-FAT32,36.5116189,43.57692737,Waarpak
BRD-R02-FDT06-FAT33,36.51159853,43.57784059,Waarpak
BRD-R02-FDT06-FAT34,36.50812185,43.57718514,Waarpak
BRD-R02-FDT06-FAT35,36.50859399,43.57698688,Waarpak
BRD-R02-FDT06-FAT36,36.50855293,43.57772658,Waarpak
BRD-R02-FDT06-FAT37,36.50850403,43.57860719,Waarpak
BRD-R02-FDT06-FAT38,36.50847758,43.57906663,Waarpak
BRD-R02-FDT06-FAT39,36.50803145,43.57913383,Waarpak
BRD-R02-FDT06-FAT40,36.50828276,43.57608206,Waarpak
BRD-R02-FDT06-FAT41,36.50922651,43.57614655,Waarpak
BRD-R02-FDT06-FAT42,36.50886843,43.57432763,Waarpak
BRD-R02-FDT06-FAT43,36.5093054,43.57314738,Waarpak
BRD-R02-FDT06-FAT44,36.5095396,43.57271514,Waarpak
BRD-R02-FDT06-FAT45,36.51036039,43.57375732,Waarpak
BRD-R02-FDT06-FAT46,36.50897788,43.57256019,Waarpak
BRD-R02-FDT06-FAT47,36.50981271,43.57158735,Waarpak
BRD-R02-FDT06-FAT48,36.51054739,43.57252777,Waarpak
BRD-R02-FDT06-FAT49,36.50923073,43.57150925,Waarpak
BRD-R02-FDT06-FAT50,36.50974276,43.57215024,Waarpak
BRD-R02-FDT06-FAT51,36.51029636,43.57284984,Waarpak
BRD-R02-FDT06-FAT52,36.51072405,43.57338907,Waarpak
BRD-R02-FDT07-FAT01,36.50786014,43.58112615,Waarpak
BRD-R02-FDT07-FAT02,36.50915075,43.58195976,Waarpak
BRD-R02-FDT07-FAT03,36.50937877,43.58209422,Waarpak
BRD-R02-FDT07-FAT04,36.50933871,43.58273101,Waarpak
BRD-R02-FDT07-FAT05,36.5089816,43.58257896,Waarpak
BRD-R02-FDT07-FAT06,36.50881907,43.58343135,Waarpak
BRD-R02-FDT07-FAT07,36.50828354,43.58249498,Waarpak
BRD-R02-FDT07-FAT08,36.50810959,43.5825108,Waarpak
BRD-R02-FDT07-FAT09,36.50804637,43.58335756,Waarpak
BRD-R02-FDT07-FAT10,36.50818871,43.5815482,Waarpak
BRD-R02-FDT07-FAT11,36.50842152,43.58084259,Waarpak
BRD-R02-FDT07-FAT12,36.50908377,43.58093782,Waarpak
BRD-R02-FDT07-FAT13,36.50931217,43.58028654,Waarpak
BRD-R02-FDT07-FAT14,36.50934954,43.57950399,Waarpak
BRD-R02-FDT07-FAT15,36.5082875,43.58044974,Waarpak
BRD-R02-FDT07-FAT16,36.50833554,43.57991588,Waarpak
BRD-R02-FDT07-FAT17,36.50886741,43.58005055,Waarpak
BRD-R02-FDT07-FAT18,36.50888775,43.57969966,Waarpak
BRD-R02-FDT07-FAT19,36.50897784,43.58145722,Waarpak
BRD-R02-FDT07-FAT20,36.50945445,43.58143782,Waarpak
BRD-R02-FDT07-FAT21,36.50986137,43.58168184,Waarpak
BRD-R02-FDT07-FAT22,36.50980077,43.58245028,Waarpak
BRD-R02-FDT07-FAT23,36.50975282,43.58305829,Waarpak
BRD-R02-FDT07-FAT24,36.50974454,43.58064716,Waarpak
BRD-R02-FDT07-FAT25,36.50979223,43.57969418,Waarpak
BRD-R02-FDT07-FAT26,36.51040407,43.58219641,Waarpak
BRD-R02-FDT07-FAT27,36.51022207,43.58123554,Waarpak
BRD-R02-FDT07-FAT28,36.51018041,43.5811297,Waarpak
BRD-R02-FDT07-FAT29,36.51020669,43.58066813,Waarpak
BRD-R02-FDT07-FAT30,36.51025542,43.57955996,Waarpak
BRD-R02-FDT07-FAT31,36.51079678,43.58060727,Waarpak
BRD-R02-FDT07-FAT32,36.51066478,43.58005286,Waarpak
BRD-R02-FDT07-FAT33,36.51068323,43.57970429,Waarpak
BRD-R02-FDT07-FAT34,36.51121425,43.57962381,Waarpak
BRD-R02-FDT07-FAT35,36.50772543,43.58279552,Waarpak
BRD-R02-FDT07-FAT36,36.5076556,43.58364351,Waarpak
BRD-R02-FDT07-FAT37,36.50820303,43.58444278,Waarpak
BRD-R02-FDT07-FAT38,36.5084812,43.5833944,Waarpak
BRD-R02-FDT07-FAT39,36.50953623,43.58420311,Waarpak
BRD-R02-FDT07-FAT40,36.50896596,43.5849501,Waarpak
BRD-R02-FDT07-FAT41,36.50754649,43.58506981,Waarpak
BRD-R02-FDT07-FAT42,36.50777892,43.58561901,Waarpak
BRD-R02-FDT07-FAT43,36.50849907,43.58572338,Waarpak
BRD-R02-FDT07-FAT44,36.50904903,43.58581237,Waarpak
BRD-R02-FDT07-FAT45,36.50927306,43.58586699,Waarpak
BRD-R02-FDT07-FAT46,36.51025817,43.58599081,Waarpak
BRD-R02-FDT07-FAT47,36.50789705,43.58070309,Waarpak
BRD-R02-FDT08-FAT01,36.50719959,43.58270738,Waarpak
BRD-R02-FDT08-FAT02,36.50570738,43.58195667,Waarpak
BRD-R02-FDT08-FAT03,36.50503431,43.58188354,Waarpak
BRD-R02-FDT08-FAT04,36.50440589,43.58100159,Waarpak
BRD-R02-FDT08-FAT05,36.50415583,43.58056307,Waarpak
BRD-R02-FDT08-FAT06,36.50382975,43.57996459,Waarpak
BRD-R02-FDT08-FAT07,36.5056581,43.58139057,Waarpak
BRD-R02-FDT08-FAT08,36.50488918,43.58125415,Waarpak
BRD-R02-FDT08-FAT09,36.50468161,43.5804689,Waarpak
BRD-R02-FDT08-FAT10,36.50442684,43.58019403,Waarpak
BRD-R02-FDT08-FAT11,36.50574584,43.5827467,Waarpak
BRD-R02-FDT08-FAT12,36.5051098,43.58265453,Waarpak
BRD-R02-FDT08-FAT13,36.50388872,43.58366112,Waarpak
BRD-R02-FDT08-FAT14,36.50338479,43.58359832,Waarpak
BRD-R02-FDT08-FAT15,36.50284685,43.5835317,Waarpak
BRD-R02-FDT08-FAT16,36.50288578,43.58415524,Waarpak
BRD-R02-FDT08-FAT17,36.50243558,43.58511247,Waarpak
BRD-R02-FDT08-FAT18,36.50240106,43.58563554,Waarpak
BRD-R02-FDT08-FAT19,36.50398409,43.58306639,Waarpak
BRD-R02-FDT08-FAT20,36.50343774,43.58300477,Waarpak
BRD-R02-FDT08-FAT21,36.50301049,43.58295523,Waarpak
BRD-R02-FDT08-FAT22,36.50268522,43.58239636,Waarpak
BRD-R02-FDT08-FAT23,36.50275925,43.58148442,Waarpak
BRD-R02-FDT08-FAT24,36.50367361,43.58056666,Waarpak
BRD-R02-FDT08-FAT25,36.50450185,43.58491786,Waarpak
BRD-R02-FDT08-FAT26,36.50459636,43.58374845,Waarpak
BRD-R02-FDT08-FAT27,36.50408674,43.58430621,Waarpak
BRD-R02-FDT08-FAT28,36.50385238,43.58563874,Waarpak
BRD-R02-FDT08-FAT29,36.5029754,43.58620936,Waarpak
BRD-R02-FDT08-FAT30,36.50335865,43.58626943,Waarpak
BRD-R02-FDT08-FAT31,36.50634875,43.58178116,Waarpak
BRD-R02-FDT08-FAT32,36.50640668,43.58110305,Waarpak
BRD-R02-FDT08-FAT33,36.50556194,43.58063332,Waarpak
BRD-R02-FDT08-FAT34,36.50483853,43.57994511,Waarpak
BRD-R02-FDT08-FAT35,36.50573684,43.57990537,Waarpak
BRD-R02-FDT08-FAT36,36.505375,43.57974051,Waarpak
BRD-R02-FDT08-FAT37,36.50570881,43.57916368,Waarpak
BRD-R02-FDT08-FAT38,36.50484686,43.5786268,Waarpak
BRD-R02-FDT08-FAT39,36.50453494,43.5794979,Waarpak
BRD-R02-FDT08-FAT40,36.50681135,43.58184061,Waarpak
BRD-R02-FDT08-FAT41,36.50691112,43.58073203,Waarpak
BRD-R02-FDT08-FAT42,36.50650862,43.57976485,Waarpak
BRD-R02-FDT08-FAT43,36.50611602,43.57956227,Waarpak
BRD-R02-FDT08-FAT44,36.50601808,43.57889312,Waarpak
BRD-R02-FDT08-FAT45,36.50557244,43.57814124,Waarpak
BRD-R02-FDT08-FAT46,36.50492142,43.57703318,Waarpak
BRD-R02-FDT08-FAT47,36.50522949,43.57833806,Waarpak
BRD-R02-FDT08-FAT48,36.50494079,43.57784173,Waarpak
BRD-R02-FDT08-FAT49,36.50457199,43.57739149,Waarpak
BRD-R02-FDT08-FAT50,36.50727972,43.58179768,Waarpak
BRD-R02-FDT09-FAT01,36.5137379,43.5757421,Waarpak
BRD-R02-FDT09-FAT02,36.51333295,43.57635828,Waarpak
BRD-R02-FDT09-FAT03,36.51302093,43.57711605,Waarpak
BRD-R02-FDT09-FAT04,36.51378921,43.5770552,Waarpak
BRD-R02-FDT09-FAT05,36.51429667,43.57701501,Waarpak
BRD-R02-FDT09-FAT06,36.51302673,43.57533451,Waarpak
BRD-R02-FDT09-FAT07,36.51260846,43.57515102,Waarpak
BRD-R02-FDT09-FAT08,36.51393149,43.57658887,Waarpak
BRD-R02-FDT09-FAT09,36.5142991,43.57661493,Waarpak
BRD-R02-FDT09-FAT10,36.5146921,43.57621233,Waarpak
BRD-R02-FDT09-FAT11,36.51274594,43.57770834,Waarpak
BRD-R02-FDT09-FAT12,36.51322008,43.5783336,Waarpak
BRD-R02-FDT09-FAT13,36.5141372,43.578265,Waarpak
BRD-R02-FDT09-FAT14,36.51337676,43.57765939,Waarpak
BRD-R02-FDT09-FAT15,36.51382106,43.57762286,Waarpak
BRD-R02-FDT09-FAT16,36.51454497,43.57756872,Waarpak
BRD-R02-FDT09-FAT17,36.51492687,43.57751405,Waarpak
BRD-R02-FDT09-FAT18,36.51521648,43.57794103,Waarpak
BRD-R02-FDT09-FAT19,36.5141777,43.57370426,Waarpak
BRD-R02-FDT09-FAT20,36.51335834,43.57278153,Waarpak
BRD-R02-FDT09-FAT21,36.51311663,43.57182002,Waarpak
BRD-R02-FDT09-FAT22,36.513776,43.57247137,Waarpak
BRD-R02-FDT09-FAT23,36.51411971,43.57138574,Waarpak
BRD-R02-FDT09-FAT24,36.51261337,43.57103767,Waarpak
BRD-R02-FDT09-FAT25,36.51410322,43.57047118,Waarpak
BRD-R02-FDT09-FAT26,36.51465702,43.57050395,Waarpak
BRD-R02-FDT09-FAT27,36.5151878,43.57230048,Waarpak
BRD-R02-FDT09-FAT28,36.51595774,43.57421345,Waarpak
BRD-R02-FDT09-FAT29,36.51635429,43.57474451,Waarpak
BRD-R02-FDT09-FAT30,36.51657428,43.57503305,Waarpak
BRD-R02-FDT09-FAT31,36.51691922,43.57543433,Waarpak
BRD-R02-FDT09-FAT32,36.51753982,43.576204,Waarpak
BRD-R02-FDT09-FAT33,36.51518381,43.57486665,Waarpak
BRD-R02-FDT09-FAT34,36.51542855,43.57515461,Waarpak
BRD-R02-FDT09-FAT35,36.51599763,43.5758242,Waarpak
DMZ-R01-FDT01-FAT01,36.80020458,42.91373629,Delta (Duhok)
DMZ-R01-FDT01-FAT02,36.80028189,42.913213,Delta (Duhok)
DMZ-R01-FDT01-FAT03,36.79938856,42.91260759,Delta (Duhok)
DMZ-R01-FDT01-FAT04,36.79889151,42.9122562,Delta (Duhok)
DMZ-R01-FDT01-FAT05,36.79838242,42.91203166,Delta (Duhok)
DMZ-R01-FDT01-FAT06,36.80110782,42.91310751,Delta (Duhok)
DMZ-R01-FDT01-FAT07,36.79943526,42.91308612,Delta (Duhok)
DMZ-R01-FDT01-FAT08,36.80050618,42.91237767,Delta (Duhok)
DMZ-R01-FDT01-FAT09,36.80020669,42.91232981,Delta (Duhok)
DMZ-R01-FDT01-FAT10,36.80087879,42.91104358,Delta (Duhok)
DMZ-R01-FDT01-FAT11,36.80151479,42.91107127,Delta (Duhok)
DMZ-R01-FDT01-FAT12,36.80091477,42.91043677,Delta (Duhok)
DMZ-R01-FDT01-FAT13,36.79977459,42.91103738,Delta (Duhok)
DMZ-R01-FDT01-FAT14,36.79972602,42.91139189,Delta (Duhok)
DMZ-R01-FDT01-FAT15,36.79879103,42.91116704,Delta (Duhok)
DMZ-R01-FDT01-FAT16,36.79738959,42.91215396,Delta (Duhok)
DMZ-R01-FDT01-FAT17,36.79741633,42.91083521,Delta (Duhok)
DMZ-R01-FDT01-FAT18,36.79901126,42.91062394,Delta (Duhok)
DMZ-R01-FDT01-FAT19,36.79801234,42.91126735,Delta (Duhok)
DMZ-R01-FDT01-FAT20,36.79781712,42.9112925,Delta (Duhok)
DMZ-R01-FDT01-FAT21,36.79685604,42.91154834,Delta (Duhok)
DMZ-R01-FDT01-FAT22,36.79647423,42.91147651,Delta (Duhok)
DMZ-R01-FDT01-FAT23,36.80112136,42.91369243,Delta (Duhok)
DMZ-R01-FDT01-FAT24,36.80172734,42.91361549,Delta (Duhok)
DMZ-R01-FDT01-FAT25,36.8016591,42.91276272,Delta (Duhok)
DMZ-R01-FDT01-FAT26,36.80218075,42.91214322,Delta (Duhok)
DMZ-R01-FDT01-FAT27,36.80196094,42.91168979,Delta (Duhok)
DMZ-R01-FDT01-FAT28,36.80253281,42.91068071,Delta (Duhok)
DMZ-R01-FDT01-FAT29,36.80281635,42.91092459,Delta (Duhok)
DMZ-R01-FDT01-FAT30,36.8037513,42.91160159,Delta (Duhok)
DMZ-R01-FDT01-FAT31,36.80422439,42.91181471,Delta (Duhok)
DMZ-R01-FDT01-FAT32,36.80476373,42.91172657,Delta (Duhok)
DMZ-R01-FDT01-FAT33,36.80249045,42.91017792,Delta (Duhok)
DMZ-R01-FDT01-FAT34,36.80445072,42.90991709,Delta (Duhok)
DMZ-R01-FDT01-FAT35,36.803303,42.91085447,Delta (Duhok)
DMZ-R01-FDT01-FAT36,36.80386193,42.91051426,Delta (Duhok)
DMZ-R01-FDT01-FAT37,36.80412435,42.91074257,Delta (Duhok)
DMZ-R01-FDT01-FAT38,36.80476356,42.91061812,Delta (Duhok)
DMZ-R01-FDT01-FAT39,36.80511917,42.91034967,Delta (Duhok)
DMZ-R01-FDT01-FAT40,36.80081307,42.91421108,Delta (Duhok)
DMZ-R01-FDT01-FAT41,36.80178063,42.91421756,Delta (Duhok)
DMZ-R01-FDT01-FAT42,36.80272386,42.91406781,Delta (Duhok)
DMZ-R01-FDT01-FAT43,36.80287342,42.91454606,Delta (Duhok)
DMZ-R01-FDT01-FAT44,36.80356842,42.91429129,Delta (Duhok)
DMZ-R01-FDT01-FAT45,36.80345552,42.91382536,Delta (Duhok)
DMZ-R01-FDT01-FAT46,36.80409898,42.91337624,Delta (Duhok)
DMZ-R01-FDT01-FAT47,36.80485505,42.91290473,Delta (Duhok)
DMZ-R01-FDT01-FAT48,36.80271032,42.91286979,Delta (Duhok)
DMZ-R01-FDT01-FAT49,36.80287056,42.91253806,Delta (Duhok)
DMZ-R01-FDT01-FAT50,36.80363832,42.91258238,Delta (Duhok)
DMZ-R01-FDT01-FAT51,36.80401182,42.91235438,Delta (Duhok)
DMZ-R01-FDT01-FAT52,36.80517905,42.91217425,Delta (Duhok)
DMZ-R01-FDT01-FAT53,36.80023379,42.90438185,Delta (Duhok)
DMZ-R01-FDT02-FAT01,36.797454,42.91664468,Delta (Duhok)
DMZ-R01-FDT02-FAT02,36.79689426,42.91598065,Delta (Duhok)
DMZ-R01-FDT02-FAT03,36.79622622,42.91470764,Delta (Duhok)
DMZ-R01-FDT02-FAT04,36.79565556,42.91442934,Delta (Duhok)
DMZ-R01-FDT02-FAT05,36.79727698,42.91555308,Delta (Duhok)
DMZ-R01-FDT02-FAT06,36.79693825,42.9147542,Delta (Duhok)
DMZ-R01-FDT02-FAT07,36.79622866,42.91590619,Delta (Duhok)
DMZ-R01-FDT02-FAT08,36.795029,42.91494702,Delta (Duhok)
DMZ-R01-FDT02-FAT09,36.79485062,42.91486411,Delta (Duhok)
DMZ-R01-FDT02-FAT10,36.79455459,42.91543802,Delta (Duhok)
DMZ-R01-FDT02-FAT11,36.79413381,42.91524652,Delta (Duhok)
DMZ-R01-FDT02-FAT12,36.79313054,42.91465594,Delta (Duhok)
DMZ-R01-FDT02-FAT13,36.79294779,42.91384067,Delta (Duhok)
DMZ-R01-FDT02-FAT14,36.79896308,42.91583127,Delta (Duhok)
DMZ-R01-FDT02-FAT15,36.7981751,42.9151837,Delta (Duhok)
DMZ-R01-FDT02-FAT16,36.79807118,42.91440462,Delta (Duhok)
DMZ-R01-FDT02-FAT17,36.79746357,42.91444934,Delta (Duhok)
DMZ-R01-FDT02-FAT18,36.79683813,42.91375183,Delta (Duhok)
DMZ-R01-FDT02-FAT19,36.79561816,42.91367767,Delta (Duhok)
DMZ-R01-FDT02-FAT20,36.794738,42.91339963,Delta (Duhok)
DMZ-R01-FDT02-FAT21,36.79441384,42.91392158,Delta (Duhok)
DMZ-R01-FDT02-FAT22,36.79396818,42.91451537,Delta (Duhok)
DMZ-R01-FDT02-FAT23,36.79341626,42.91371454,Delta (Duhok)
DMZ-R01-FDT02-FAT24,36.79915656,42.91533066,Delta (Duhok)
DMZ-R01-FDT02-FAT25,36.79933595,42.91528496,Delta (Duhok)
DMZ-R01-FDT02-FAT26,36.79958483,42.9147082,Delta (Duhok)
DMZ-R01-FDT02-FAT27,36.79922427,42.91440408,Delta (Duhok)
DMZ-R01-FDT02-FAT28,36.79863406,42.91390626,Delta (Duhok)
DMZ-R01-FDT02-FAT29,36.79763176,42.91314376,Delta (Duhok)
DMZ-R01-FDT02-FAT30,36.79680958,42.91316277,Delta (Duhok)
DMZ-R01-FDT02-FAT31,36.7957765,42.9129882,Delta (Duhok)
DMZ-R01-FDT03-FAT01,36.79916353,42.91839274,Delta (Duhok)
DMZ-R01-FDT03-FAT02,36.79816766,42.91855359,Delta (Duhok)
DMZ-R01-FDT03-FAT03,36.79762482,42.91864127,Delta (Duhok)
DMZ-R01-FDT03-FAT04,36.79733254,42.91906793,Delta (Duhok)
DMZ-R01-FDT03-FAT05,36.79720667,42.91933007,Delta (Duhok)
DMZ-R01-FDT03-FAT06,36.79741451,42.9198788,Delta (Duhok)
DMZ-R01-FDT03-FAT07,36.79705737,42.91996813,Delta (Duhok)
DMZ-R01-FDT03-FAT08,36.79636468,42.91994805,Delta (Duhok)
DMZ-R01-FDT03-FAT09,36.79661781,42.91880158,Delta (Duhok)
DMZ-R01-FDT03-FAT10,36.79579698,42.91893046,Delta (Duhok)
DMZ-R01-FDT03-FAT11,36.79584957,42.91945573,Delta (Duhok)
DMZ-R01-FDT03-FAT12,36.79565636,42.91949176,Delta (Duhok)
DMZ-R01-FDT03-FAT13,36.79519822,42.9194548,Delta (Duhok)
DMZ-R01-FDT03-FAT14,36.79512534,42.91883297,Delta (Duhok)
DMZ-R01-FDT03-FAT15,36.79498592,42.91899725,Delta (Duhok)
DMZ-R01-FDT03-FAT16,36.79497421,42.92080692,Delta (Duhok)
DMZ-R01-FDT03-FAT17,36.79505592,42.92018114,Delta (Duhok)
DMZ-R01-FDT03-FAT18,36.79429999,42.92025437,Delta (Duhok)
DMZ-R01-FDT03-FAT19,36.79465635,42.91967824,Delta (Duhok)
DMZ-R01-FDT03-FAT20,36.79425552,42.91975298,Delta (Duhok)
DMZ-R01-FDT03-FAT21,36.7938719,42.91982451,Delta (Duhok)
DMZ-R01-FDT03-FAT22,36.79396704,42.92079661,Delta (Duhok)
DMZ-R01-FDT03-FAT23,36.79857491,42.91800231,Delta (Duhok)
DMZ-R01-FDT03-FAT24,36.79811017,42.91807905,Delta (Duhok)
DMZ-R01-FDT03-FAT25,36.79640573,42.91836049,Delta (Duhok)
DMZ-R01-FDT03-FAT26,36.79611646,42.91777486,Delta (Duhok)
DMZ-R01-FDT03-FAT27,36.79550139,42.91772419,Delta (Duhok)
DMZ-R01-FDT03-FAT28,36.79454891,42.91789951,Delta (Duhok)
DMZ-R01-FDT03-FAT29,36.79392953,42.91799856,Delta (Duhok)
DMZ-R01-FDT03-FAT30,36.79458921,42.9184942,Delta (Duhok)
DMZ-R01-FDT03-FAT31,36.79414063,42.91856615,Delta (Duhok)
DMZ-R01-FDT03-FAT32,36.79489806,42.91723855,Delta (Duhok)
DMZ-R01-FDT03-FAT33,36.7948246,42.91714322,Delta (Duhok)
DMZ-R01-FDT03-FAT34,36.79433656,42.91721935,Delta (Duhok)
DMZ-R01-FDT03-FAT35,36.79394313,42.91728072,Delta (Duhok)
DMZ-R01-FDT03-FAT36,36.79384184,42.91638857,Delta (Duhok)
DMZ-R01-FDT03-FAT37,36.7992225,42.91898989,Delta (Duhok)
DMZ-R01-FDT03-FAT38,36.79926537,42.91942404,Delta (Duhok)
DMZ-R01-FDT03-FAT39,36.79916232,42.92021378,Delta (Duhok)
DMZ-R01-FDT03-FAT40,36.79847602,42.92032779,Delta (Duhok)
DMZ-R01-FDT03-FAT41,36.7979409,42.92041668,Delta (Duhok)
DMZ-R01-FDT03-FAT42,36.79769305,42.92045785,Delta (Duhok)
DMZ-R01-FDT03-FAT43,36.79686742,42.920595,Delta (Duhok)
DMZ-R01-FDT03-FAT44,36.79652715,42.92075466,Delta (Duhok)
DMZ-R01-FDT03-FAT45,36.79607462,42.92072539,Delta (Duhok)
DMZ-R01-FDT03-FAT46,36.79517311,42.92125716,Delta (Duhok)
DMZ-R01-FDT03-FAT47,36.79493698,42.92188326,Delta (Duhok)
DMZ-R01-FDT03-FAT48,36.79440855,42.92139318,Delta (Duhok)
DMZ-R01-FDT03-FAT49,36.79847876,42.91911557,Delta (Duhok)
DMZ-R01-FDT03-FAT50,36.79820599,42.91974238,Delta (Duhok)
DMZ-R01-FDT03-FAT51,36.798476,42.92133021,Delta (Duhok)
DMZ-R01-FDT03-FAT52,36.79366202,42.91542401,Delta (Duhok)
DMZ-R01-FDT03-FAT53,36.7941749,42.91894946,Delta (Duhok)
DMZ-R01-FDT03-FAT54,36.79462191,42.91591501,Delta (Duhok)
DMZ-R01-FDT04-FAT01,36.7999631,42.92100025,Delta (Duhok)
DMZ-R01-FDT04-FAT02,36.80018595,42.91972098,Delta (Duhok)
DMZ-R01-FDT04-FAT03,36.80149377,42.92074098,Delta (Duhok)
DMZ-R01-FDT04-FAT04,36.80217163,42.91924795,Delta (Duhok)
DMZ-R01-FDT04-FAT05,36.80357772,42.91927995,Delta (Duhok)
DMZ-R01-FDT04-FAT06,36.80143951,42.91942231,Delta (Duhok)
DMZ-R01-FDT04-FAT07,36.80225858,42.92061189,Delta (Duhok)
DMZ-R01-FDT04-FAT08,36.80299444,42.92047738,Delta (Duhok)
DMZ-R01-FDT04-FAT09,36.80456285,42.92020801,Delta (Duhok)
DMZ-R01-FDT04-FAT10,36.80506373,42.91911494,Delta (Duhok)
DMZ-R01-FDT04-FAT11,36.80474975,42.91806782,Delta (Duhok)
DMZ-R01-FDT04-FAT12,36.80571133,42.91937068,Delta (Duhok)
DMZ-R01-FDT04-FAT13,36.80551029,42.91831626,Delta (Duhok)
DMZ-R01-FDT04-FAT14,36.80518923,42.91781511,Delta (Duhok)
DMZ-R01-FDT04-FAT15,36.79968688,42.91856421,Delta (Duhok)
DMZ-R01-FDT04-FAT16,36.80047775,42.91815763,Delta (Duhok)
DMZ-R01-FDT04-FAT17,36.80017056,42.91758686,Delta (Duhok)
DMZ-R01-FDT04-FAT18,36.79998692,42.91696079,Delta (Duhok)
DMZ-R01-FDT04-FAT19,36.80047786,42.91695226,Delta (Duhok)
DMZ-R01-FDT04-FAT20,36.80063602,42.91687465,Delta (Duhok)
DMZ-R01-FDT04-FAT21,36.80126313,42.91621782,Delta (Duhok)
DMZ-R01-FDT04-FAT22,36.80157321,42.91577874,Delta (Duhok)
DMZ-R01-FDT04-FAT23,36.80095081,42.91526727,Delta (Duhok)
DMZ-R01-FDT04-FAT24,36.80222304,42.91674366,Delta (Duhok)
DMZ-R01-FDT04-FAT25,36.80266182,42.9168296,Delta (Duhok)
DMZ-R01-FDT04-FAT26,36.80277545,42.91636086,Delta (Duhok)
DMZ-R01-FDT04-FAT27,36.8029212,42.91562919,Delta (Duhok)
DMZ-R01-FDT04-FAT28,36.80020498,42.91911836,Delta (Duhok)
DMZ-R01-FDT04-FAT29,36.80169389,42.91851529,Delta (Duhok)
DMZ-R01-FDT04-FAT30,36.80301521,42.91793729,Delta (Duhok)
DMZ-R01-FDT04-FAT31,36.80334794,42.9180226,Delta (Duhok)
DMZ-R01-FDT04-FAT32,36.80380039,42.9170411,Delta (Duhok)
DMZ-R01-FDT04-FAT33,36.80396685,42.91736606,Delta (Duhok)
DMZ-R01-FDT04-FAT34,36.80437171,42.91693627,Delta (Duhok)
DMZ-R01-FDT04-FAT35,36.80287692,42.91887099,Delta (Duhok)
DMZ-R01-FDT05-FAT01,36.78857512,42.91956108,Delta (Duhok)
DMZ-R01-FDT05-FAT02,36.78938411,42.9197389,Delta (Duhok)
DMZ-R01-FDT05-FAT03,36.78940091,42.91990568,Delta (Duhok)
DMZ-R01-FDT05-FAT04,36.78948801,42.92070369,Delta (Duhok)
DMZ-R01-FDT05-FAT05,36.78907163,42.9207682,Delta (Duhok)
DMZ-R01-FDT05-FAT06,36.79006173,42.92163359,Delta (Duhok)
DMZ-R01-FDT05-FAT07,36.78950559,42.92183039,Delta (Duhok)
DMZ-R01-FDT05-FAT08,36.79027231,42.92104818,Delta (Duhok)
DMZ-R01-FDT05-FAT09,36.79159022,42.92043183,Delta (Duhok)
DMZ-R01-FDT05-FAT10,36.79195939,42.92021009,Delta (Duhok)
DMZ-R01-FDT05-FAT11,36.79201628,42.92175692,Delta (Duhok)
DMZ-R01-FDT05-FAT12,36.79241852,42.92106342,Delta (Duhok)
DMZ-R01-FDT05-FAT13,36.79243714,42.92126168,Delta (Duhok)
DMZ-R01-FDT05-FAT14,36.79249146,42.92183994,Delta (Duhok)
DMZ-R01-FDT05-FAT15,36.79323183,42.92148671,Delta (Duhok)
DMZ-R01-FDT05-FAT16,36.79292405,42.92203376,Delta (Duhok)
DMZ-R01-FDT05-FAT17,36.78882118,42.91813217,Delta (Duhok)
DMZ-R01-FDT05-FAT18,36.79170916,42.91773039,Delta (Duhok)
DMZ-R01-FDT05-FAT19,36.79179797,42.91863359,Delta (Duhok)
DMZ-R01-FDT05-FAT20,36.79215563,42.91828466,Delta (Duhok)
DMZ-R01-FDT05-FAT21,36.79249981,42.91853069,Delta (Duhok)
DMZ-R01-FDT05-FAT22,36.79147698,42.91729747,Delta (Duhok)
DMZ-R01-FDT05-FAT23,36.79203988,42.91720463,Delta (Duhok)
DMZ-R01-FDT05-FAT24,36.79307465,42.91736166,Delta (Duhok)
DMZ-R01-FDT05-FAT25,36.79319959,42.91853335,Delta (Duhok)
DMZ-R01-FDT05-FAT26,36.79265545,42.91778462,Delta (Duhok)
DMZ-R01-FDT05-FAT27,36.79328637,42.91699904,Delta (Duhok)
DMZ-R01-FDT05-FAT28,36.79348989,42.91774709,Delta (Duhok)
DMZ-R01-FDT05-FAT29,36.79353841,42.91824444,Delta (Duhok)
DMZ-R01-FDT05-FAT30,36.79363813,42.91922969,Delta (Duhok)
DMZ-R01-FDT05-FAT31,36.78975448,42.91848733,Delta (Duhok)
DMZ-R01-FDT05-FAT32,36.79030889,42.91933488,Delta (Duhok)
DMZ-R01-FDT05-FAT33,36.79112016,42.91983736,Delta (Duhok)
DMZ-R01-FDT05-FAT34,36.7926816,42.91959125,Delta (Duhok)
DMZ-R01-FDT05-FAT35,36.79278614,42.92056991,Delta (Duhok)
DMZ-R01-FDT05-FAT36,36.79173412,42.91924078,Delta (Duhok)
DMZ-R01-FDT05-FAT37,36.79278385,42.91911301,Delta (Duhok)
DMZ-R01-FDT05-FAT38,36.79319734,42.91906268,Delta (Duhok)
DMZ-R01-FDT05-FAT39,36.79339312,42.9200986,Delta (Duhok)
DMZ-R01-FDT05-FAT40,36.79346322,42.92083344,Delta (Duhok)
DMZ-R01-FDT05-FAT41,36.78980531,42.91899441,Delta (Duhok)
DMZ-R01-FDT05-FAT42,36.78838998,42.92144384,Delta (Duhok)
DMZ-R01-FDT05-FAT43,36.78924033,42.91805472,Delta (Duhok)
DMZ-R01-FDT06-FAT01,36.79081279,42.91347504,Delta (Duhok)
DMZ-R01-FDT06-FAT02,36.79021535,42.91509739,Delta (Duhok)
DMZ-R01-FDT06-FAT03,36.7903822,42.91663176,Delta (Duhok)
DMZ-R01-FDT06-FAT04,36.79044841,42.91723345,Delta (Duhok)
DMZ-R01-FDT06-FAT05,36.79136015,42.91495328,Delta (Duhok)
DMZ-R01-FDT06-FAT06,36.79153273,42.91666015,Delta (Duhok)
DMZ-R01-FDT06-FAT07,36.79086072,42.91510181,Delta (Duhok)
DMZ-R01-FDT06-FAT08,36.79095818,42.91606654,Delta (Duhok)
DMZ-R01-FDT06-FAT09,36.79092644,42.91668911,Delta (Duhok)
DMZ-R01-FDT06-FAT10,36.78957017,42.91455669,Delta (Duhok)
DMZ-R01-FDT06-FAT11,36.78947046,42.91502674,Delta (Duhok)
DMZ-R01-FDT06-FAT12,36.78900316,42.91551771,Delta (Duhok)
DMZ-R01-FDT06-FAT13,36.78911053,42.91661952,Delta (Duhok)
DMZ-R01-FDT06-FAT14,36.78868662,42.91700208,Delta (Duhok)
DMZ-R01-FDT06-FAT15,36.78965514,42.91596065,Delta (Duhok)
DMZ-R01-FDT06-FAT16,36.78975374,42.91638448,Delta (Duhok)
DMZ-R01-FDT06-FAT17,36.78982235,42.91704864,Delta (Duhok)
DMZ-R01-FDT06-FAT18,36.78855096,42.91494433,Delta (Duhok)
DMZ-R01-FDT06-FAT19,36.788318,42.91497629,Delta (Duhok)
DMZ-R01-FDT06-FAT20,36.78810508,42.91461023,Delta (Duhok)
DMZ-R01-FDT06-FAT21,36.78780614,42.91601628,Delta (Duhok)
DMZ-R01-FDT06-FAT22,36.78786863,42.91659798,Delta (Duhok)
DMZ-R01-FDT06-FAT23,36.7879361,42.91722597,Delta (Duhok)
DMZ-R01-FDT06-FAT24,36.79151558,42.91321718,Delta (Duhok)
DMZ-R01-FDT06-FAT25,36.79113058,42.91219079,Delta (Duhok)
DMZ-R01-FDT06-FAT26,36.79084621,42.91193726,Delta (Duhok)
DMZ-R01-FDT06-FAT27,36.79166707,42.91271041,Delta (Duhok)
DMZ-R01-FDT06-FAT28,36.79043975,42.91340363,Delta (Duhok)
DMZ-R01-FDT06-FAT29,36.78998381,42.91349404,Delta (Duhok)
DMZ-R01-FDT06-FAT30,36.78979415,42.91368136,Delta (Duhok)
DMZ-R01-FDT06-FAT31,36.78922019,42.91363035,Delta (Duhok)
DMZ-R01-FDT06-FAT32,36.78868509,42.91387583,Delta (Duhok)
DMZ-R01-FDT06-FAT33,36.7890066,42.91431793,Delta (Duhok)
DMZ-R01-FDT06-FAT34,36.78978951,42.91273014,Delta (Duhok)
DMZ-R01-FDT06-FAT35,36.78942241,42.91276284,Delta (Duhok)
DMZ-R01-FDT06-FAT36,36.78892935,42.91248221,Delta (Duhok)
DMZ-R01-FDT06-FAT37,36.7886668,42.9132368,Delta (Duhok)
DMZ-R01-FDT06-FAT38,36.78809485,42.91334609,Delta (Duhok)
DMZ-R01-FDT06-FAT39,36.7877124,42.91391783,Delta (Duhok)
DMZ-R01-FDT06-FAT40,36.79236864,42.91419648,Delta (Duhok)
DMZ-R01-FDT06-FAT41,36.79162012,42.91396064,Delta (Duhok)
DMZ-R01-FDT06-FAT42,36.79167648,42.91448304,Delta (Duhok)
DMZ-R01-FDT06-FAT43,36.79173338,42.91501499,Delta (Duhok)
DMZ-R01-FDT06-FAT44,36.79192463,42.91537298,Delta (Duhok)
DMZ-R01-FDT06-FAT45,36.79217045,42.91463575,Delta (Duhok)
DMZ-R01-FDT06-FAT46,36.79254402,42.91577202,Delta (Duhok)
DMZ-R01-FDT06-FAT47,36.79187509,42.91634,Delta (Duhok)
DMZ-R01-FDT06-FAT48,36.79192818,42.91683651,Delta (Duhok)
DMZ-R01-FDT06-FAT49,36.79242969,42.91649373,Delta (Duhok)
DMZ-R01-FDT06-FAT50,36.79289744,42.91649955,Delta (Duhok)
DMZ-R01-FDT06-FAT51,36.79305128,42.91684387,Delta (Duhok)
DMZ-R01-FDT06-FAT52,36.79337,42.91644066,Delta (Duhok)
DMZ-R01-FDT06-FAT53,36.79263285,42.91316508,Delta (Duhok)
DMZ-R01-FDT06-FAT54,36.78931946,42.91176048,Delta (Duhok)
DMZ-R01-FDT06-FAT55,36.79232991,42.91262497,Delta (Duhok)
DMZ-R01-FDT07-FAT01,36.78456373,42.91969224,O3 Areas Duhok
DMZ-R01-FDT07-FAT02,36.78456432,42.91972129,O3 Areas Duhok
DMZ-R01-FDT07-FAT03,36.78454219,42.91969389,O3 Areas Duhok
DMZ-R01-FDT07-FAT04,36.78454289,42.91972253,O3 Areas Duhok
DMZ-R01-FDT07-FAT05,36.78497817,42.9195873,O3 Areas Duhok
DMZ-R01-FDT07-FAT06,36.78497876,42.91961635,O3 Areas Duhok
DMZ-R01-FDT07-FAT07,36.78495663,42.91958894,O3 Areas Duhok
DMZ-R01-FDT07-FAT08,36.78495734,42.91961759,O3 Areas Duhok
DMZ-R01-FDT07-FAT09,36.78538314,42.91953762,O3 Areas Duhok
DMZ-R01-FDT07-FAT10,36.78538374,42.91956667,O3 Areas Duhok
DMZ-R01-FDT07-FAT11,36.78536161,42.91953926,O3 Areas Duhok
DMZ-R01-FDT07-FAT12,36.78536231,42.91956791,O3 Areas Duhok
DMZ-R01-FDT07-FAT13,36.78580391,42.91944391,O3 Areas Duhok
DMZ-R01-FDT07-FAT14,36.7858045,42.91947296,O3 Areas Duhok
DMZ-R01-FDT07-FAT15,36.78578238,42.91944556,O3 Areas Duhok
DMZ-R01-FDT07-FAT16,36.78578308,42.9194742,O3 Areas Duhok
DMZ-R01-FDT07-FAT17,36.78588376,42.91995808,O3 Areas Duhok
DMZ-R01-FDT07-FAT18,36.78588435,42.91998713,O3 Areas Duhok
DMZ-R01-FDT07-FAT19,36.78586223,42.91995973,O3 Areas Duhok
DMZ-R01-FDT07-FAT20,36.78586293,42.91998837,O3 Areas Duhok
DMZ-R01-FDT07-FAT21,36.7859257,42.92045901,O3 Areas Duhok
DMZ-R01-FDT07-FAT22,36.7859263,42.92048806,O3 Areas Duhok
DMZ-R01-FDT07-FAT23,36.78590417,42.92046066,O3 Areas Duhok
DMZ-R01-FDT07-FAT24,36.78590487,42.92048931,O3 Areas Duhok
DMZ-R01-FDT07-FAT25,36.78597177,42.92096943,O3 Areas Duhok
DMZ-R01-FDT07-FAT26,36.78597237,42.92099848,O3 Areas Duhok
DMZ-R01-FDT07-FAT27,36.78595024,42.92097108,O3 Areas Duhok
DMZ-R01-FDT07-FAT28,36.78595094,42.92099972,O3 Areas Duhok
DMZ-R01-FDT07-FAT29,36.78604466,42.92152339,O3 Areas Duhok
DMZ-R01-FDT07-FAT30,36.78604525,42.92155244,O3 Areas Duhok
DMZ-R01-FDT07-FAT31,36.78602313,42.92152503,O3 Areas Duhok
DMZ-R01-FDT07-FAT32,36.78602383,42.92155368,O3 Areas Duhok
DMZ-R01-FDT07-FAT33,36.78461857,42.92020109,O3 Areas Duhok
DMZ-R01-FDT07-FAT34,36.78461917,42.92023014,O3 Areas Duhok
DMZ-R01-FDT07-FAT35,36.78459704,42.92020273,O3 Areas Duhok
DMZ-R01-FDT07-FAT36,36.78459774,42.92023138,O3 Areas Duhok
DMZ-R01-FDT07-FAT37,36.78503011,42.92010886,O3 Areas Duhok
DMZ-R01-FDT07-FAT38,36.7850307,42.92013791,O3 Areas Duhok
DMZ-R01-FDT07-FAT39,36.78500858,42.92011051,O3 Areas Duhok
DMZ-R01-FDT07-FAT40,36.78500928,42.92013915,O3 Areas Duhok
DMZ-R01-FDT07-FAT41,36.78543515,42.92005279,O3 Areas Duhok
DMZ-R01-FDT07-FAT42,36.78543574,42.92008184,O3 Areas Duhok
DMZ-R01-FDT07-FAT43,36.78541362,42.92005444,O3 Areas Duhok
DMZ-R01-FDT07-FAT44,36.78541432,42.92008308,O3 Areas Duhok
DMZ-R01-FDT07-FAT45,36.78548024,42.92056111,O3 Areas Duhok
DMZ-R01-FDT07-FAT46,36.78548084,42.92059016,O3 Areas Duhok
DMZ-R01-FDT07-FAT47,36.78545871,42.92056276,O3 Areas Duhok
DMZ-R01-FDT07-FAT48,36.78545941,42.9205914,O3 Areas Duhok
DMZ-R01-FDT07-FAT49,36.78556623,42.92107032,O3 Areas Duhok
DMZ-R01-FDT07-FAT50,36.78556683,42.92109937,O3 Areas Duhok
DMZ-R01-FDT07-FAT51,36.7855447,42.92107197,O3 Areas Duhok
DMZ-R01-FDT07-FAT52,36.7855454,42.92110062,O3 Areas Duhok
DMZ-R01-FDT07-FAT53,36.78562625,42.92159091,O3 Areas Duhok
DMZ-R01-FDT07-FAT54,36.78562684,42.92161997,O3 Areas Duhok
DMZ-R01-FDT07-FAT55,36.78560471,42.92159256,O3 Areas Duhok
DMZ-R01-FDT07-FAT56,36.78560541,42.92162121,O3 Areas Duhok
DMZ-R01-FDT07-FAT57,36.78475217,42.92175386,O3 Areas Duhok
DMZ-R01-FDT07-FAT58,36.78475276,42.92178291,O3 Areas Duhok
DMZ-R01-FDT07-FAT59,36.78473063,42.9217555,O3 Areas Duhok
DMZ-R01-FDT07-FAT60,36.78473133,42.92178415,O3 Areas Duhok
DMZ-R01-FDT07-FAT61,36.78470753,42.92122192,O3 Areas Duhok
DMZ-R01-FDT07-FAT62,36.78470812,42.92125097,O3 Areas Duhok
DMZ-R01-FDT07-FAT63,36.78468599,42.92122357,O3 Areas Duhok
DMZ-R01-FDT07-FAT64,36.7846867,42.92125221,O3 Areas Duhok
DMZ-R01-FDT07-FAT65,36.78466089,42.9206996,O3 Areas Duhok
DMZ-R01-FDT07-FAT66,36.78466148,42.92072865,O3 Areas Duhok
DMZ-R01-FDT07-FAT67,36.78463935,42.92070124,O3 Areas Duhok
DMZ-R01-FDT07-FAT68,36.78464005,42.92072989,O3 Areas Duhok
DMZ-R01-FDT07-FAT69,36.785076,42.923321,O3 Areas Duhok
DRK-R01-FDT01-FAT01,37.05523745,43.65475836,Waarpak
DRK-R01-FDT01-FAT02,37.05518553,43.65628388,Waarpak
DRK-R01-FDT01-FAT03,37.05556501,43.65774016,Waarpak
DRK-R01-FDT01-FAT04,37.05513183,43.65731593,Waarpak
DRK-R01-FDT01-FAT05,37.05562556,43.656321,Waarpak
DRK-R01-FDT01-FAT06,37.05608609,43.65625335,Waarpak
DRK-R01-FDT01-FAT07,37.05645612,43.65781077,Waarpak
DRK-R01-FDT01-FAT08,37.05652621,43.65640291,Waarpak
DRK-R01-FDT01-FAT09,37.05709005,43.65675873,Waarpak
DRK-R01-FDT01-FAT10,37.0588265,43.65619971,Waarpak
DRK-R01-FDT01-FAT11,37.05855245,43.65670855,Waarpak
DRK-R01-FDT01-FAT12,37.0578458,43.65711332,Waarpak
DRK-R01-FDT01-FAT13,37.0584944,43.65830568,Waarpak
DRK-R01-FDT01-FAT14,37.05909433,43.657418,Waarpak
DRK-R01-FDT01-FAT15,37.06061,43.656068,Waarpak
DRK-R01-FDT01-FAT16,37.0600533,43.65710594,Waarpak
DRK-R01-FDT01-FAT17,37.060426,43.65719825,Waarpak
DRK-R01-FDT01-FAT18,37.06101916,43.65859237,Waarpak
DRK-R01-FDT01-FAT19,37.05509995,43.65251968,Waarpak
DRK-R01-FDT01-FAT20,37.05475747,43.65502258,Waarpak
DRK-R01-FDT01-FAT21,37.05474504,43.65579275,Waarpak
DRK-R01-FDT01-FAT22,37.053302,43.65649518,Waarpak
DRK-R01-FDT01-FAT23,37.0537357,43.65756251,Waarpak
DRK-R01-FDT01-FAT24,37.05369756,43.65701604,Waarpak
DRK-R01-FDT01-FAT25,37.05471473,43.65747398,Waarpak
DRK-R01-FDT01-FAT26,37.05454593,43.65810925,Waarpak
DRK-R01-FDT01-FAT27,37.05481237,43.659234,Waarpak
DRK-R01-FDT01-FAT28,37.05547716,43.66044973,Waarpak
DRK-R01-FDT01-FAT29,37.05573921,43.65877614,Waarpak
DRK-R01-FDT01-FAT30,37.05683984,43.65943695,Waarpak
DRK-R01-FDT01-FAT31,37.05606367,43.65503079,Waarpak
DRK-R01-FDT01-FAT32,37.05601261,43.65778886,Waarpak
DRK-R01-FDT01-FAT33,37.05888767,43.65564157,Waarpak
DRK-R01-FDT01-FAT34,37.0578434,43.65655312,Waarpak
DRK-R01-FDT01-FAT35,37.05851865,43.65809522,Waarpak
DRK-R01-FDT01-FAT36,37.05783148,43.66028131,Waarpak
DRK-R01-FDT01-FAT37,37.0598791,43.65816884,Waarpak
DRK-R01-FDT01-FAT38,37.05960523,43.65639854,Waarpak
DRK-R01-FDT01-FAT39,37.06097892,43.65746001,Waarpak
DRK-R01-FDT01-FAT40,37.0614484,43.65674148,Waarpak
DRK-R01-FDT01-FAT41,37.0608065,43.6597033,Waarpak
DRK-R01-FDT01-FAT42,37.05367412,43.65578066,Waarpak
DRK-R01-FDT01-FAT43,37.05358803,43.65814529,Waarpak
DRK-R01-FDT01-FAT44,37.05620639,43.65881795,Waarpak
DRK-R01-FDT01-FAT45,37.0569304,43.66050843,Waarpak
DRK-R01-FDT01-FAT46,37.0550251,43.65849082,Waarpak
DRK-R01-FDT01-FAT47,37.0538814,43.65870202,Waarpak
DRK-R01-FDT02-FAT01,37.05512373,43.64683014,Waarpak
DRK-R01-FDT02-FAT02,37.05575204,43.64681171,Waarpak
DRK-R01-FDT02-FAT03,37.05699388,43.64758343,Waarpak
DRK-R01-FDT02-FAT04,37.05833867,43.64712194,Waarpak
DRK-R01-FDT02-FAT05,37.05932735,43.64758756,Waarpak
DRK-R01-FDT02-FAT06,37.05673101,43.64606513,Waarpak
DRK-R01-FDT02-FAT07,37.05716247,43.64607738,Waarpak
DRK-R01-FDT02-FAT08,37.05817165,43.64509778,Waarpak
DRK-R01-FDT02-FAT09,37.05920508,43.64586718,Waarpak
DRK-R01-FDT02-FAT10,37.0549003,43.6458388,Waarpak
DRK-R01-FDT02-FAT11,37.05394809,43.64659475,Waarpak
DRK-R01-FDT02-FAT12,37.05421527,43.64898521,Waarpak
DRK-R01-FDT02-FAT13,37.05443167,43.65144885,Waarpak
DRK-R01-FDT02-FAT14,37.05311338,43.64923916,Waarpak
DRK-R01-FDT02-FAT15,37.05472426,43.64978477,Waarpak
DRK-R01-FDT02-FAT16,37.05566176,43.64991546,Waarpak
DRK-R01-FDT02-FAT17,37.05654363,43.6527669,Waarpak
DRK-R01-FDT02-FAT18,37.0563695,43.64996006,Waarpak
DRK-R01-FDT02-FAT19,37.0569961,43.64998427,Waarpak
DRK-R01-FDT02-FAT20,37.05725767,43.64470187,Waarpak
DRK-R01-FDT02-FAT21,37.0593122,43.64372646,Waarpak
DRK-R01-FDT02-FAT22,37.05960331,43.64202274,Waarpak
DRK-R01-FDT02-FAT23,37.06190921,43.63881767,Waarpak
DRK-R01-FDT02-FAT24,37.06118528,43.63849544,Waarpak
DRK-R01-FDT02-FAT25,37.06235548,43.64039442,Waarpak
DRK-R01-FDT02-FAT26,37.06198513,43.64246028,Waarpak
DRK-R01-FDT02-FAT27,37.06282708,43.64174191,Waarpak
DRK-R01-FDT02-FAT28,37.05541327,43.6472242,Waarpak
DRK-R01-FDT02-FAT29,37.05738562,43.64782937,Waarpak
DRK-R01-FDT02-FAT30,37.06004567,43.64812987,Waarpak
DRK-R01-FDT02-FAT31,37.05858156,43.64540316,Waarpak
DRK-R01-FDT02-FAT32,37.05971975,43.64621384,Waarpak
DRK-R01-FDT02-FAT33,37.05370033,43.64919551,Waarpak
DRK-R01-FDT02-FAT34,37.05429427,43.65135454,Waarpak
DRK-R01-FDT02-FAT35,37.05656411,43.65218826,Waarpak
DRK-R01-FDT02-FAT36,37.05723721,43.64986243,Waarpak
DRK-R01-FDT02-FAT37,37.05718413,43.64448554,Waarpak
DRK-R01-FDT02-FAT38,37.06017142,43.63979706,Waarpak
DRK-R01-FDT02-FAT39,37.0609113,43.64233857,Waarpak
DRK-R01-FDT02-FAT40,37.06144472,43.6432176,Waarpak
DRK-R01-FDT02-FAT41,37.05285882,43.64843764,Waarpak
DRK-R01-FDT02-FAT42,37.05381914,43.65068279,Waarpak
DRK-R01-FDT02-FAT43,37.05405254,43.65226386,Waarpak
DRK-R01-FDT02-FAT44,37.05711177,43.65123535,Waarpak
DRK-R01-FDT02-FAT45,37.05613363,43.64726514,Waarpak
DRK-R01-FDT02-FAT46,37.06009002,43.64878065,Waarpak
DRK-R02-FDT01-FAT01,37.07567279,43.59664,PrimeLink Duhok
DRK-R02-FDT01-FAT02,37.07575472,43.5976344,PrimeLink Duhok
DRK-R02-FDT01-FAT03,37.07629181,43.59714133,PrimeLink Duhok
DRK-R02-FDT01-FAT04,37.07746376,43.59615023,PrimeLink Duhok
DRK-R02-FDT01-FAT05,37.07192477,43.60444332,PrimeLink Duhok
DRK-R02-FDT01-FAT06,37.07287833,43.6044421,PrimeLink Duhok
DRK-R02-FDT01-FAT07,37.07373975,43.60263788,PrimeLink Duhok
DRK-R02-FDT01-FAT08,37.07277146,43.60491206,PrimeLink Duhok
DRK-R02-FDT01-FAT09,37.07299957,43.60587416,PrimeLink Duhok
DRK-R02-FDT01-FAT10,37.07202677,43.60598422,PrimeLink Duhok
DRK-R02-FDT01-FAT11,37.07204954,43.60705244,PrimeLink Duhok
DRK-R02-FDT01-FAT12,37.07089607,43.60790318,PrimeLink Duhok
DRK-R02-FDT01-FAT13,37.07301087,43.58048233,PrimeLink Duhok
DRK-R02-FDT01-FAT14,37.07536051,43.57714906,PrimeLink Duhok
ETT-R01-FDT01-FAT01,36.83959968,43.08568766,3BG
ETT-R01-FDT01-FAT02,36.8399558,43.08673169,3BG
ETT-R01-FDT01-FAT03,36.84027067,43.08760571,3BG
ETT-R01-FDT01-FAT04,36.84055672,43.08842556,3BG
ETT-R01-FDT01-FAT05,36.84117812,43.08854594,3BG
ETT-R01-FDT01-FAT06,36.84151237,43.08835621,3BG
ETT-R01-FDT01-FAT07,36.84168465,43.08862331,3BG
ETT-R01-FDT01-FAT08,36.84206093,43.08838057,3BG
ETT-R01-FDT01-FAT09,36.84188472,43.08953771,3BG
ETT-R01-FDT01-FAT10,36.84332327,43.0877767,3BG
ETT-R01-FDT01-FAT11,36.83986764,43.08819529,3BG
ETT-R01-FDT01-FAT12,36.84085578,43.08916842,3BG
ETT-R01-FDT01-FAT13,36.84115856,43.08956524,3BG
ETT-R01-FDT01-FAT14,36.83937903,43.08680912,3BG
ETT-R01-FDT01-FAT15,36.8405662,43.08700326,3BG
ETT-R01-FDT01-FAT16,36.84048787,43.08681203,3BG
ETT-R01-FDT01-FAT17,36.84097539,43.08680103,3BG
ETT-R01-FDT01-FAT18,36.84099899,43.08687302,3BG
ETT-R01-FDT01-FAT19,36.84142515,43.08653849,3BG
ETT-R01-FDT01-FAT20,36.84135702,43.08632448,3BG
ETT-R01-FDT01-FAT21,36.84169792,43.08625528,3BG
ETT-R01-FDT01-FAT22,36.84136544,43.08471707,3BG
ETT-R01-FDT01-FAT23,36.8415068,43.08390313,3BG
ETT-R01-FDT01-FAT24,36.84286406,43.08386517,3BG
ETT-R01-FDT01-FAT25,36.84354775,43.08399626,3BG
ETT-R01-FDT01-FAT26,36.84229194,43.08619439,3BG
ETT-R01-FDT01-FAT27,36.84223238,43.08535107,3BG
ETT-R01-FDT01-FAT28,36.84221336,43.08516959,3BG
ETT-R01-FDT01-FAT29,36.84259759,43.08501371,3BG
ETT-R01-FDT01-FAT30,36.84320832,43.08489853,3BG
ETT-R01-FDT01-FAT31,36.84331908,43.08511187,3BG
ETT-R01-FDT01-FAT32,36.83949618,43.08511896,3BG
ETT-R01-FDT01-FAT33,36.83926067,43.08527731,3BG
ETT-R01-FDT01-FAT34,36.83906176,43.08539423,3BG
ETT-R01-FDT01-FAT35,36.83883042,43.08553123,3BG
ETT-R01-FDT01-FAT36,36.83970851,43.08488484,3BG
ETT-R01-FDT01-FAT37,36.83957322,43.0845259,3BG
ETT-R01-FDT01-FAT38,36.83921363,43.08477135,3BG
ETT-R01-FDT01-FAT39,36.83939824,43.08415513,3BG
ETT-R01-FDT01-FAT40,36.83916154,43.08429888,3BG
ETT-R01-FDT01-FAT41,36.83894049,43.08443022,3BG
ETT-R01-FDT01-FAT42,36.83849606,43.08469629,3BG
ETT-R01-FDT01-FAT43,36.83856356,43.08498988,3BG
ETT-R01-FDT01-FAT44,36.83868832,43.08524355,3BG
ETT-R01-FDT02-FAT01,36.84504259,43.08480455,3BG
ETT-R01-FDT02-FAT02,36.84541206,43.08458963,3BG
ETT-R01-FDT02-FAT03,36.84551855,43.08397986,3BG
ETT-R01-FDT02-FAT04,36.84570937,43.08359644,3BG
ETT-R01-FDT02-FAT05,36.84588421,43.08375082,3BG
ETT-R01-FDT02-FAT06,36.84595682,43.08314999,3BG
ETT-R01-FDT02-FAT07,36.8462158,43.08270657,3BG
ETT-R01-FDT02-FAT08,36.84667171,43.08376105,3BG
ETT-R01-FDT02-FAT09,36.84717703,43.08350451,3BG
ETT-R01-FDT02-FAT10,36.84687934,43.08464401,3BG
ETT-R01-FDT02-FAT11,36.84665548,43.08509573,3BG
ETT-R01-FDT02-FAT12,36.84650239,43.08498615,3BG
ETT-R01-FDT02-FAT13,36.84705803,43.08309409,3BG
ETT-R01-FDT02-FAT14,36.84719289,43.08270555,3BG
ETT-R01-FDT02-FAT15,36.84736063,43.08237992,3BG
ETT-R01-FDT02-FAT16,36.84816269,43.08414312,3BG
ETT-R01-FDT02-FAT17,36.84753093,43.08380175,3BG
ETT-R01-FDT02-FAT18,36.8478011,43.08408287,3BG
ETT-R01-FDT02-FAT19,36.84759739,43.08454841,3BG
ETT-R01-FDT02-FAT20,36.84710909,43.08532728,3BG
ETT-R01-FDT02-FAT21,36.8456403,43.0854399,3BG
ETT-R01-FDT02-FAT22,36.84549264,43.08585946,3BG
ETT-R01-FDT02-FAT23,36.84536956,43.08579621,3BG
ETT-R01-FDT02-FAT24,36.84481465,43.08515226,3BG
ETT-R01-FDT02-FAT25,36.84462595,43.08612192,3BG
ETT-R01-FDT02-FAT26,36.84413369,43.08661887,3BG
ETT-R01-FDT02-FAT27,36.84415,43.08646795,3BG
ETT-R01-FDT02-FAT28,36.84404845,43.08624459,3BG
ETT-R01-FDT02-FAT29,36.84348864,43.08666644,3BG
ETT-R01-FDT02-FAT30,36.84502782,43.08618193,3BG
ETT-R01-FDT02-FAT31,36.84584669,43.08673421,3BG
ETT-R01-FDT02-FAT32,36.84570129,43.08682397,3BG
ETT-R01-FDT02-FAT33,36.84595172,43.08698444,3BG
ETT-R01-FDT02-FAT34,36.84588488,43.08705842,3BG
ETT-R01-FDT02-FAT35,36.84524933,43.08715289,3BG
ETT-R01-FDT02-FAT36,36.84614801,43.08804999,3BG
ETT-R01-FDT02-FAT37,36.84604291,43.08747087,3BG
ETT-R01-FDT02-FAT38,36.84284185,43.08560264,3BG
ETT-R01-FDT02-FAT39,36.84501896,43.08750374,3BG
ETT-R01-FDT02-FAT40,36.84423617,43.08718307,3BG
ETT-R01-FDT02-FAT41,36.84468723,43.08445944,3BG
ETT-R01-FDT02-FAT42,36.84377904,43.08449969,3BG
ETT-R01-FDT02-FAT43,36.84422039,43.0856749,3BG
ETT-R01-FDT02-FAT44,36.84397752,43.08522903,3BG
ETT-R01-FDT02-FAT45,36.84366724,43.08545309,3BG
ETT-R01-FDT02-FAT46,36.84458511,43.0841528,3BG
ETT-R01-FDT02-FAT47,36.8447266,43.08312836,3BG
ETT-R01-FDT02-FAT48,36.84539395,43.08265643,3BG
ETT-R01-FDT02-FAT49,36.84422892,43.08371191,3BG
ETT-R01-FDT02-FAT50,36.84560681,43.08242693,3BG
ETT-R01-FDT02-FAT51,36.84628257,43.08342141,3BG
ETT-R01-FDT02-FAT52,36.84618517,43.08458041,3BG
ETT-R01-FDT03-FAT01,36.84655148,43.07901349,3BG
ETT-R01-FDT03-FAT02,36.8466035,43.07986805,3BG
ETT-R01-FDT03-FAT03,36.8467976,43.08029432,3BG
ETT-R01-FDT03-FAT04,36.84719303,43.08085315,3BG
ETT-R01-FDT03-FAT05,36.8476217,43.08110136,3BG
ETT-R01-FDT03-FAT06,36.84725791,43.08136179,3BG
ETT-R01-FDT03-FAT07,36.84756159,43.08193805,3BG
ETT-R01-FDT03-FAT08,36.84800212,43.08186371,3BG
ETT-R01-FDT03-FAT09,36.84632396,43.0805509,3BG
ETT-R01-FDT03-FAT10,36.84657407,43.08081841,3BG
ETT-R01-FDT03-FAT11,36.84679136,43.08143307,3BG
ETT-R01-FDT03-FAT12,36.84631101,43.08180725,3BG
ETT-R01-FDT03-FAT13,36.84749518,43.0797005,3BG
ETT-R01-FDT03-FAT14,36.84805121,43.08040908,3BG
ETT-R01-FDT03-FAT15,36.84719927,43.07989169,3BG
ETT-R01-FDT03-FAT16,36.84756521,43.08040646,3BG
ETT-R01-FDT03-FAT17,36.84793181,43.08077806,3BG
ETT-R01-FDT03-FAT18,36.84858297,43.08052299,3BG
ETT-R01-FDT03-FAT19,36.84869086,43.08039548,3BG
ETT-R01-FDT03-FAT20,36.84891969,43.08142409,3BG
ETT-R01-FDT03-FAT21,36.84915301,43.08167574,3BG
ETT-R01-FDT03-FAT22,36.84847075,43.0822745,3BG
ETT-R01-FDT03-FAT23,36.848281,43.08246889,3BG
ETT-R01-FDT03-FAT24,36.84758898,43.08283906,3BG
ETT-R01-FDT03-FAT25,36.84943234,43.08184921,3BG
ETT-R01-FDT03-FAT26,36.84988815,43.08192584,3BG
ETT-R01-FDT03-FAT27,36.84965142,43.08213195,3BG
ETT-R01-FDT03-FAT28,36.84888679,43.08245634,3BG
ETT-R01-FDT03-FAT29,36.84873865,43.08249566,3BG
ETT-R01-FDT03-FAT30,36.84888105,43.08315747,3BG
ETT-R01-FDT03-FAT31,36.84909599,43.08358473,3BG
ETT-R01-FDT03-FAT32,36.84597296,43.07949714,3BG
ETT-R01-FDT03-FAT33,36.84577082,43.07990105,3BG
ETT-R01-FDT03-FAT34,36.84548043,43.08064373,3BG
ETT-R01-FDT03-FAT35,36.84518023,43.08112866,3BG
ETT-R01-FDT03-FAT36,36.84515461,43.08177598,3BG
ETT-R01-FDT03-FAT37,36.8464287,43.07821088,3BG
ETT-R01-FDT03-FAT38,36.84673119,43.0776898,3BG
ETT-R01-FDT03-FAT39,36.84728945,43.07758875,3BG
ETT-R01-FDT03-FAT40,36.84696141,43.07882691,3BG
ETT-R01-FDT03-FAT41,36.84746232,43.07886147,3BG
ETT-R01-FDT03-FAT42,36.84794058,43.078501,3BG
ETT-R01-FDT03-FAT43,36.84780842,43.07911626,3BG
ETT-R01-FDT03-FAT44,36.84832382,43.07972303,3BG
ETT-R01-FDT03-FAT45,36.84814758,43.07789794,Fiber Speed (Duhok)
ETT-R01-FDT03-FAT46,36.84801972,43.07660773,Fiber Speed (Duhok)
ETT-R01-FDT03-FAT47,36.84760291,43.07601259,Fiber Speed (Duhok)
ETT-R01-FDT03-FAT48,36.84880188,43.07619451,Fiber Speed (Duhok)
ETT-R01-FDT03-FAT49,36.84784184,43.07513335,Fiber Speed (Duhok)
ETT-R01-FDT03-FAT50,36.84944731,43.07401715,Fiber Speed (Duhok)
ETT-R01-FDT03-FAT51,36.85024864,43.07217829,Fiber Speed (Duhok)
ETT-R01-FDT03-FAT52,36.84926912,43.07352921,Fiber Speed (Duhok)
ETT-R01-FDT03-FAT53,36.84824759,43.07862046,Fiber Speed (Duhok)
ETT-R01-FDT03-FAT54,36.84838969,43.07548318,Fiber Speed (Duhok)
ETT-R01-FDT03-FAT55,36.84885342,43.07373207,Fiber Speed (Duhok)
ETT-R01-FDT03-FAT56,36.84934609,43.07440886,Fiber Speed (Duhok)
ETT-R01-FDT04-FAT01,36.85171024,43.07954548,3BG
ETT-R01-FDT04-FAT02,36.84611693,43.07034528,3BG
ETT-R01-FDT04-FAT03,36.8459476,43.07017031,3BG
ETT-R01-FDT04-FAT04,36.84576316,43.07046703,3BG
ETT-R01-FDT04-FAT05,36.84593249,43.07064201,3BG
ETT-R01-FDT04-FAT06,36.84574922,43.0709224,3BG
ETT-R01-FDT04-FAT07,36.84557989,43.07074742,3BG
ETT-R01-FDT04-FAT08,36.84497506,43.07041754,3BG
ETT-R01-FDT04-FAT09,36.84517465,43.07053302,3BG
ETT-R01-FDT04-FAT10,36.84506479,43.07078516,3BG
ETT-R01-FDT04-FAT11,36.8448652,43.07066969,3BG
ETT-R01-FDT04-FAT12,36.84476134,43.0709565,3BG
ETT-R01-FDT04-FAT13,36.84496093,43.07107197,3BG
ETT-R01-FDT04-FAT14,36.84524717,43.0712559,3BG
ETT-R01-FDT04-FAT15,36.84544676,43.07137137,3BG
ETT-R01-FDT04-FAT16,36.84869906,43.06770663,3BG
ETT-R01-FDT04-FAT17,36.8489725,43.06718789,3BG
ETT-R01-FDT04-FAT18,36.84898356,43.06716805,3BG
ETT-R01-FDT04-FAT19,36.84923762,43.06663203,3BG
ETT-R01-FDT04-FAT20,36.84930578,43.06617994,3BG
ETT-R01-FDT04-FAT21,36.84941294,43.06586253,3BG
ETT-R01-FDT04-FAT22,36.84947459,43.06542116,3BG
ETT-R01-FDT04-FAT23,36.84949849,43.06517436,3BG
ETT-R01-FDT04-FAT24,36.84949224,43.06475344,3BG
ETT-R01-FDT04-FAT25,36.8495644,43.0645516,3BG
ETT-R01-FDT04-FAT26,36.84976121,43.06459528,3BG
ETT-R01-FDT04-FAT27,36.84882864,43.06812251,3BG
ETT-R01-FDT04-FAT28,36.84913379,43.06829298,3BG
ETT-R01-FDT04-FAT29,36.84913835,43.06827023,3BG
ETT-R01-FDT04-FAT30,36.84922504,43.06795878,3BG
ETT-R01-FDT04-FAT31,36.84934839,43.06739035,3BG
ETT-R01-FDT04-FAT32,36.84939597,43.06714891,3BG
ETT-R01-FDT04-FAT33,36.84953175,43.06644569,3BG
ETT-R01-FDT04-FAT34,36.84957849,43.066204,3BG
ETT-R01-FDT04-FAT35,36.84974283,43.06546172,3BG
ETT-R01-FDT04-FAT36,36.8509445,43.07304364,Fiber Speed (Duhok)
ETT-R01-FDT04-FAT37,36.8512273,43.07243255,Fiber Speed (Duhok)
ETT-R01-FDT04-FAT38,36.85175514,43.07812744,Fiber Speed (Duhok)
ETT-R01-FDT04-FAT39,36.851742,43.07810822,Fiber Speed (Duhok)
ETT-R01-FDT04-FAT40,36.85172802,43.07808897,Fiber Speed (Duhok)
ETT-R01-FDT04-FAT41,36.8514262,43.07830716,Fiber Speed (Duhok)
ETT-R01-FDT04-FAT42,36.85140436,43.07832737,Fiber Speed (Duhok)
ETT-R01-FDT04-FAT43,36.85112424,43.07857018,Fiber Speed (Duhok)
ETT-R01-FDT04-FAT44,36.85110744,43.07858922,Fiber Speed (Duhok)
ETT-R01-FDT04-FAT45,36.85108796,43.07860718,Fiber Speed (Duhok)
ETT-R01-FDT04-FAT46,36.85237435,43.07894041,Fiber Speed (Duhok)
ETT-R01-FDT04-FAT47,36.85239151,43.07891946,Fiber Speed (Duhok)
ETT-R01-FDT04-FAT48,36.85240746,43.07889929,Fiber Speed (Duhok)
ETT-R01-FDT04-FAT49,36.85204941,43.07925667,Fiber Speed (Duhok)
ETT-R01-FDT04-FAT50,36.85202315,43.07928239,Fiber Speed (Duhok)
ETT-R01-FDT04-FAT51,36.8517502,43.07950022,Fiber Speed (Duhok)
ETT-R01-FDT04-FAT52,36.85172923,43.07952441,Fiber Speed (Duhok)
ETT-R01-FDT04-FAT53,36.8484996,43.06906232,Fiber Speed (Duhok)
ETT-R01-FDT04-FAT54,36.84915096,43.06910661,Fiber Speed (Duhok)
ETT-R01-FDT04-FAT55,36.8494952,43.07056914,Fiber Speed (Duhok)
ETT-R01-FDT04-FAT56,36.85028888,43.06922682,Fiber Speed (Duhok)
ETT-R01-FDT04-FAT57,36.85030599,43.06910795,Fiber Speed (Duhok)
ETT-R01-FDT04-FAT58,36.84699907,43.07051186,Fiber Speed (Duhok)
ETT-R01-FDT04-FAT59,36.84737597,43.07092104,Fiber Speed (Duhok)
ETT-R01-FDT04-FAT60,36.84791137,43.07128416,Fiber Speed (Duhok)
ETT-R01-FDT04-FAT61,36.84995603,43.06814794,Fiber Speed (Duhok)
ETT-R01-FDT04-FAT62,36.84988854,43.06844106,Fiber Speed (Duhok)
ETT-R01-FDT04-FAT63,36.84980333,43.06881642,Fiber Speed (Duhok)
ETT-R01-FDT04-FAT64,36.84888789,43.06863378,Fiber Speed (Duhok)
ETT-R01-FDT04-FAT65,36.84795375,43.07201126,Fiber Speed (Duhok)
ETT-R01-FDT04-FAT66,36.84950512,43.06832057,Fiber Speed (Duhok)
ETT-R01-FDT04-FAT67,36.84952531,43.0683146,Fiber Speed (Duhok)
ETT-R01-FDT04-FAT68,36.8502182,43.07413061,Fiber Speed (Duhok)
ETT-R01-FDT04-FAT69,36.84802461,43.07071383,Fiber Speed (Duhok)
ETT-R01-FDT04-FAT70,36.85073113,43.07395519,PrimeLink Duhok
ETT-R01-FDT04-FAT71,36.85071115,43.0739407,PrimeLink Duhok
ETT-R01-FDT04-FAT72,36.8506912,43.07392741,PrimeLink Duhok
ETT-R01-FDT04-FAT73,36.85104931,43.07424112,PrimeLink Duhok
ETT-R01-FDT04-FAT74,36.85103583,43.0742642,PrimeLink Duhok
ETT-R01-FDT04-FAT75,36.85102426,43.07428675,PrimeLink Duhok
ETT-R01-FDT04-FAT76,36.85104585,43.07478217,PrimeLink Duhok
ETT-R01-FDT04-FAT77,36.85102878,43.07476599,PrimeLink Duhok
ETT-R01-FDT04-FAT78,36.85101151,43.07475001,PrimeLink Duhok
ETT-R01-FDT04-FAT79,36.8506852,43.07497908,PrimeLink Duhok
ETT-R01-FDT04-FAT80,36.85069778,43.07495878,PrimeLink Duhok
ETT-R01-FDT04-FAT81,36.85070943,43.07494008,PrimeLink Duhok
ETT-R01-FDT04-FAT82,36.8503639,43.07472464,PrimeLink Duhok
ETT-R01-FDT04-FAT83,36.85037536,43.07470534,PrimeLink Duhok
ETT-R01-FDT04-FAT84,36.8503865,43.07468565,PrimeLink Duhok
ETT-R01-FDT05-FAT01,36.86166456,43.09741683,BigLine
ETT-R01-FDT05-FAT02,36.86240079,43.0945844,BigLine
ETT-R01-FDT05-FAT03,36.86328665,43.09487705,BigLine
ETT-R01-FDT05-FAT04,36.8588813,43.09660946,BigLine
ETT-R01-FDT05-FAT05,36.8581943,43.09912854,BigLine
ETT-R01-FDT05-FAT06,36.85972942,43.09547246,BigLine
ETT-R01-FDT05-FAT07,36.8599056,43.09858859,BigLine
ETT-R01-FDT05-FAT08,36.85820507,43.09583096,BigLine
ETT-R01-FDT05-FAT09,36.85784605,43.0949462,BigLine
ETT-R01-FDT05-FAT10,36.85650137,43.09683002,BigLine
ETT-R01-FDT05-FAT11,36.85726886,43.09901093,BigLine
ETT-R01-FDT05-FAT12,36.85809625,43.09350108,BigLine
ETT-R01-FDT05-FAT13,36.85701418,43.09463723,BigLine
ETT-R01-FDT05-FAT14,36.85639456,43.09466962,BigLine
ETT-R01-FDT05-FAT15,36.85654174,43.09473166,BigLine
ETT-R01-FDT05-FAT16,36.85805514,43.09506675,BigLine
ETT-R01-FDT05-FAT17,36.86177223,43.09511242,BigLine
ETT-R01-FDT05-FAT18,36.85405353,43.09316841,BigLine
ETT-R01-FDT05-FAT19,36.86232478,43.09853587,BigLine
ETT-R01-FDT05-FAT20,36.85818462,43.09945835,BigLine
ETT-R01-FDT05-FAT21,36.85857267,43.09607132,BigLine
ETT-R01-FDT05-FAT22,36.85949268,43.0955517,BigLine
ETT-R01-FDT05-FAT23,36.85576291,43.09703078,BigLine
ETT-R01-FDT05-FAT24,36.85704543,43.0997211,BigLine
ETT-R01-FDT05-FAT25,36.85715073,43.09464952,BigLine
ETT-R01-FDT05-FAT26,36.8611311,43.09740738,BigLine
ETT-R01-FDT05-FAT27,36.8625738,43.0949203,BigLine
ETT-R01-FDT05-FAT28,36.85382427,43.08679623,BigLine
ETT-R01-FDT05-FAT29,36.85696341,43.09739701,BigLine
ETT-R01-FDT05-FAT30,36.86128721,43.0999619,BigLine
ETT-R01-FDT05-FAT31,36.85701189,43.09383415,BigLine
ETT-R01-FDT05-FAT32,36.86423611,43.09672828,BigLine
ETT-R01-FDT05-FAT33,36.86111029,43.09549276,BigLine
ETT-R01-FDT05-FAT34,36.85886867,43.09762601,BigLine
ETT-R01-FDT05-FAT35,36.86233944,43.09384448,BigLine
ETT-R01-FDT05-FAT36,36.86025194,43.09867781,BigLine
ETT-R01-FDT05-FAT37,36.85638952,43.09257783,BigLine
ETT-R01-FDT05-FAT38,36.85686732,43.1002921,BigLine
ETT-R01-FDT05-FAT39,36.86228697,43.09711768,BigLine
ETT-R01-FDT05-FAT40,36.85935756,43.09899231,BigLine
ETT-R01-FDT05-FAT41,36.85928779,43.09354373,BigLine
ETT-R01-FDT06-FAT01,36.86197002,43.06511729,BigLine
ETT-R01-FDT06-FAT02,36.86318765,43.06430355,BigLine
ETT-R01-FDT06-FAT03,36.86345568,43.06361614,BigLine
ETT-R01-FDT06-FAT04,36.86331296,43.06240998,BigLine
ETT-R01-FDT06-FAT05,36.8652667,43.06263827,BigLine
ETT-R01-FDT06-FAT06,36.86531206,43.06368807,BigLine
ETT-R01-FDT06-FAT07,36.86580554,43.06091314,BigLine
ETT-R01-FDT06-FAT08,36.86788605,43.05877956,BigLine
ETT-R01-FDT06-FAT09,36.86884356,43.06096364,BigLine
ETT-R01-FDT06-FAT10,36.86364655,43.07028536,BigLine
ETT-R01-FDT06-FAT11,36.86394023,43.06749416,BigLine
ETT-R01-FDT06-FAT12,36.86529656,43.06786128,BigLine
ETT-R01-FDT06-FAT13,36.86529489,43.06903466,BigLine
ETT-R01-FDT06-FAT14,36.86590434,43.06920705,BigLine
ETT-R01-FDT06-FAT15,36.86483842,43.07081624,BigLine
ETT-R01-FDT06-FAT16,36.86138307,43.06847151,BigLine
ETT-R01-FDT06-FAT17,36.8614108,43.06810648,BigLine
ETT-R01-FDT06-FAT18,36.86321964,43.06205925,BigLine
ETT-R01-FDT06-FAT19,36.86598775,43.06139377,BigLine
ETT-R01-FDT06-FAT20,36.86360372,43.07068938,BigLine
ETT-R01-FDT06-FAT21,36.86535506,43.0675667,BigLine
ETT-R01-FDT06-FAT22,36.86599217,43.06881926,BigLine
ETT-R01-FDT06-FAT23,36.86504689,43.07100099,BigLine
ETT-R01-FDT06-FAT24,36.86680916,43.061384,BigLine
ETT-R01-FDT06-FAT25,36.86377012,43.06618834,BigLine
ETT-R01-FDT06-FAT26,36.86606805,43.07081604,BigLine
ETT-R01-FDT06-FAT27,36.86603205,43.06314878,BigLine
ETT-R01-FDT06-FAT28,36.86855478,43.06091311,BigLine
ETT-R01-FDT06-FAT29,36.86520363,43.06833783,BigLine
ETT-R01-FDT06-FAT30,36.86516361,43.06693272,BigLine
ETT-R01-FDT06-FAT31,36.8665606,43.06639841,BigLine
ETT-R01-FDT06-FAT32,36.86331543,43.06277021,BigLine
ETT-R01-FDT06-FAT33,36.86544478,43.0640708,BigLine
ETT-R01-FDT06-FAT34,36.86374806,43.07008833,BigLine
ETT-R01-FDT06-FAT35,36.86566992,43.06915595,BigLine
ETT-R01-FDT06-FAT36,36.86569443,43.06686126,BigLine
ETT-R01-FDT06-FAT37,36.86789833,43.06040641,BigLine
ETT-R01-FDT06-FAT38,36.86486564,43.06177004,BigLine
ETT-R01-FDT06-FAT39,36.86622347,43.05991264,BigLine
ETT-R01-FDT06-FAT40,36.86338172,43.07195522,BigLine
ETT-R01-FDT06-FAT41,36.86357282,43.06784042,BigLine
ETT-R01-FDT06-FAT42,36.86495805,43.0696226,BigLine
ETT-R01-FDT06-FAT43,36.86663094,43.06819977,BigLine
ETT-R01-FDT06-FAT44,36.86676631,43.0639196,BigLine
ETT-R01-FDT06-FAT45,36.86338136,43.0697002,BigLine
ETT-R01-FDT06-FAT46,36.86854461,43.06058528,BigLine
ETT-R01-FDT06-FAT47,36.86837343,43.05768479,BigLine
ETT-R01-FDT06-FAT48,36.86225302,43.06437127,BigLine
ETT-R01-FDT07-FAT01,36.83349963,43.09387399,BigLine
ETT-R01-FDT07-FAT02,36.83351671,43.09389079,BigLine
ETT-R01-FDT07-FAT03,36.83385065,43.0941503,BigLine
ETT-R01-FDT07-FAT04,36.83387098,43.09416843,BigLine
ETT-R01-FDT07-FAT05,36.83412853,43.09438007,BigLine
ETT-R01-FDT07-FAT06,36.83414915,43.09439911,BigLine
ETT-R01-FDT07-FAT07,36.83396601,43.0949335,BigLine
ETT-R01-FDT07-FAT08,36.83395652,43.09496901,BigLine
ETT-R01-FDT07-FAT09,36.83330964,43.09436505,BigLine
ETT-R01-FDT07-FAT10,36.83329826,43.09438999,BigLine
ETT-R01-FDT07-FAT11,36.83297503,43.09484708,BigLine
ETT-R01-FDT07-FAT12,36.83299638,43.09486475,BigLine
ETT-R01-FDT07-FAT13,36.83328682,43.0951121,BigLine
ETT-R01-FDT07-FAT14,36.83331152,43.09512567,BigLine
ETT-R01-FDT07-FAT15,36.83362477,43.09538058,BigLine
ETT-R01-FDT07-FAT16,36.83363463,43.0953932,BigLine
ETT-R01-FDT07-FAT17,36.83837886,43.08380081,Fiber Speed (Duhok)
ETT-R01-FDT07-FAT18,36.83719245,43.08427471,Fiber Speed (Duhok)
ETT-R01-FDT07-FAT19,36.83660297,43.08481242,Fiber Speed (Duhok)
ETT-R01-FDT07-FAT20,36.83590846,43.08829968,Fiber Speed (Duhok)
ETT-R01-FDT07-FAT21,36.83490728,43.08882734,Fiber Speed (Duhok)
ETT-R01-FDT07-FAT22,36.8313046,43.09677097,Fiber Speed (Duhok)
ETT-R01-FDT07-FAT23,36.83066607,43.098003,Fiber Speed (Duhok)
ETT-R01-FDT07-FAT24,36.83088493,43.09909204,Fiber Speed (Duhok)
ETT-R01-FDT07-FAT25,36.83278519,43.09371005,Fiber Speed (Duhok)
ETT-R01-FDT07-FAT26,36.83347042,43.093473,Fiber Speed (Duhok)
ETT-R01-FDT07-FAT27,36.8342205,43.09321199,Fiber Speed (Duhok)
ETT-R01-FDT07-FAT28,36.8385496,43.08250569,Fiber Speed (Duhok)
ETT-R01-FDT07-FAT29,36.83838861,43.08285725,Fiber Speed (Duhok)
ETT-R01-FDT07-FAT30,36.83895976,43.08344872,Fiber Speed (Duhok)
ETT-R01-FDT07-FAT31,36.83643169,43.08472366,Fiber Speed (Duhok)
ETT-R01-FDT07-FAT32,36.83550465,43.08735497,Fiber Speed (Duhok)
ETT-R01-FDT07-FAT33,36.83519862,43.08988478,Fiber Speed (Duhok)
ETT-R01-FDT07-FAT34,36.83513049,43.09082736,Fiber Speed (Duhok)
ETT-R01-FDT07-FAT35,36.83634709,43.08652743,Fiber Speed (Duhok)
ETT-R01-FDT07-FAT36,36.83651774,43.08777186,Fiber Speed (Duhok)
ETT-R01-FDT07-FAT37,36.82684446,43.10350856,Fiber Speed (Duhok)
ETT-R01-FDT07-FAT38,36.83848865,43.08443745,Fiber Speed (Duhok)
ETT-R01-FDT07-FAT39,36.83161688,43.09873637,Fiber Speed (Duhok)
ETT-R01-FDT07-FAT40,36.8355102,43.08845128,Fiber Speed (Duhok)
ETT-R01-FDT08-FAT01,36.86796227,43.10168141,BigLine
ETT-R01-FDT08-FAT02,36.87598983,43.09491379,BigLine
ETT-R01-FDT08-FAT03,36.87559767,43.09597176,BigLine
ETT-R01-FDT08-FAT04,36.876421,43.09602815,BigLine
ETT-R01-FDT08-FAT05,36.87692964,43.09531063,BigLine
ETT-R01-FDT08-FAT06,36.87726618,43.09686894,BigLine
ETT-R01-FDT08-FAT07,36.87715313,43.09749284,BigLine
ETT-R01-FDT08-FAT08,36.87810745,43.09626403,BigLine
ETT-R01-FDT08-FAT09,36.87948427,43.09761482,BigLine
ETT-R01-FDT08-FAT10,36.87978875,43.09799883,BigLine
ETT-R01-FDT08-FAT11,36.8799302,43.09723391,BigLine
ETT-R01-FDT08-FAT12,36.87844043,43.09802684,BigLine
ETT-R01-FDT08-FAT13,36.87759128,43.09810596,BigLine
ETT-R01-FDT08-FAT14,36.87832217,43.09875265,BigLine
ETT-R01-FDT08-FAT15,36.87742888,43.0998188,BigLine
ETT-R01-FDT08-FAT16,36.8776601,43.10135772,BigLine
ETT-R01-FDT08-FAT17,36.87610719,43.09494311,BigLine
ETT-R01-FDT08-FAT18,36.8703737,43.09785852,BigLine
ETT-R01-FDT08-FAT19,36.87802747,43.09733969,BigLine
ETT-R01-FDT08-FAT20,36.876995,43.10316814,BigLine
ETT-R01-FDT08-FAT21,36.88163705,43.12337307,BigLine
ETT-R01-FDT08-FAT22,36.88095302,43.12487364,BigLine
ETT-R01-FDT08-FAT23,36.88061305,43.125765,BigLine
ETT-R01-FDT08-FAT24,36.87708119,43.09651512,BigLine
ETT-R01-FDT08-FAT25,36.87045772,43.10150822,BigLine
ETT-R01-FDT08-FAT26,36.88023632,43.09802932,BigLine
ETT-R01-FDT08-FAT27,36.87738893,43.09862634,BigLine
FYD-R01-FDT01-FAT01,36.75778375,42.92858872,Waarpak
FYD-R01-FDT01-FAT02,36.75759585,42.93041244,Waarpak
FYD-R01-FDT01-FAT03,36.75915003,42.93095993,Waarpak
FYD-R01-FDT01-FAT04,36.75792878,42.92979963,Waarpak
FYD-R01-FDT01-FAT05,36.75839058,42.92992711,Waarpak
FYD-R01-FDT01-FAT06,36.75729138,42.92955436,Waarpak
FYD-R01-FDT01-FAT07,36.75619423,42.92909822,Waarpak
FYD-R01-FDT01-FAT08,36.75605216,42.92914549,Waarpak
FYD-R01-FDT01-FAT09,36.7560138,42.92988013,Waarpak
FYD-R01-FDT01-FAT10,36.7558616,42.93016538,Waarpak
FYD-R01-FDT01-FAT11,36.75496547,42.93073011,Waarpak
FYD-R01-FDT01-FAT12,36.75489833,42.93116857,Waarpak
FYD-R01-FDT01-FAT13,36.75516379,42.93054597,Waarpak
FYD-R01-FDT01-FAT14,36.7557893,42.93082301,Waarpak
FYD-R01-FDT01-FAT15,36.75481699,42.92948223,Waarpak
FYD-R01-FDT01-FAT16,36.75471438,42.93037082,Waarpak
FYD-R01-FDT01-FAT17,36.75462006,42.93078198,Waarpak
FYD-R01-FDT01-FAT18,36.75737186,42.92770507,Waarpak
FYD-R01-FDT01-FAT19,36.7570749,42.92836583,Waarpak
FYD-R01-FDT01-FAT20,36.75690658,42.92832836,Waarpak
FYD-R01-FDT01-FAT21,36.75546572,42.92848408,Waarpak
FYD-R01-FDT01-FAT22,36.75466168,42.92815189,Waarpak
FYD-R01-FDT01-FAT23,36.75329996,42.92840227,Waarpak
FYD-R01-FDT01-FAT24,36.7587241,42.92757569,Waarpak
FYD-R01-FDT01-FAT25,36.75941862,42.92748612,Waarpak
FYD-R01-FDT01-FAT26,36.76036824,42.92994299,Waarpak
FYD-R01-FDT01-FAT27,36.76102061,42.92985429,Waarpak
FYD-R01-FDT01-FAT28,36.76131862,42.92944549,Waarpak
FYD-R01-FDT01-FAT29,36.76048669,42.93045758,Waarpak
FYD-R01-FDT01-FAT30,36.76009183,42.92923113,Waarpak
FYD-R01-FDT01-FAT31,36.76196051,42.92794184,Waarpak
FYD-R01-FDT01-FAT32,36.76239635,42.92811892,Waarpak
FYD-R01-FDT01-FAT33,36.76271883,42.92782321,Waarpak
FYD-R01-FDT01-FAT34,36.76229035,42.9301415,Waarpak
FYD-R01-FDT01-FAT35,36.76223968,42.92728455,Waarpak
FYD-R01-FDT01-FAT36,36.76197509,42.92940348,Waarpak
FYD-R01-FDT01-FAT37,36.76258835,42.92942074,Waarpak
FYD-R01-FDT01-FAT38,36.76301248,42.92886296,Waarpak
FYD-R01-FDT01-FAT39,36.75838452,42.92860946,Waarpak
FYD-R01-FDT01-FAT40,36.7589217,42.92863521,Waarpak
FYD-R01-FDT01-FAT41,36.75939847,42.92893315,Waarpak
FYD-R01-FDT01-FAT42,36.75912047,42.92930996,Waarpak
FYD-R01-FDT01-FAT43,36.75940886,42.93034165,Waarpak
FYD-R01-FDT02-FAT01,36.75708207,42.92753983,Waarpak
FYD-R01-FDT02-FAT02,36.75707149,42.92695145,Waarpak
FYD-R01-FDT02-FAT03,36.75691866,42.92613486,Waarpak
FYD-R01-FDT02-FAT04,36.75732444,42.92547064,Waarpak
FYD-R01-FDT02-FAT05,36.75642557,42.92617263,Waarpak
FYD-R01-FDT02-FAT06,36.75546475,42.92601172,Waarpak
FYD-R01-FDT02-FAT07,36.75539506,42.92609635,Waarpak
FYD-R01-FDT02-FAT08,36.75550626,42.92678456,Waarpak
FYD-R01-FDT02-FAT09,36.75496808,42.92572604,Waarpak
FYD-R01-FDT02-FAT10,36.75426415,42.92589482,Waarpak
FYD-R01-FDT02-FAT11,36.7562351,42.92526207,Waarpak
FYD-R01-FDT02-FAT12,36.75531135,42.92497579,Waarpak
FYD-R01-FDT02-FAT13,36.75516928,42.92499545,Waarpak
FYD-R01-FDT02-FAT14,36.75502621,42.92453052,Waarpak
FYD-R01-FDT02-FAT15,36.75451166,42.92462224,Waarpak
FYD-R01-FDT02-FAT16,36.75379945,42.92479602,Waarpak
FYD-R01-FDT02-FAT17,36.75536332,42.92387742,Waarpak
FYD-R01-FDT02-FAT18,36.75452161,42.92404202,Waarpak
FYD-R01-FDT02-FAT19,36.75383634,42.92421121,Waarpak
FYD-R01-FDT02-FAT20,36.75595131,42.92308626,Waarpak
FYD-R01-FDT02-FAT21,36.75559095,42.92314906,Waarpak
FYD-R01-FDT02-FAT22,36.75518997,42.92294517,Waarpak
FYD-R01-FDT02-FAT23,36.75465563,42.9233738,Waarpak
FYD-R01-FDT02-FAT24,36.75411702,42.92349581,Waarpak
FYD-R01-FDT02-FAT25,36.75315163,42.92371451,Waarpak
FYD-R01-FDT02-FAT26,36.7580307,42.92629804,Waarpak
FYD-R01-FDT02-FAT27,36.75779598,42.92642315,Waarpak
FYD-R01-FDT02-FAT28,36.75841973,42.92660008,Waarpak
FYD-R01-FDT02-FAT29,36.75965497,42.92483925,Waarpak
FYD-R01-FDT02-FAT30,36.75912272,42.9243156,Waarpak
FYD-R01-FDT02-FAT31,36.75891458,42.92538169,Waarpak
FYD-R01-FDT02-FAT32,36.75980585,42.92528265,Waarpak
FYD-R01-FDT02-FAT33,36.75907725,42.92641552,Waarpak
FYD-R01-FDT02-FAT34,36.75946866,42.92612225,Waarpak
FYD-R01-FDT02-FAT35,36.76005237,42.92597531,Waarpak
FYD-R01-FDT02-FAT36,36.7602723,42.92671684,Waarpak
FYD-R01-FDT02-FAT37,36.76089761,42.9266539,Waarpak
FYD-R01-FDT02-FAT38,36.7607744,42.9256035,Waarpak
FYD-R01-FDT02-FAT39,36.76078428,42.92592215,Waarpak
FYD-R01-FDT02-FAT40,36.76141345,42.92597331,Waarpak
FYD-R01-FDT02-FAT41,36.76210679,42.92614798,Waarpak
FYD-R01-FDT02-FAT42,36.75568215,42.92732391,Waarpak
FYD-R01-FDT02-FAT43,36.75489235,42.92756385,Waarpak
FYD-R01-FDT02-FAT44,36.75449182,42.92765731,Waarpak
FYD-R01-FDT02-FAT45,36.75305935,42.92786189,Waarpak
FYD-R01-FDT02-FAT46,36.75165938,42.92840895,Waarpak
FYD-R01-FDT02-FAT47,36.74926015,42.92905951,Waarpak
FYD-R01-FDT02-FAT48,36.75382682,42.92719297,Waarpak
FYD-R01-FDT02-FAT49,36.75399618,42.92715192,Waarpak
FYD-R01-FDT02-FAT50,36.75372453,42.92654795,Waarpak
FYD-R01-FDT02-FAT51,36.75396763,42.92647321,Waarpak
FYD-R01-FDT02-FAT52,36.75336195,42.92614154,Waarpak
FYD-R01-FDT02-FAT53,36.75297183,42.92585797,Waarpak
FYD-R01-FDT02-FAT54,36.75293922,42.92522866,Waarpak
FYD-R01-FDT02-FAT55,36.75340306,42.92518372,Waarpak
FYD-R01-FDT02-FAT56,36.75388949,42.92528982,Waarpak
FYD-R01-FDT02-FAT57,36.7567506,42.92510503,Waarpak
FYD-R01-FDT03-FAT01,36.7738998,42.91784155,Delta (Duhok)
FYD-R01-FDT03-FAT02,36.77376323,42.91780022,Delta (Duhok)
FYD-R01-FDT03-FAT03,36.77444922,42.91776863,Delta (Duhok)
FYD-R01-FDT03-FAT04,36.77437899,42.91720974,Delta (Duhok)
FYD-R01-FDT03-FAT05,36.77450789,42.91688626,Delta (Duhok)
FYD-R01-FDT03-FAT06,36.77436079,42.91686344,Delta (Duhok)
FYD-R01-FDT03-FAT07,36.7743178,42.9165436,Delta (Duhok)
FYD-R01-FDT03-FAT08,36.77429819,42.91620276,Delta (Duhok)
FYD-R01-FDT03-FAT09,36.77467123,42.91613765,Delta (Duhok)
FYD-R01-FDT03-FAT10,36.77508105,42.91608277,Delta (Duhok)
FYD-R01-FDT03-FAT11,36.77535168,42.91608617,Delta (Duhok)
FYD-R01-FDT03-FAT12,36.77467149,42.91789008,Delta (Duhok)
FYD-R01-FDT03-FAT13,36.77466728,42.91841911,Delta (Duhok)
FYD-R01-FDT03-FAT14,36.77475539,42.91927213,Delta (Duhok)
FYD-R01-FDT03-FAT15,36.7747693,42.91775243,Delta (Duhok)
FYD-R01-FDT03-FAT16,36.7752417,42.91768242,Delta (Duhok)
FYD-R01-FDT03-FAT17,36.77550795,42.91759416,Delta (Duhok)
FYD-R01-FDT03-FAT18,36.77577332,42.91763227,Delta (Duhok)
FYD-R01-FDT03-FAT19,36.77569611,42.91675925,Delta (Duhok)
FYD-R01-FDT03-FAT20,36.77571853,42.91630698,Delta (Duhok)
FYD-R01-FDT03-FAT21,36.77292828,42.91869063,Delta (Duhok)
FYD-R01-FDT03-FAT22,36.77306349,42.9193862,Delta (Duhok)
FYD-R01-FDT03-FAT23,36.77284364,42.91955521,Delta (Duhok)
FYD-R01-FDT03-FAT24,36.77259127,42.91963926,Delta (Duhok)
FYD-R01-FDT03-FAT25,36.77215106,42.91966013,Delta (Duhok)
FYD-R01-FDT03-FAT26,36.77181143,42.91967135,Delta (Duhok)
FYD-R01-FDT03-FAT27,36.77172462,42.91914196,Delta (Duhok)
FYD-R01-FDT03-FAT28,36.77253381,42.91821774,Delta (Duhok)
FYD-R01-FDT03-FAT29,36.77226768,42.9182618,Delta (Duhok)
FYD-R01-FDT03-FAT30,36.77161021,42.91836712,Delta (Duhok)
FYD-R01-FDT03-FAT31,36.77291922,42.91815742,Delta (Duhok)
FYD-R01-FDT03-FAT32,36.77286845,42.91763373,Delta (Duhok)
FYD-R01-FDT03-FAT33,36.77267696,42.91778719,Delta (Duhok)
FYD-R01-FDT03-FAT34,36.77226583,42.91791124,Delta (Duhok)
FYD-R01-FDT03-FAT35,36.77178802,42.91799485,Delta (Duhok)
FYD-R01-FDT03-FAT36,36.77179979,42.91755271,Delta (Duhok)
FYD-R01-FDT03-FAT37,36.77169803,42.91710854,Delta (Duhok)
FYD-R01-FDT03-FAT38,36.77166314,42.91638969,Delta (Duhok)
FYD-R01-FDT03-FAT39,36.77321633,42.91776746,Delta (Duhok)
FYD-R01-FDT03-FAT40,36.7732115,42.91768688,Delta (Duhok)
FYD-R01-FDT03-FAT41,36.77314977,42.91702215,Delta (Duhok)
FYD-R01-FDT03-FAT42,36.77292855,42.91691629,Delta (Duhok)
FYD-R01-FDT03-FAT43,36.77296404,42.9165082,Delta (Duhok)
FYD-R01-FDT03-FAT44,36.7732374,42.91600094,Delta (Duhok)
FYD-R01-FDT03-FAT45,36.77259599,42.91609146,Delta (Duhok)
FYD-R01-FDT03-FAT46,36.77229199,42.91628879,Delta (Duhok)
FYD-R01-FDT03-FAT47,36.77226434,42.9165041,Delta (Duhok)
FYD-R01-FDT03-FAT48,36.77199071,42.9165972,Delta (Duhok)
FYD-R01-FDT03-FAT49,36.77195682,42.91618396,Delta (Duhok)
FYD-R01-FDT03-FAT50,36.77361694,42.91630471,Delta (Duhok)
FYD-R01-FDT03-FAT51,36.77357707,42.91609399,Delta (Duhok)
FYD-R01-FDT03-FAT52,36.77386566,42.91590087,Delta (Duhok)
FYD-R01-FDT03-FAT53,36.77432133,42.91584187,Delta (Duhok)
FYD-R01-FDT03-FAT54,36.7748589,42.91591305,Delta (Duhok)
FYD-R01-FDT03-FAT55,36.77515148,42.91571934,Delta (Duhok)
FYD-R01-FDT03-FAT56,36.7755885,42.91565523,Delta (Duhok)
FYD-R01-FDT04-FAT01,36.77613456,42.92091604,Delta (Duhok)
FYD-R01-FDT04-FAT02,36.77572947,42.92097353,Delta (Duhok)
FYD-R01-FDT04-FAT03,36.775301,42.92098538,Delta (Duhok)
FYD-R01-FDT04-FAT04,36.77511382,42.92106462,Delta (Duhok)
FYD-R01-FDT04-FAT05,36.77506004,42.92044644,Delta (Duhok)
FYD-R01-FDT04-FAT06,36.77504459,42.91973604,Delta (Duhok)
FYD-R01-FDT04-FAT07,36.77445639,42.91984283,Delta (Duhok)
FYD-R01-FDT04-FAT08,36.77451819,42.9205337,Delta (Duhok)
FYD-R01-FDT04-FAT09,36.77453632,42.92084863,Delta (Duhok)
FYD-R01-FDT04-FAT10,36.77461891,42.92140081,Delta (Duhok)
FYD-R01-FDT04-FAT11,36.77445331,42.92174632,Delta (Duhok)
FYD-R01-FDT04-FAT12,36.77414635,42.92194557,Delta (Duhok)
FYD-R01-FDT04-FAT13,36.77412753,42.91996409,Delta (Duhok)
FYD-R01-FDT04-FAT14,36.77377279,42.91996155,Delta (Duhok)
FYD-R01-FDT04-FAT15,36.77329684,42.92000577,Delta (Duhok)
FYD-R01-FDT04-FAT16,36.77327879,42.92045447,Delta (Duhok)
FYD-R01-FDT04-FAT17,36.77351449,42.92069241,Delta (Duhok)
FYD-R01-FDT04-FAT18,36.77337977,42.92087292,Delta (Duhok)
FYD-R01-FDT04-FAT19,36.77315046,42.92130311,Delta (Duhok)
FYD-R01-FDT04-FAT20,36.77305089,42.92133846,Delta (Duhok)
FYD-R01-FDT04-FAT21,36.77250527,42.9214345,Delta (Duhok)
FYD-R01-FDT04-FAT22,36.77275632,42.92012829,Delta (Duhok)
FYD-R01-FDT04-FAT23,36.77247888,42.9201402,Delta (Duhok)
FYD-R01-FDT04-FAT24,36.77209733,42.92020559,Delta (Duhok)
FYD-R01-FDT04-FAT25,36.77633102,42.92041393,Delta (Duhok)
FYD-R01-FDT04-FAT26,36.7759145,42.91992613,Delta (Duhok)
FYD-R01-FDT04-FAT27,36.77545141,42.91995864,Delta (Duhok)
FYD-R01-FDT04-FAT28,36.77529538,42.91944,Delta (Duhok)
FYD-R01-FDT04-FAT29,36.77541441,42.91946642,Delta (Duhok)
FYD-R01-FDT04-FAT30,36.7762691,42.91981111,Delta (Duhok)
FYD-R01-FDT04-FAT31,36.77619207,42.9190664,Delta (Duhok)
FYD-R01-FDT04-FAT32,36.77580842,42.91906126,Delta (Duhok)
FYD-R01-FDT04-FAT33,36.77613093,42.91847351,Delta (Duhok)
FYD-R01-FDT04-FAT34,36.77604858,42.91767518,Delta (Duhok)
FYD-R01-FDT04-FAT35,36.77542234,42.91778189,Delta (Duhok)
FYD-R01-FDT04-FAT36,36.77514638,42.91782891,Delta (Duhok)
FYD-R01-FDT04-FAT37,36.77618537,42.9219417,Delta (Duhok)
FYD-R01-FDT04-FAT38,36.77566582,42.92201993,Delta (Duhok)
FYD-R01-FDT04-FAT39,36.77544438,42.9220544,Delta (Duhok)
FYD-R01-FDT04-FAT40,36.77513129,42.92210201,Delta (Duhok)
FYD-R01-FDT04-FAT41,36.7748143,42.92215022,Delta (Duhok)
FYD-R01-FDT04-FAT42,36.77382859,42.92186284,Delta (Duhok)
FYD-R01-FDT04-FAT43,36.77376369,42.92118731,Delta (Duhok)
FYD-R01-FDT04-FAT44,36.77390465,42.9211931,Delta (Duhok)
FYD-R01-FDT04-FAT45,36.77334078,42.92237432,Delta (Duhok)
FYD-R01-FDT04-FAT46,36.77303056,42.9224215,Delta (Duhok)
FYD-R01-FDT04-FAT47,36.77259804,42.92248728,Delta (Duhok)
FYD-R01-FDT04-FAT48,36.7720206,42.92232726,Delta (Duhok)
FYD-R01-FDT04-FAT49,36.77194026,42.92155396,Delta (Duhok)
FYD-R01-FDT04-FAT50,36.77187933,42.9209635,Delta (Duhok)
KHN-R01-FDT01-FAT01,36.77542605,42.7834918,Waarpak
KHN-R01-FDT01-FAT02,36.77346737,42.78363134,Waarpak
KHN-R01-FDT01-FAT03,36.77280064,42.78479015,Waarpak
KHN-R01-FDT01-FAT04,36.7715389,42.78780275,Waarpak
KHN-R01-FDT01-FAT05,36.77314025,42.78999931,Waarpak
KHN-R01-FDT01-FAT06,36.77353347,42.79236612,Waarpak
KHN-R01-FDT01-FAT07,36.7729609,42.7955452,Waarpak
KHN-R01-FDT01-FAT08,36.7747199,42.78561955,Waarpak
KHN-R01-FDT01-FAT09,36.7747968,42.78806971,Waarpak
KHN-R01-FDT01-FAT10,36.77547933,42.78868533,Waarpak
KHN-R01-FDT01-FAT11,36.77668985,42.78662507,Waarpak
KHN-R01-FDT01-FAT12,36.77755049,42.78790623,Waarpak
KHN-R01-FDT01-FAT13,36.77788647,42.79024368,Waarpak
KHN-R01-FDT01-FAT14,36.77655646,42.79304347,Waarpak
KHN-R01-FDT01-FAT15,36.77735833,42.79465054,Waarpak
KHN-R01-FDT01-FAT16,36.77633785,42.796093,Waarpak
KHN-R01-FDT01-FAT17,36.77259337,42.78143324,Waarpak
KHN-R01-FDT01-FAT18,36.77106506,42.780281,Waarpak
KHN-R01-FDT01-FAT19,36.77028086,42.77969569,Waarpak
KHN-R01-FDT01-FAT20,36.76976096,42.7777855,Waarpak
KHN-R01-FDT01-FAT21,36.76931774,42.77612997,Waarpak
KHN-R01-FDT01-FAT22,36.76827428,42.77219368,Waarpak
KHN-R01-FDT01-FAT23,36.76783328,42.77053408,Waarpak
KHN-R01-FDT01-FAT24,36.76753713,42.76941966,Waarpak
KHN-R01-FDT01-FAT25,36.76702237,42.76748269,Waarpak
KHN-R01-FDT01-FAT26,36.76503762,42.76534734,Waarpak
KHN-R01-FDT01-FAT27,36.7644338,42.76487204,Waarpak
KHN-R01-FDT01-FAT28,36.76527746,42.763948,Waarpak
KHN-R01-FDT01-FAT29,36.76557989,42.76213899,Waarpak
KHN-R01-FDT01-FAT30,36.76446909,42.76273296,Waarpak
KHN-R01-FDT01-FAT31,36.77108844,42.78021425,Waarpak
KHN-R01-FDT01-FAT32,36.76521343,42.76315762,Waarpak
KHN-R01-FDT01-FAT33,36.77471723,42.78450683,Waarpak
KHN-R01-FDT01-FAT34,36.77270392,42.78649694,Waarpak
KHN-R01-FDT01-FAT35,36.77273346,42.79161627,Waarpak
KHN-R01-FDT01-FAT36,36.77577011,42.78399827,Waarpak
KHN-R01-FDT01-FAT37,36.77534111,42.78992625,Waarpak
KHN-R01-FDT01-FAT38,36.77610934,42.79413349,Waarpak
KHN-R01-FDT01-FAT39,36.76847845,42.77882862,Waarpak
KHN-R01-FDT01-FAT40,36.76579221,42.76862832,Waarpak
KHN-R01-FDT01-FAT41,36.76629133,42.76625883,Waarpak
KHN-R01-FDT01-FAT42,36.76640741,42.76522851,Waarpak
KHN-R01-FDT01-FAT43,36.76404402,42.76519403,Waarpak
KHN-R01-FDT01-FAT44,36.76662792,42.76409112,Waarpak
KHN-R01-FDT01-FAT45,36.76714197,42.76179291,Waarpak
KHN-R01-FDT01-FAT46,36.76302832,42.76376169,Waarpak
KHN-R01-FDT02-FAT01,36.78356683,42.78751065,Waarpak
KHN-R01-FDT02-FAT02,36.78393745,42.78811726,Waarpak
KHN-R01-FDT02-FAT03,36.78429194,42.78844116,Waarpak
KHN-R01-FDT02-FAT04,36.78576509,42.78739092,Waarpak
KHN-R01-FDT02-FAT05,36.78557661,42.78903841,Waarpak
KHN-R01-FDT02-FAT06,36.78606935,42.78997854,Waarpak
KHN-R01-FDT02-FAT07,36.78727706,42.79125576,Waarpak
KHN-R01-FDT02-FAT08,36.78685184,42.78795352,Waarpak
KHN-R01-FDT02-FAT09,36.78705885,42.7898808,Waarpak
KHN-R01-FDT02-FAT10,36.78862707,42.78891896,Waarpak
KHN-R01-FDT02-FAT11,36.78907418,42.79042228,Waarpak
KHN-R01-FDT02-FAT12,36.79022659,42.78979557,Waarpak
KHN-R01-FDT02-FAT13,36.79143772,42.79044679,Waarpak
KHN-R01-FDT02-FAT14,36.79011695,42.79269468,Waarpak
KHN-R01-FDT02-FAT15,36.78174822,42.78774116,Waarpak
KHN-R01-FDT02-FAT16,36.78168225,42.78795697,Waarpak
KHN-R01-FDT02-FAT17,36.78267417,42.79016682,Waarpak
KHN-R01-FDT02-FAT18,36.78386162,42.79152167,Waarpak
KHN-R01-FDT02-FAT19,36.7793556,42.78874095,Waarpak
KHN-R01-FDT02-FAT20,36.78033795,42.78928968,Waarpak
KHN-R01-FDT02-FAT21,36.77881959,42.78929014,Waarpak
KHN-R01-FDT02-FAT22,36.78040551,42.78673578,Waarpak
KHN-R01-FDT02-FAT23,36.77876053,42.78681114,Waarpak
KHN-R01-FDT02-FAT24,36.77821792,42.78793661,Waarpak
KHN-R01-FDT02-FAT25,36.77845222,42.78628794,Waarpak
KHN-R01-FDT02-FAT26,36.77900726,42.78537782,Waarpak
KHN-R01-FDT02-FAT27,36.77875546,42.78414675,Waarpak
KHN-R01-FDT02-FAT28,36.78022969,42.78432437,Waarpak
KHN-R01-FDT02-FAT29,36.78232808,42.78584793,Waarpak
KHN-R01-FDT02-FAT30,36.78605142,42.78277569,Waarpak
KHN-R01-FDT02-FAT31,36.78291053,42.78216264,Waarpak
KHN-R01-FDT02-FAT32,36.77940408,42.78029715,Waarpak
KHN-R01-FDT02-FAT33,36.78395751,42.78802258,Waarpak
KHN-R01-FDT02-FAT34,36.78590746,42.78915646,Waarpak
KHN-R01-FDT02-FAT35,36.78744862,42.79054425,Waarpak
KHN-R01-FDT02-FAT36,36.7910734,42.78998904,Waarpak
KHN-R01-FDT02-FAT37,36.790138,42.79256802,Waarpak
KHN-R01-FDT02-FAT38,36.77805044,42.78852938,Waarpak
KHN-R01-FDT02-FAT39,36.78028811,42.78421959,Waarpak
KHN-R01-FDT02-FAT40,36.78745329,42.78814218,Waarpak
KHN-R01-FDT02-FAT41,36.77980688,42.78988039,Waarpak
KHN-R01-FDT02-FAT42,36.78440705,42.782824,Waarpak
KHN-R01-FDT02-FAT43,36.78519409,42.78875327,Waarpak
KHN-R01-FDT02-FAT44,36.78372068,42.78995072,Waarpak
KHN-R01-FDT02-FAT45,36.78769273,42.7914143,Waarpak
KHN-R01-FDT02-FAT46,36.78860158,42.79017577,Waarpak
KHN-R01-FDT02-FAT47,36.7905284,42.78817492,Waarpak
KHN-R01-FDT02-FAT48,36.78948188,42.79169805,Waarpak
KHN-R01-FDT02-FAT49,36.79241906,42.79084122,Waarpak
KHN-R01-FDT02-FAT50,36.78131435,42.78907057,Waarpak
KHN-R01-FDT02-FAT51,36.78302338,42.78904644,Waarpak
KHN-R01-FDT02-FAT52,36.78443966,42.78430779,Waarpak
KHN-R01-FDT02-FAT53,36.78630771,42.78467685,Waarpak
KHN-R01-FDT02-FAT54,36.78227237,42.78238958,Waarpak
KHN-R01-FDT02-FAT55,36.78088822,42.78209583,Waarpak
KHN-R01-FDT02-FAT56,36.77969131,42.78528972,Waarpak
KHN-R01-FDT02-FAT57,36.77995995,42.78765709,Waarpak
KOR-R01-FDT01-FAT01,36.93395888,43.14883602,BigLine
KOR-R01-FDT01-FAT02,36.93435353,43.14773223,BigLine
KOR-R01-FDT01-FAT03,36.93472081,43.14669443,BigLine
KOR-R01-FDT01-FAT04,36.93519583,43.14371691,BigLine
KOR-R01-FDT01-FAT05,36.93398962,43.14408692,BigLine
KOR-R01-FDT01-FAT06,36.93449355,43.14577272,BigLine
KOR-R01-FDT01-FAT07,36.92095853,43.14912644,BigLine
KOR-R01-FDT01-FAT08,36.9084417,43.14782039,BigLine
KOR-R01-FDT01-FAT09,36.90596235,43.14633227,BigLine
KOR-R01-FDT01-FAT10,36.90543346,43.14449595,BigLine
KOR-R01-FDT01-FAT11,36.90475716,43.14323591,BigLine
KOR-R01-FDT01-FAT12,36.90518728,43.13565865,BigLine
KOR-R01-FDT01-FAT13,36.907102,43.13690249,BigLine
KOR-R01-FDT01-FAT14,36.9076947,43.13702214,BigLine
KOR-R01-FDT01-FAT15,36.90937209,43.13473347,BigLine
KOR-R01-FDT01-FAT16,36.90927888,43.13780351,BigLine
KOR-R01-FDT01-FAT17,36.9106445,43.137498,BigLine
KOR-R01-FDT01-FAT18,36.90868978,43.13896541,BigLine
KOR-R01-FDT01-FAT19,36.90974488,43.13886244,BigLine
KOR-R01-FDT01-FAT20,36.93362389,43.14966247,BigLine
KOR-R01-FDT01-FAT21,36.93201835,43.15035959,BigLine
KOR-R01-FDT01-FAT22,36.93271782,43.15014612,BigLine
KOR-R01-FDT01-FAT23,36.93230966,43.14921212,BigLine
KOR-R01-FDT01-FAT24,36.93389922,43.15222975,BigLine
KOR-R01-FDT01-FAT25,36.93390602,43.15339533,BigLine
KOR-R01-FDT01-FAT26,36.93000609,43.15188181,BigLine
KOR-R01-FDT01-FAT27,36.9302681,43.15425825,BigLine
KOR-R01-FDT01-FAT28,36.93385697,43.1491294,BigLine
KOR-R01-FDT01-FAT29,36.93259014,43.14868274,BigLine
KOR-R01-FDT01-FAT30,36.93474743,43.14417705,BigLine
KOR-R01-FDT01-FAT31,36.93470498,43.14269723,BigLine
KOR-R01-FDT01-FAT32,36.93388735,43.15270734,BigLine
KOR-R01-FDT01-FAT33,36.93375826,43.14936749,BigLine
KOR-R01-FDT01-FAT34,36.94019825,43.12726195,BigLine
KOR-R01-FDT01-FAT35,36.94020162,43.12492188,BigLine
KOR-R01-FDT01-FAT36,36.93912898,43.12570159,BigLine
KOR-R01-FDT01-FAT37,36.90947849,43.13967169,BigLine
KOR-R01-FDT01-FAT38,36.9110551,43.14845214,BigLine
KOR-R01-FDT01-FAT39,36.93426901,43.14574252,BigLine
KOR-R01-FDT01-FAT40,36.93446301,43.14272941,BigLine
KOR-R01-FDT01-FAT41,36.93375935,43.14398823,BigLine
KOR-R01-FDT01-FAT42,36.90948093,43.13762219,BigLine
KOR-R01-FDT01-FAT43,36.93369761,43.14873135,BigLine
KOR-R01-FDT01-FAT44,36.93412021,43.14755958,BigLine
KOR-R01-FDT01-FAT45,36.93386847,43.15369405,BigLine
KOR-R01-FDT01-FAT46,36.93185941,43.15022116,BigLine
KOR-R01-FDT01-FAT47,36.93208773,43.14969587,BigLine
KOR-R01-FDT01-FAT48,36.90708297,43.13822462,BigLine
KOR-R01-FDT01-FAT49,36.93289814,43.14749363,BigLine
KOR-R01-FDT01-FAT50,36.90963512,43.13611643,BigLine
KOR-R01-FDT01-FAT51,36.92926581,43.15254564,BigLine
KOR-R01-FDT01-FAT52,36.90580717,43.14617662,BigLine
KOR-R01-FDT01-FAT53,36.90853882,43.134073,BigLine
KOR-R01-FDT01-FAT54,36.93605734,43.14043413,BigLine
KOR-R01-FDT01-FAT55,36.93648636,43.13831142,BigLine
KOR-R01-FDT01-FAT56,36.90243357,43.13465653,BigLine
KOR-R01-FDT01-FAT57,36.93545334,43.14471767,BigLine
KOR-R01-FDT01-FAT58,36.90903868,43.13579664,BigLine
KOR-R01-FDT02-FAT01,36.9047467,43.09846746,BigLine
KOR-R01-FDT02-FAT02,36.90552776,43.09557982,BigLine
KOR-R01-FDT02-FAT03,36.90530784,43.09653826,BigLine
KOR-R01-FDT02-FAT04,36.90663805,43.09491143,BigLine
KOR-R01-FDT02-FAT05,36.90620085,43.09409027,BigLine
KOR-R01-FDT02-FAT06,36.90678312,43.09283617,BigLine
KOR-R01-FDT02-FAT07,36.90880016,43.0625346,BigLine
KOR-R01-FDT02-FAT08,36.90758052,43.06107284,BigLine
KOR-R01-FDT02-FAT09,36.90614489,43.09407128,BigLine
KOR-R01-FDT02-FAT10,36.90828491,43.06188442,BigLine
KOR-R01-FDT02-FAT11,36.91204499,43.05937017,BigLine
KOR-R01-FDT02-FAT12,36.90573896,43.05916101,BigLine
KOR-R02-FDT01-FAT01,36.96589047,43.17014806,Waarpak
KOR-R02-FDT01-FAT02,36.96685836,43.17051483,Waarpak
KOR-R02-FDT01-FAT03,36.96736484,43.17067619,Waarpak
KOR-R02-FDT01-FAT04,36.9683324,43.1709872,Waarpak
KOR-R02-FDT01-FAT05,36.96904055,43.17125269,Waarpak
KOR-R02-FDT01-FAT06,36.96889336,43.17071963,Waarpak
KOR-R02-FDT01-FAT07,36.9705634,43.17180441,Waarpak
KOR-R02-FDT01-FAT08,36.9647547,43.1688448,Waarpak
KOR-R02-FDT01-FAT09,36.96422014,43.16772407,Waarpak
KOR-R02-FDT01-FAT10,36.96560964,43.16749334,Waarpak
KOR-R02-FDT01-FAT11,36.96660307,43.16735905,Waarpak
KOR-R02-FDT01-FAT12,36.96027263,43.16730208,Waarpak
KOR-R02-FDT01-FAT13,36.95922582,43.16704323,Waarpak
KOR-R02-FDT01-FAT14,36.95655701,43.16497778,Waarpak
KOR-R02-FDT01-FAT15,36.96591898,43.16964193,Waarpak
KOR-R02-FDT01-FAT16,36.96741724,43.16882328,Waarpak
KOR-R02-FDT01-FAT17,36.96822757,43.16925468,Waarpak
KOR-R02-FDT01-FAT18,36.96937975,43.17088176,Waarpak
KOR-R02-FDT01-FAT19,36.9642888,43.1664795,Waarpak
KOR-R02-FDT01-FAT20,36.96673971,43.1686359,Waarpak
KOR-R02-FDT01-FAT21,36.96448944,43.16782152,Waarpak
KOR-R02-FDT01-FAT22,36.96773467,43.1690851,Waarpak
KOR-R02-FDT01-FAT23,36.96545102,43.1681574,Waarpak
KOR-R02-FDT01-FAT24,36.9651485,43.17172234,Waarpak
KOR-R02-FDT01-FAT25,36.96636776,43.17028602,Waarpak
KOR-R02-FDT01-FAT26,36.96853954,43.17103869,Waarpak
KOR-R02-FDT01-FAT27,36.96633861,43.16728484,Waarpak
KOR-R02-FDT01-FAT28,36.96034728,43.16708967,Waarpak
MLT-R01-FDT01-FAT01,36.88072312,42.92437916,3BG
MLT-R01-FDT01-FAT02,36.88060852,42.92427334,3BG
MLT-R01-FDT01-FAT03,36.8805507,42.92316291,3BG
MLT-R01-FDT01-FAT04,36.88044434,42.9224836,3BG
MLT-R01-FDT01-FAT05,36.8801794,42.92212881,3BG
MLT-R01-FDT01-FAT06,36.88002882,42.92503016,3BG
MLT-R01-FDT01-FAT07,36.8798143,42.92369613,3BG
MLT-R01-FDT01-FAT08,36.87912353,42.92706647,3BG
MLT-R01-FDT01-FAT09,36.87962995,42.92703119,3BG
MLT-R01-FDT01-FAT10,36.87974696,42.92757351,3BG
MLT-R01-FDT01-FAT11,36.87972628,42.92824923,3BG
MLT-R01-FDT01-FAT12,36.87989267,42.92530859,3BG
MLT-R01-FDT01-FAT13,36.87942041,42.92544196,3BG
MLT-R01-FDT01-FAT14,36.87896653,42.92527988,3BG
MLT-R01-FDT01-FAT15,36.8785934,42.92399272,3BG
MLT-R01-FDT01-FAT16,36.8786181,42.92374541,3BG
MLT-R01-FDT01-FAT17,36.8790249,42.92230273,3BG
MLT-R01-FDT01-FAT18,36.87820124,42.92222161,3BG
MLT-R01-FDT01-FAT19,36.87812155,42.92246412,3BG
MLT-R01-FDT01-FAT20,36.8786026,42.92563033,3BG
MLT-R01-FDT01-FAT21,36.87857741,42.92641256,3BG
MLT-R01-FDT01-FAT22,36.8785699,42.92676751,3BG
MLT-R01-FDT01-FAT23,36.87855534,42.92800076,3BG
MLT-R01-FDT01-FAT24,36.87822021,42.92570446,3BG
MLT-R01-FDT01-FAT25,36.87810923,42.92541458,3BG
MLT-R01-FDT01-FAT26,36.87803536,42.92542455,3BG
MLT-R01-FDT01-FAT27,36.87786445,42.92575378,3BG
MLT-R01-FDT01-FAT28,36.87755873,42.92554361,3BG
MLT-R01-FDT01-FAT29,36.87744479,42.92589671,3BG
MLT-R01-FDT01-FAT30,36.8774389,42.92705438,3BG
MLT-R01-FDT01-FAT31,36.87741544,42.92865515,3BG
MLT-R01-FDT01-FAT32,36.87669838,42.92862559,3BG
MLT-R01-FDT01-FAT33,36.87890224,42.91184727,3BG
MLT-R01-FDT01-FAT34,36.87904914,42.90725806,3BG
MLT-R01-FDT01-FAT35,36.87982266,42.92326912,3BG
MLT-R01-FDT01-FAT36,36.87867177,42.92283703,3BG
MLT-R01-FDT01-FAT37,36.87870093,42.92827529,3BG
MLT-R01-FDT01-FAT38,36.88098203,42.92328341,3BG
MLT-R01-FDT02-FAT01,36.88318148,42.93633023,3BG
MLT-R01-FDT02-FAT02,36.8831853,42.93638857,3BG
MLT-R01-FDT02-FAT03,36.88318401,42.93644954,3BG
MLT-R01-FDT02-FAT04,36.88319494,42.93577329,3BG
MLT-R01-FDT02-FAT05,36.88319364,42.93583426,3BG
MLT-R01-FDT02-FAT06,36.88319673,42.93691204,3BG
MLT-R01-FDT02-FAT07,36.88319543,42.93697301,3BG
MLT-R01-FDT02-FAT08,36.88303766,42.93800246,3BG
MLT-R01-FDT02-FAT09,36.88307639,42.9380277,3BG
MLT-R01-FDT02-FAT10,36.88311789,42.93805177,3BG
MLT-R01-FDT02-FAT11,36.88338875,42.93836063,3BG
MLT-R01-FDT02-FAT12,36.88343224,42.93836521,3BG
MLT-R01-FDT02-FAT13,36.88337565,42.93755541,3BG
MLT-R01-FDT02-FAT14,36.88342885,42.93755536,3BG
MLT-R01-FDT02-FAT15,36.8834729,42.93755248,3BG
MLT-R01-FDT02-FAT16,36.88376433,42.93795547,3BG
MLT-R01-FDT02-FAT17,36.88376529,42.93801351,3BG
MLT-R01-FDT02-FAT18,36.88368396,42.93887079,3BG
MLT-R01-FDT02-FAT19,36.88370549,42.93891621,3BG
MLT-R01-FDT02-FAT20,36.88372796,42.93895697,3BG
MLT-R01-FDT02-FAT21,36.88371088,42.93966689,3BG
MLT-R01-FDT02-FAT22,36.88375456,42.93969286,3BG
MLT-R01-FDT02-FAT23,36.88379824,42.93971647,3BG
MLT-R01-FDT02-FAT24,36.88307257,42.93926112,3BG
MLT-R01-FDT02-FAT25,36.88311311,42.93929748,3BG
MLT-R01-FDT02-FAT26,36.88416913,42.93994149,3BG
MLT-R01-FDT02-FAT27,36.88421026,42.93996884,3BG
MLT-R01-FDT02-FAT28,36.88372143,42.93606936,3BG
MLT-R01-FDT02-FAT29,36.88372525,42.9361277,3BG
MLT-R01-FDT02-FAT30,36.88372395,42.93618867,3BG
MLT-R01-FDT02-FAT31,36.88371876,42.93551823,3BG
MLT-R01-FDT02-FAT32,36.88372258,42.93557656,3BG
MLT-R01-FDT02-FAT33,36.88372129,42.93563753,3BG
MLT-R01-FDT02-FAT34,36.88362403,42.93672941,3BG
MLT-R01-FDT02-FAT35,36.88359823,42.93678759,3BG
MLT-R01-FDT02-FAT36,36.8842868,42.93591811,3BG
MLT-R01-FDT02-FAT37,36.88432859,42.93589081,3BG
MLT-R01-FDT02-FAT38,36.88468042,42.93571192,3BG
MLT-R01-FDT02-FAT39,36.88282566,42.935086,Fiber Speed (Duhok)
MLT-R01-FDT02-FAT40,36.88346277,42.93391524,Fiber Speed (Duhok)
MLT-R01-FDT02-FAT41,36.88353063,42.93346571,Fiber Speed (Duhok)
MLT-R01-FDT02-FAT42,36.88583869,42.93502073,Fiber Speed (Duhok)
MLT-R01-FDT02-FAT43,36.88336123,42.9351194,Fiber Speed (Duhok)
MLT-R01-FDT02-FAT44,36.88513436,42.93436961,Fiber Speed (Duhok)
MLT-R01-FDT02-FAT45,36.88470634,42.93573771,3BG
MLT-R01-FDT03-FAT01,36.88383028,42.93721967,Strong Link Duhok
MLT-R01-FDT03-FAT02,36.88383136,42.93724985,Strong Link Duhok
MLT-R01-FDT03-FAT03,36.88382973,42.93728085,Strong Link Duhok
MLT-R01-FDT03-FAT04,36.8842067,42.9364611,Strong Link Duhok
MLT-R01-FDT03-FAT05,36.88420615,42.93642978,Strong Link Duhok
MLT-R01-FDT03-FAT06,36.88420774,42.93639774,Strong Link Duhok
MLT-R01-FDT03-FAT07,36.88424523,42.93702799,Strong Link Duhok
MLT-R01-FDT03-FAT08,36.88424834,42.93705375,Strong Link Duhok
MLT-R01-FDT03-FAT09,36.88425201,42.93708147,Strong Link Duhok
MLT-R01-FDT03-FAT10,36.88468439,42.93681776,Strong Link Duhok
MLT-R01-FDT03-FAT11,36.88466398,42.9368295,Strong Link Duhok
MLT-R01-FDT03-FAT12,36.88463941,42.93684464,Strong Link Duhok
MLT-R01-FDT03-FAT13,36.88501755,42.93653197,Strong Link Duhok
MLT-R01-FDT03-FAT14,36.88499903,42.93655073,Strong Link Duhok
MLT-R01-FDT03-FAT15,36.88498206,42.93656815,Strong Link Duhok
MLT-R01-FDT03-FAT16,36.88498283,42.93722214,Strong Link Duhok
MLT-R01-FDT03-FAT17,36.88496181,42.93723914,Strong Link Duhok
MLT-R01-FDT03-FAT18,36.88494079,42.93725614,Strong Link Duhok
MLT-R01-FDT03-FAT19,36.88528454,42.93693257,Strong Link Duhok
MLT-R01-FDT03-FAT20,36.88526933,42.93695028,Strong Link Duhok
MLT-R01-FDT03-FAT21,36.88524854,42.93697628,Strong Link Duhok
MLT-R01-FDT03-FAT22,36.88553226,42.93663283,Strong Link Duhok
MLT-R01-FDT03-FAT23,36.88551921,42.93665309,Strong Link Duhok
MLT-R01-FDT03-FAT24,36.88550102,42.93667413,Strong Link Duhok
MLT-R01-FDT03-FAT25,36.88575843,42.93629228,Strong Link Duhok
MLT-R01-FDT03-FAT26,36.88574152,42.93632168,Strong Link Duhok
MLT-R01-FDT03-FAT27,36.88572289,42.93634802,Strong Link Duhok
MLT-R01-FDT03-FAT28,36.8847032,42.9392861,Strong Link Duhok
MLT-R01-FDT03-FAT29,36.88472719,42.93928495,Strong Link Duhok
MLT-R01-FDT03-FAT30,36.88472679,42.93925858,Strong Link Duhok
MLT-R01-FDT03-FAT31,36.88470327,42.93925931,Strong Link Duhok
MLT-R01-FDT03-FAT32,36.88453827,42.9397475,Strong Link Duhok
MLT-R01-FDT03-FAT33,36.88456226,42.93974635,Strong Link Duhok
MLT-R01-FDT03-FAT34,36.88456186,42.93971997,Strong Link Duhok
MLT-R01-FDT03-FAT35,36.88453834,42.93972071,Strong Link Duhok
MLT-R01-FDT03-FAT36,36.88422855,42.93905164,Strong Link Duhok
MLT-R01-FDT03-FAT37,36.88420503,42.93905237,Strong Link Duhok
MLT-R01-FDT03-FAT38,36.88420496,42.93907916,Strong Link Duhok
MLT-R01-FDT03-FAT39,36.88422895,42.93907801,Strong Link Duhok
MLT-R01-FDT03-FAT40,36.88420425,42.9385938,Strong Link Duhok
MLT-R01-FDT03-FAT41,36.88418073,42.93859454,Strong Link Duhok
MLT-R01-FDT03-FAT42,36.88418067,42.93862133,Strong Link Duhok
MLT-R01-FDT03-FAT43,36.88420466,42.93862018,Strong Link Duhok
MLT-R01-FDT03-FAT44,36.88422336,42.93860864,Strong Link Duhok
MLT-R01-FDT03-FAT45,36.88422826,42.93811826,Strong Link Duhok
MLT-R01-FDT03-FAT46,36.88420475,42.938119,Strong Link Duhok
MLT-R01-FDT03-FAT47,36.88420468,42.93814579,Strong Link Duhok
MLT-R01-FDT03-FAT48,36.88422867,42.93814464,Strong Link Duhok
MLT-R01-FDT03-FAT49,36.88424889,42.93813159,Strong Link Duhok
MLT-R01-FDT03-FAT50,36.88424654,42.93764912,Strong Link Duhok
MLT-R01-FDT03-FAT51,36.88422303,42.93764986,Strong Link Duhok
MLT-R01-FDT03-FAT52,36.88422296,42.93767665,Strong Link Duhok
MLT-R01-FDT03-FAT53,36.88424695,42.9376755,Strong Link Duhok
MLT-R01-FDT03-FAT54,36.88426459,42.9376623,Strong Link Duhok
MLT-R01-FDT03-FAT55,36.88460012,42.93744061,Strong Link Duhok
MLT-R01-FDT03-FAT56,36.88457613,42.93744176,Strong Link Duhok
MLT-R01-FDT03-FAT57,36.8845762,42.93741497,Strong Link Duhok
MLT-R01-FDT03-FAT58,36.88459971,42.93741423,Strong Link Duhok
MLT-R01-FDT03-FAT59,36.88461972,42.93742635,Strong Link Duhok
MLT-R01-FDT04-FAT01,36.88755918,42.92313975,3BG
MLT-R01-FDT04-FAT02,36.88643141,42.92327955,3BG
MLT-R01-FDT04-FAT03,36.88622381,42.92268099,3BG
MLT-R01-FDT04-FAT04,36.88773792,42.92371974,3BG
MLT-R01-FDT04-FAT05,36.8868239,42.92152574,3BG
MLT-R01-FDT04-FAT06,36.88712193,42.92048273,3BG
MLT-R01-FDT04-FAT07,36.88714963,42.92037321,3BG
MLT-R01-FDT04-FAT08,36.88744315,42.92067684,3BG
MLT-R01-FDT04-FAT09,36.8876041,42.92005867,3BG
MLT-R01-FDT04-FAT10,36.88775512,42.92001626,3BG
MLT-R01-FDT04-FAT11,36.88810771,42.91656204,3BG
MLT-R01-FDT04-FAT12,36.88779805,42.91783686,3BG
MLT-R01-FDT04-FAT13,36.88763359,42.91848002,3BG
MLT-R01-FDT04-FAT14,36.88805516,42.91834373,3BG
MLT-R01-FDT04-FAT15,36.88822483,42.91769889,3BG
MLT-R01-FDT04-FAT16,36.88913413,42.91603683,3BG
MLT-R01-FDT04-FAT17,36.88730684,42.9176675,3BG
MLT-R01-FDT04-FAT18,36.88811518,42.91586067,3BG
MLT-R01-FDT04-FAT19,36.88686264,42.91688823,3BG
MLT-R01-FDT04-FAT20,36.88857664,42.91627055,#N/A
MLT-R01-FDT04-FAT21,36.88872007,42.91572609,3BG
MLT-R01-FDT04-FAT22,36.88877506,42.91540068,3BG
MLT-R01-FDT04-FAT23,36.88802241,42.92240327,3BG
MLT-R01-FDT04-FAT24,36.88814352,42.92205184,3BG
MLT-R01-FDT04-FAT25,36.88884304,42.92213267,3BG
MLT-R01-FDT04-FAT26,36.88900326,42.92159222,3BG
MLT-R01-FDT04-FAT27,36.88833531,42.92147715,3BG
MLT-R01-FDT04-FAT28,36.88914153,42.92059334,3BG
MLT-R01-FDT04-FAT29,36.88851541,42.92032081,#N/A
MLT-R01-FDT04-FAT30,36.88902434,42.91971859,3BG
MLT-R01-FDT04-FAT31,36.88941779,42.92052633,3BG
MLT-R01-FDT04-FAT32,36.88948512,42.91903038,3BG
MLT-R01-FDT04-FAT33,36.88835317,42.91920277,3BG
MLT-R01-FDT04-FAT34,36.88873298,42.91759173,3BG
MLT-R01-FDT04-FAT35,36.89013038,42.91930096,#N/A
MLT-R01-FDT04-FAT36,36.88971586,42.91862665,3BG
MLT-R01-FDT04-FAT37,36.88980914,42.9183141,3BG
MLT-R01-FDT04-FAT38,36.88988965,42.91800509,3BG
MLT-R01-FDT04-FAT39,36.89016659,42.9181317,3BG
MLT-R01-FDT05-FAT01,36.89014852,42.91703909,3BG
MLT-R01-FDT05-FAT02,36.89123619,42.91683497,3BG
MLT-R01-FDT05-FAT03,36.89094971,42.91730402,3BG
MLT-R01-FDT05-FAT04,36.89036294,42.91599032,3BG
MLT-R01-FDT05-FAT05,36.89094244,42.91569288,3BG
MLT-R01-FDT05-FAT06,36.89180125,42.91587273,3BG
MLT-R01-FDT05-FAT07,36.89222217,42.91504028,3BG
MLT-R01-FDT05-FAT08,36.89240958,42.91469977,3BG
MLT-R01-FDT05-FAT09,36.89137277,42.91568934,#N/A
MLT-R01-FDT05-FAT10,36.8916158,42.91516969,3BG
MLT-R01-FDT05-FAT11,36.89186312,42.91468197,3BG
MLT-R01-FDT05-FAT12,36.89185941,42.91450942,3BG
MLT-R01-FDT05-FAT13,36.89228545,42.91370218,3BG
MLT-R01-FDT05-FAT14,36.8936098,42.91348737,3BG
MLT-R01-FDT05-FAT15,36.89266455,42.91289862,3BG
MLT-R01-FDT05-FAT16,36.89298828,42.91230922,3BG
MLT-R01-FDT05-FAT17,36.89335796,42.91258407,3BG
MLT-R01-FDT05-FAT18,36.88967636,42.91511637,3BG
MLT-R01-FDT05-FAT19,36.89058437,42.91474138,3BG
MLT-R01-FDT05-FAT20,36.89053941,42.91458716,3BG
MLT-R01-FDT05-FAT21,36.89073528,42.91412716,3BG
MLT-R01-FDT05-FAT22,36.8905251,42.91357053,3BG
MLT-R01-FDT05-FAT23,36.89066768,42.91356384,3BG
MLT-R01-FDT05-FAT24,36.89124128,42.91383134,3BG
MLT-R01-FDT05-FAT25,36.8915693,42.91312632,3BG
MLT-R01-FDT05-FAT26,36.89103617,42.91267147,3BG
MLT-R01-FDT05-FAT27,36.89044996,42.91216571,3BG
MLT-R01-FDT05-FAT28,36.89064722,42.91174942,3BG
MLT-R01-FDT05-FAT29,36.89090697,42.91114838,3BG
MLT-R01-FDT05-FAT30,36.89138074,42.91177278,3BG
MLT-R01-FDT05-FAT31,36.89170582,42.91193365,3BG
MLT-R01-FDT05-FAT32,36.89178302,42.91202548,3BG
MLT-R01-FDT05-FAT33,36.89182419,42.91047794,3BG
MLT-R01-FDT05-FAT34,36.89206403,42.9112164,3BG
MLT-R01-FDT05-FAT35,36.8926473,42.91166406,3BG
MLT-R01-FDT05-FAT36,36.89263242,42.91190122,3BG
MLT-R01-FDT05-FAT37,36.89044024,42.91654862,3BG
MLT-R01-FDT05-FAT38,36.89044583,42.91712025,3BG
MLT-R01-FDT05-FAT39,36.89080451,42.91480643,3BG
MLT-R01-FDT06-FAT01,36.88515194,42.92158626,3BG
MLT-R01-FDT06-FAT02,36.88583009,42.9174009,3BG
MLT-R01-FDT06-FAT03,36.88427298,42.92253763,3BG
MLT-R01-FDT06-FAT04,36.88349744,42.92171692,3BG
MLT-R01-FDT06-FAT05,36.88472433,42.91736367,3BG
MLT-R01-FDT06-FAT06,36.88325477,42.92117855,3BG
MLT-R01-FDT06-FAT07,36.88394734,42.92140577,3BG
MLT-R01-FDT06-FAT08,36.88371433,42.92133935,3BG
MLT-R01-FDT06-FAT09,36.88399073,42.92010526,3BG
MLT-R01-FDT06-FAT10,36.88448005,42.91829067,3BG
MLT-R01-FDT06-FAT11,36.88374469,42.91916573,3BG
MLT-R01-FDT06-FAT12,36.88341855,42.91891192,#N/A
MLT-R01-FDT06-FAT13,36.88402568,42.91814938,3BG
MLT-R01-FDT06-FAT14,36.88587461,42.92064489,3BG
MLT-R01-FDT06-FAT15,36.885582,42.92027024,3BG
MLT-R01-FDT06-FAT16,36.88532287,42.92015345,3BG
MLT-R01-FDT06-FAT17,36.885146,42.9200832,3BG
MLT-R01-FDT06-FAT18,36.88440538,42.92092949,3BG
MLT-R01-FDT06-FAT19,36.88430741,42.92089796,3BG
MLT-R01-FDT06-FAT20,36.88494198,42.91974353,3BG
MLT-R01-FDT06-FAT21,36.8855055,42.91861574,3BG
MLT-R01-FDT06-FAT22,36.88477541,42.91903575,3BG
MLT-R01-FDT06-FAT23,36.88503248,42.91804003,3BG
MLT-R01-FDT06-FAT24,36.88527392,42.91712768,3BG
MLT-R01-FDT07-FAT01,36.87906581,42.92993741,3BG
MLT-R01-FDT07-FAT02,36.87907374,42.92883355,3BG
MLT-R01-FDT07-FAT03,36.87827458,42.92880251,3BG
MLT-R01-FDT07-FAT04,36.87780377,42.92878737,3BG
MLT-R01-FDT07-FAT05,36.87882103,42.93146496,3BG
MLT-R01-FDT07-FAT06,36.87821691,42.93137875,3BG
MLT-R01-FDT07-FAT07,36.87786051,42.93027506,3BG
MLT-R01-FDT07-FAT08,36.87776972,42.93030632,3BG
MLT-R01-FDT07-FAT09,36.87646114,42.93029618,3BG
MLT-R01-FDT07-FAT10,36.87730738,42.92926503,3BG
MLT-R01-FDT07-FAT11,36.87727628,42.93089283,3BG
MLT-R01-FDT07-FAT12,36.87701817,42.93089183,3BG
MLT-R01-FDT07-FAT13,36.88060225,42.93152523,3BG
MLT-R01-FDT07-FAT14,36.88106761,42.93152946,3BG
MLT-R01-FDT07-FAT15,36.88110575,42.92998891,3BG
MLT-R01-FDT07-FAT16,36.88065975,42.9296822,3BG
MLT-R01-FDT07-FAT17,36.88110548,42.92948005,3BG
MLT-R01-FDT07-FAT18,36.88111816,42.92890906,3BG
MLT-R01-FDT07-FAT19,36.88137948,42.92872299,3BG
MLT-R01-FDT07-FAT20,36.88101564,42.92826601,3BG
MLT-R01-FDT07-FAT21,36.88064501,42.9279443,3BG
MLT-R01-FDT07-FAT22,36.87984362,42.9283049,3BG
MLT-R01-FDT07-FAT23,36.87983822,42.92748123,3BG
MLT-R01-FDT07-FAT24,36.88176065,42.92702914,3BG
MLT-R01-FDT07-FAT25,36.88172123,42.9267861,3BG
MLT-R01-FDT07-FAT26,36.87733172,42.92915508,3BG
MLT-R01-FDT07-FAT27,36.88062876,42.92561741,3BG
MLT-R01-FDT07-FAT28,36.88027487,42.9251924,3BG
MLT-R01-FDT07-FAT29,36.87641891,42.93140975,3BG
MLT-R01-FDT07-FAT30,36.88051309,42.92621058,3BG
MLT-R01-FDT07-FAT31,36.88116807,42.92568494,3BG
MLT-R01-FDT07-FAT32,36.87701561,42.93034842,3BG
MLT-R01-FDT07-FAT33,36.87675245,42.92963954,3BG
MLT-R01-FDT08-FAT01,36.87445046,42.9298576,3BG
MLT-R01-FDT08-FAT02,36.87358762,42.92833164,#N/A
MLT-R01-FDT08-FAT03,36.87275607,42.92668088,3BG
MLT-R01-FDT08-FAT04,36.87344275,42.92619618,3BG
MLT-R01-FDT08-FAT05,36.87374311,42.92578161,3BG
MLT-R01-FDT08-FAT06,36.87356423,42.92510313,3BG
MLT-R01-FDT08-FAT07,36.87402762,42.92488274,3BG
MLT-R01-FDT08-FAT08,36.87443516,42.92857576,3BG
MLT-R01-FDT08-FAT09,36.87491491,42.92814642,3BG
MLT-R01-FDT08-FAT10,36.87541245,42.92676334,3BG
MLT-R01-FDT08-FAT11,36.87642832,42.92703655,3BG
MLT-R01-FDT08-FAT12,36.87662908,42.92646963,3BG
MLT-R01-FDT08-FAT13,36.87526488,42.92932906,3BG
MLT-R01-FDT08-FAT14,36.87491224,42.927634,3BG
MLT-R01-FDT08-FAT15,36.8753877,42.92742937,3BG
MLT-R01-FDT08-FAT16,36.87529464,42.92715923,3BG
MLT-R01-FDT08-FAT17,36.87513439,42.92608756,3BG
MLT-R01-FDT08-FAT18,36.87540998,42.92525098,3BG
MLT-R01-FDT08-FAT19,36.87570514,42.92407386,3BG
MLT-R01-FDT08-FAT20,36.87560428,42.92551153,3BG
MLT-R01-FDT08-FAT21,36.87671602,42.92526307,3BG
MLT-R01-FDT08-FAT22,36.87690482,42.92471527,3BG
MLT-R01-FDT08-FAT23,36.87602697,42.9235861,3BG
MLT-R01-FDT08-FAT24,36.87623065,42.92325964,3BG
MLT-R01-FDT08-FAT25,36.87243949,42.93140197,3BG
MLT-R01-FDT08-FAT26,36.87087575,42.93136829,3BG
MLT-R01-FDT08-FAT27,36.87097598,42.92958942,3BG
MLT-R01-FDT08-FAT28,36.87006473,42.93010868,3BG
MLT-R01-FDT08-FAT29,36.86961216,42.93025164,3BG
MLT-R01-FDT08-FAT30,36.86931329,42.93031299,3BG
MLT-R01-FDT08-FAT31,36.86778707,42.9313779,3BG
MLT-R01-FDT08-FAT32,36.87244898,42.93124329,3BG
MLT-R01-FDT08-FAT33,36.87218751,42.93074859,3BG
MLT-R01-FDT08-FAT34,36.87182067,42.9303034,3BG
MLT-R01-FDT08-FAT35,36.87280547,42.93003523,3BG
MLT-R01-FDT08-FAT36,36.87218353,42.92894798,3BG
MLT-R01-FDT08-FAT37,36.87733643,42.92346613,3BG
MLT-R01-FDT08-FAT38,36.87546632,42.92438507,3BG
MLT-R01-FDT08-FAT39,36.87311968,42.92624913,3BG
MLT-R01-FDT08-FAT40,36.87526745,42.92814455,3BG
MLT-R01-FDT08-FAT41,36.87716692,42.92650969,3BG
MLT-R01-FDT08-FAT42,36.87096434,42.92995764,3BG
MLT-R01-FDT08-FAT43,36.87123313,42.93092128,3BG
MLT-R01-FDT09-FAT01,36.87143881,42.94345728,Fiber Speed (Duhok)
MLT-R01-FDT09-FAT02,36.87160387,42.94323925,Fiber Speed (Duhok)
MLT-R01-FDT09-FAT03,36.87246048,42.94303885,Fiber Speed (Duhok)
MLT-R01-FDT09-FAT04,36.87341735,42.94252532,Fiber Speed (Duhok)
MLT-R01-FDT09-FAT05,36.87428096,42.94250062,Fiber Speed (Duhok)
MLT-R01-FDT09-FAT06,36.8742659,42.94202756,Fiber Speed (Duhok)
MLT-R01-FDT09-FAT07,36.87471404,42.94231305,Fiber Speed (Duhok)
MLT-R01-FDT09-FAT08,36.87202819,42.9423889,Fiber Speed (Duhok)
MLT-R01-FDT09-FAT09,36.87282198,42.9418824,Fiber Speed (Duhok)
MLT-R01-FDT09-FAT10,36.87280548,42.94124254,Fiber Speed (Duhok)
MLT-R01-FDT09-FAT11,36.87279099,42.94065706,Fiber Speed (Duhok)
MLT-R01-FDT09-FAT12,36.87295837,42.94318838,Fiber Speed (Duhok)
MLT-R01-FDT09-FAT13,36.87384465,42.94347429,Fiber Speed (Duhok)
MLT-R01-FDT09-FAT14,36.87436629,42.9433065,Fiber Speed (Duhok)
MLT-R01-FDT09-FAT15,36.87548692,42.94362482,Fiber Speed (Duhok)
MLT-R01-FDT09-FAT16,36.87521304,42.94450801,Fiber Speed (Duhok)
MLT-R01-FDT09-FAT17,36.87475107,42.9438563,Fiber Speed (Duhok)
MLT-R01-FDT09-FAT18,36.8747781,42.94473297,Fiber Speed (Duhok)
MLT-R01-FDT09-FAT19,36.87438828,42.9443299,Fiber Speed (Duhok)
MLT-R01-FDT09-FAT20,36.87520214,42.94314441,Fiber Speed (Duhok)
MLT-R01-FDT09-FAT21,36.87525176,42.94258069,Fiber Speed (Duhok)
MLT-R01-FDT09-FAT22,36.87591625,42.94303668,Fiber Speed (Duhok)
MLT-R01-FDT09-FAT23,36.87589308,42.94360784,Fiber Speed (Duhok)
MLT-R01-FDT09-FAT24,36.87586894,42.94426189,Fiber Speed (Duhok)
MLT-R01-FDT09-FAT25,36.87080538,42.94455155,Fiber Speed (Duhok)
MLT-R01-FDT09-FAT26,36.87108701,42.94531848,Fiber Speed (Duhok)
MLT-R01-FDT09-FAT27,36.87225923,42.94532241,Fiber Speed (Duhok)
MLT-R01-FDT09-FAT28,36.87222485,42.945878,Fiber Speed (Duhok)
MLT-R01-FDT09-FAT29,36.87186627,42.94640516,Fiber Speed (Duhok)
MLT-R01-FDT09-FAT30,36.87233626,42.94636089,Fiber Speed (Duhok)
MLT-R01-FDT09-FAT31,36.87027334,42.94538071,Fiber Speed (Duhok)
MLT-R01-FDT09-FAT32,36.87093732,42.94658944,Fiber Speed (Duhok)
MLT-R01-FDT09-FAT33,36.87141326,42.94702267,Fiber Speed (Duhok)
MLT-R01-FDT09-FAT34,36.87021311,42.94630498,Fiber Speed (Duhok)
MLT-R01-FDT09-FAT35,36.87090977,42.94603451,Fiber Speed (Duhok)
MLT-R01-FDT09-FAT36,36.8704609,42.94726866,Fiber Speed (Duhok)
MLT-R01-FDT09-FAT37,36.87049353,42.94782549,Fiber Speed (Duhok)
MLT-R01-FDT09-FAT38,36.86963331,42.94898823,Fiber Speed (Duhok)
MLT-R01-FDT09-FAT39,36.87004311,42.948339,Fiber Speed (Duhok)
MLT-R01-FDT09-FAT40,36.87052719,42.94830113,Fiber Speed (Duhok)
MLT-R01-FDT09-FAT41,36.87057302,42.94921228,Fiber Speed (Duhok)
MLT-R01-FDT09-FAT42,36.87105811,42.94920194,Fiber Speed (Duhok)
MLT-R01-FDT09-FAT43,36.87114777,42.94257398,Fiber Speed (Duhok)
MLT-R01-FDT09-FAT44,36.87148891,42.94183701,Fiber Speed (Duhok)
MLT-R01-FDT09-FAT45,36.87262444,42.94390847,Fiber Speed (Duhok)
MLT-R01-FDT09-FAT46,36.87139167,42.9464659,Fiber Speed (Duhok)
MLT-R01-FDT09-FAT47,36.87590234,42.94341197,Fiber Speed (Duhok)
MLT-R01-FDT09-FAT48,36.87192369,42.94139045,Fiber Speed (Duhok)
MLT-R01-FDT09-FAT49,36.87471873,42.94263938,Fiber Speed (Duhok)
MLT-R01-FDT09-FAT50,36.8707236,42.95011343,Fiber Speed (Duhok)
MLT-R01-FDT09-FAT51,36.87036997,42.9459583,Fiber Speed (Duhok)
MLT-R01-FDT09-FAT52,36.86923344,42.94913283,Fiber Speed (Duhok)
MLT-R01-FDT09-FAT53,36.87160129,42.94415036,Fiber Speed (Duhok)
MLT-R01-FDT11-FAT01,36.87696022,42.93816824,Fiber Speed (Duhok)
MLT-R01-FDT11-FAT02,36.87698402,42.93706132,Fiber Speed (Duhok)
MLT-R01-FDT11-FAT03,36.87740556,42.93666254,Fiber Speed (Duhok)
MLT-R01-FDT11-FAT04,36.87658054,42.93614851,Fiber Speed (Duhok)
MLT-R01-FDT11-FAT05,36.87745462,42.93757986,Fiber Speed (Duhok)
MLT-R01-FDT11-FAT06,36.87825485,42.93727655,Fiber Speed (Duhok)
MLT-R01-FDT11-FAT07,36.87797085,42.93699727,Fiber Speed (Duhok)
MLT-R01-FDT11-FAT08,36.87750534,42.93872586,Fiber Speed (Duhok)
MLT-R01-FDT11-FAT09,36.87797666,42.93925228,Fiber Speed (Duhok)
MLT-R01-FDT11-FAT10,36.87830317,42.93874139,Fiber Speed (Duhok)
MLT-R01-FDT11-FAT11,36.87746104,42.93988962,Fiber Speed (Duhok)
MLT-R01-FDT11-FAT12,36.87792619,42.94022302,Fiber Speed (Duhok)
MLT-R01-FDT11-FAT13,36.87847169,42.93984083,Fiber Speed (Duhok)
MLT-R01-FDT11-FAT14,36.87895895,42.93914832,Fiber Speed (Duhok)
MLT-R01-FDT11-FAT15,36.87930684,42.93913926,Fiber Speed (Duhok)
MLT-R01-FDT11-FAT16,36.88032901,42.93948123,Fiber Speed (Duhok)
MLT-R01-FDT11-FAT17,36.88069023,42.93930359,Fiber Speed (Duhok)
MLT-R01-FDT11-FAT18,36.87898417,42.93995614,Fiber Speed (Duhok)
MLT-R01-FDT11-FAT19,36.87845759,42.94210593,Fiber Speed (Duhok)
MLT-R01-FDT11-FAT20,36.87871602,42.94153763,Fiber Speed (Duhok)
MLT-R01-FDT11-FAT21,36.87939033,42.94087713,Fiber Speed (Duhok)
MLT-R01-FDT11-FAT22,36.87930696,42.94136804,Fiber Speed (Duhok)
MLT-R01-FDT11-FAT23,36.87906213,42.94160916,Fiber Speed (Duhok)
MLT-R01-FDT11-FAT24,36.87909318,42.94228581,Fiber Speed (Duhok)
MLT-R01-FDT11-FAT25,36.87912338,42.94294396,Fiber Speed (Duhok)
MLT-R01-FDT11-FAT26,36.87914824,42.94322947,Fiber Speed (Duhok)
MLT-R01-FDT11-FAT27,36.87902179,42.9436575,Fiber Speed (Duhok)
MLT-R01-FDT11-FAT28,36.87623972,42.94054068,Fiber Speed (Duhok)
MLT-R01-FDT11-FAT29,36.87618822,42.94139729,Fiber Speed (Duhok)
MLT-R01-FDT11-FAT30,36.87766738,42.94149089,Fiber Speed (Duhok)
MLT-R01-FDT11-FAT31,36.87712759,42.94216447,Fiber Speed (Duhok)
MLT-R01-FDT11-FAT32,36.87714457,42.94261594,Fiber Speed (Duhok)
MLT-R01-FDT11-FAT33,36.87813387,42.94260671,Fiber Speed (Duhok)
MLT-R01-FDT11-FAT34,36.87664903,42.94154924,Fiber Speed (Duhok)
MLT-R01-FDT11-FAT35,36.87690739,42.9410921,Fiber Speed (Duhok)
MLT-R01-FDT11-FAT36,36.87616445,42.9422874,Fiber Speed (Duhok)
MLT-R01-FDT11-FAT37,36.87646104,42.94325933,Fiber Speed (Duhok)
MLT-R01-FDT11-FAT38,36.87726761,42.94357436,Fiber Speed (Duhok)
MLT-R01-FDT11-FAT39,36.87767828,42.94404485,Fiber Speed (Duhok)
MLT-R01-FDT11-FAT40,36.87609732,42.94358759,Fiber Speed (Duhok)
MLT-R01-FDT11-FAT41,36.87628192,42.94393689,Fiber Speed (Duhok)
MLT-R01-FDT11-FAT42,36.87628232,42.94442424,Fiber Speed (Duhok)
MLT-R01-FDT11-FAT43,36.87682463,42.94492757,Fiber Speed (Duhok)
MLT-R01-FDT11-FAT44,36.87731168,42.94452307,Fiber Speed (Duhok)
MLT-R01-FDT11-FAT45,36.87625314,42.93764904,Fiber Speed (Duhok)
MLT-R01-FDT11-FAT46,36.87623796,42.93709612,Fiber Speed (Duhok)
MLT-R01-FDT11-FAT47,36.87622375,42.93662344,Fiber Speed (Duhok)
MLT-R01-FDT11-FAT48,36.87621738,42.93641039,Fiber Speed (Duhok)
MLT-R01-FDT11-FAT49,36.87749069,42.93827671,Fiber Speed (Duhok)
MLT-R01-FDT11-FAT50,36.87892387,42.94211658,Fiber Speed (Duhok)
MLT-R01-FDT11-FAT51,36.87899961,42.94056068,Fiber Speed (Duhok)
MLT-R01-FDT11-FAT52,36.87991549,42.94008998,Fiber Speed (Duhok)
MLT-R01-FDT11-FAT53,36.8778582,42.94490213,Fiber Speed (Duhok)
MLT-R01-FDT11-FAT54,36.87815604,42.94149441,Fiber Speed (Duhok)
MLT-R01-FDT11-FAT55,36.87916426,42.94363934,Fiber Speed (Duhok)
MLT-R01-FDT11-FAT56,36.87806329,42.94091358,Fiber Speed (Duhok)
MLT-R01-FDT11-FAT57,36.87708872,42.93961444,Fiber Speed (Duhok)
MLT-R01-FDT11-FAT58,36.87628351,42.93824797,Fiber Speed (Duhok)
MLT-R01-FDT11-FAT59,36.87604875,42.94478688,Fiber Speed (Duhok)
MLT-R01-FDT11-FAT60,36.87597675,42.94692076,Fiber Speed (Duhok)
MLT-R01-FDT11-FAT61,36.87707871,42.93763837,Fiber Speed (Duhok)
MLT-R01-FDT11-FAT62,36.88027922,42.93868642,Fiber Speed (Duhok)
MLT-R01-FDT12-FAT01,36.87839914,42.9343911,Fiber Speed (Duhok)
MLT-R01-FDT12-FAT02,36.87801327,42.93441685,Fiber Speed (Duhok)
MLT-R01-FDT12-FAT03,36.8778222,42.93384778,Fiber Speed (Duhok)
MLT-R01-FDT12-FAT04,36.87736412,42.93347366,Fiber Speed (Duhok)
MLT-R01-FDT12-FAT05,36.87721228,42.93228976,Fiber Speed (Duhok)
MLT-R01-FDT12-FAT06,36.87650328,42.93242811,Fiber Speed (Duhok)
MLT-R01-FDT12-FAT07,36.87652222,42.93290953,Fiber Speed (Duhok)
MLT-R01-FDT12-FAT08,36.87603151,42.93258892,Fiber Speed (Duhok)
MLT-R01-FDT12-FAT09,36.87601444,42.93217715,Fiber Speed (Duhok)
MLT-R01-FDT12-FAT10,36.87711287,42.93446294,Fiber Speed (Duhok)
MLT-R01-FDT12-FAT11,36.87662394,42.93404417,Fiber Speed (Duhok)
MLT-R01-FDT12-FAT12,36.87686973,42.93345667,Fiber Speed (Duhok)
MLT-R01-FDT12-FAT13,36.87605461,42.93341476,Fiber Speed (Duhok)
MLT-R01-FDT12-FAT14,36.87584118,42.93348466,Fiber Speed (Duhok)
MLT-R01-FDT12-FAT15,36.87581197,42.93269301,Fiber Speed (Duhok)
MLT-R01-FDT12-FAT16,36.87538282,42.93171998,Fiber Speed (Duhok)
MLT-R01-FDT12-FAT17,36.87490923,42.93171517,Fiber Speed (Duhok)
MLT-R01-FDT12-FAT18,36.87539496,42.9324377,Fiber Speed (Duhok)
MLT-R01-FDT12-FAT19,36.87534019,42.93298263,Fiber Speed (Duhok)
MLT-R01-FDT12-FAT20,36.87488967,42.93301676,Fiber Speed (Duhok)
MLT-R01-FDT12-FAT21,36.87444679,42.93329433,Fiber Speed (Duhok)
MLT-R01-FDT12-FAT22,36.87868861,42.93358322,Fiber Speed (Duhok)
MLT-R01-FDT12-FAT23,36.87975896,42.93341607,Fiber Speed (Duhok)
MLT-R01-FDT12-FAT24,36.88044756,42.93344843,Fiber Speed (Duhok)
MLT-R01-FDT12-FAT25,36.88089139,42.93327387,Fiber Speed (Duhok)
MLT-R01-FDT12-FAT26,36.88100414,42.93413922,Fiber Speed (Duhok)
MLT-R01-FDT12-FAT27,36.87852071,42.93324707,Fiber Speed (Duhok)
MLT-R01-FDT12-FAT28,36.878123,42.93278259,Fiber Speed (Duhok)
MLT-R01-FDT12-FAT29,36.87765218,42.93191595,Fiber Speed (Duhok)
MLT-R01-FDT12-FAT30,36.8771515,42.93174345,Fiber Speed (Duhok)
MLT-R01-FDT12-FAT31,36.87939361,42.93282851,Fiber Speed (Duhok)
MLT-R01-FDT12-FAT32,36.87955919,42.93229463,Fiber Speed (Duhok)
MLT-R01-FDT12-FAT33,36.88044016,42.9323463,Fiber Speed (Duhok)
MLT-R01-FDT12-FAT34,36.87864105,42.93232927,Fiber Speed (Duhok)
MLT-R01-FDT12-FAT35,36.87908204,42.9317969,Fiber Speed (Duhok)
MLT-R01-FDT12-FAT36,36.88067083,42.93186382,Fiber Speed (Duhok)
MLT-R01-FDT12-FAT37,36.87926572,42.93590535,Fiber Speed (Duhok)
MLT-R01-FDT12-FAT38,36.88006338,42.93582271,Fiber Speed (Duhok)
MLT-R01-FDT12-FAT39,36.88057447,42.93547851,Fiber Speed (Duhok)
MLT-R01-FDT12-FAT40,36.88110604,42.93677173,Fiber Speed (Duhok)
MLT-R01-FDT12-FAT41,36.88114042,42.93730691,Fiber Speed (Duhok)
MLT-R01-FDT12-FAT42,36.88130213,42.93617808,Fiber Speed (Duhok)
MLT-R01-FDT12-FAT43,36.88060333,42.93737244,Fiber Speed (Duhok)
MLT-R01-FDT12-FAT44,36.88020632,42.93804398,Fiber Speed (Duhok)
MLT-R01-FDT12-FAT45,36.87879765,42.93622015,Fiber Speed (Duhok)
MLT-R01-FDT12-FAT46,36.87923358,42.9369627,Fiber Speed (Duhok)
MLT-R01-FDT12-FAT47,36.87886284,42.93759753,Fiber Speed (Duhok)
MLT-R01-FDT12-FAT48,36.87830305,42.93817231,Fiber Speed (Duhok)
MLT-R01-FDT12-FAT49,36.87876779,42.9387575,Fiber Speed (Duhok)
MLT-R01-FDT12-FAT50,36.87871773,42.93432187,Fiber Speed (Duhok)
MLT-R01-FDT12-FAT51,36.87883597,42.93687581,Fiber Speed (Duhok)
MLT-R01-FDT12-FAT52,36.87861373,42.93182837,Fiber Speed (Duhok)
MLT-R01-FDT12-FAT53,36.87448892,42.93389371,Fiber Speed (Duhok)
MLT-R01-FDT12-FAT54,36.88013534,42.93693024,Fiber Speed (Duhok)
MLT-R01-FDT12-FAT55,36.88047109,42.93291999,Fiber Speed (Duhok)
MLT-R01-FDT12-FAT56,36.88010143,42.93186242,Fiber Speed (Duhok)
MLT-R01-FDT12-FAT57,36.88195689,42.93565842,Fiber Speed (Duhok)
MLT-R01-FDT12-FAT58,36.88098905,42.93362989,Fiber Speed (Duhok)
MLT-R01-FDT12-FAT59,36.87989956,42.9337292,Fiber Speed (Duhok)
MLT-R01-FDT12-FAT60,36.87983152,42.93776116,Fiber Speed (Duhok)
MLT-R01-FDT12-FAT61,36.87914693,42.93520295,Fiber Speed (Duhok)
MLT-R01-FDT13-FAT01,36.8885043,42.94206294,PrimeLink Duhok
MLT-R01-FDT13-FAT02,36.88877852,42.94083138,PrimeLink Duhok
MLT-R01-FDT13-FAT03,36.88860324,42.93916729,PrimeLink Duhok
MLT-R01-FDT13-FAT04,36.88910509,42.93750933,PrimeLink Duhok
MLT-R01-FDT13-FAT05,36.88923502,42.93743669,PrimeLink Duhok
MLT-R01-FDT13-FAT06,36.88952841,42.93793747,PrimeLink Duhok
MLT-R01-FDT13-FAT07,36.88792029,42.93785061,PrimeLink Duhok
MLT-R01-FDT13-FAT08,36.88980954,42.93715904,PrimeLink Duhok
MLT-R01-FDT13-FAT09,36.89067473,42.93803636,PrimeLink Duhok
MLT-R01-FDT13-FAT10,36.89084471,42.93904525,PrimeLink Duhok
MLT-R01-FDT13-FAT11,36.89073906,42.93652126,PrimeLink Duhok
MLT-R01-FDT13-FAT12,36.89176036,42.93754458,PrimeLink Duhok
MLT-R01-FDT13-FAT13,36.89176197,42.93796101,PrimeLink Duhok
MLT-R01-FDT13-FAT14,36.89141461,42.93809985,PrimeLink Duhok
MLT-R01-FDT13-FAT15,36.8892321,42.9410943,PrimeLink Duhok
MLT-R01-FDT13-FAT16,36.89090499,42.93946465,PrimeLink Duhok
MLT-R01-FDT13-FAT17,36.89159486,42.94091139,PrimeLink Duhok
MLT-R01-FDT13-FAT18,36.89033845,42.93996657,PrimeLink Duhok
MLT-R01-FDT13-FAT19,36.89131424,42.94087065,PrimeLink Duhok
MLT-R01-FDT13-FAT20,36.89110048,42.94145756,PrimeLink Duhok
MLT-R01-FDT13-FAT21,36.88596964,42.93545015,Strong Link Duhok
MLT-R01-FDT13-FAT22,36.88596793,42.93547894,Strong Link Duhok
MLT-R01-FDT13-FAT23,36.88596747,42.93550766,Strong Link Duhok
MLT-R01-FDT13-FAT24,36.88591315,42.93589209,Strong Link Duhok
MLT-R01-FDT13-FAT25,36.88591145,42.93592089,Strong Link Duhok
MLT-R01-FDT13-FAT26,36.88591099,42.9359496,Strong Link Duhok
MLT-R01-FDT13-FAT27,36.88554252,42.93564258,Strong Link Duhok
MLT-R01-FDT13-FAT28,36.88554081,42.93567138,Strong Link Duhok
MLT-R01-FDT13-FAT29,36.88554035,42.93570009,Strong Link Duhok
MLT-R01-FDT13-FAT30,36.88531159,42.93616833,Strong Link Duhok
MLT-R01-FDT13-FAT31,36.88530989,42.93619713,Strong Link Duhok
MLT-R01-FDT13-FAT32,36.88530943,42.93622584,Strong Link Duhok
MLT-R01-FDT13-FAT33,36.88516932,42.9356738,Strong Link Duhok
MLT-R01-FDT13-FAT34,36.88516978,42.93564509,Strong Link Duhok
MLT-R01-FDT13-FAT35,36.88517148,42.93561629,Strong Link Duhok
MLT-R01-FDT13-FAT37,36.89191335,42.94048157,PrimeLink Duhok
MLT-R02-FDT01-FAT01,36.86535572,42.95787063,3BG
MLT-R02-FDT01-FAT02,36.86535618,42.95789385,3BG
MLT-R02-FDT01-FAT03,36.86535573,42.95791621,3BG
MLT-R02-FDT01-FAT04,36.8653314,42.95699637,3BG
MLT-R02-FDT01-FAT05,36.86533097,42.95697158,3BG
MLT-R02-FDT01-FAT06,36.86531411,42.95699656,3BG
MLT-R02-FDT01-FAT07,36.86531327,42.95697287,3BG
MLT-R02-FDT01-FAT08,36.86475927,42.95786161,3BG
MLT-R02-FDT01-FAT09,36.86475951,42.95788396,3BG
MLT-R02-FDT01-FAT10,36.86475883,42.95790718,3BG
MLT-R02-FDT01-FAT11,36.86474906,42.95705367,3BG
MLT-R02-FDT01-FAT12,36.86475001,42.95702624,3BG
MLT-R02-FDT01-FAT13,36.86472667,42.95705515,3BG
MLT-R02-FDT01-FAT14,36.86472763,42.95702861,3BG
MLT-R02-FDT01-FAT15,36.86584974,42.95733192,3BG
MLT-R02-FDT01-FAT16,36.86584809,42.95726667,3BG
MLT-R02-FDT01-FAT17,36.86584574,42.95720117,3BG
MLT-R02-FDT01-FAT18,36.86588811,42.9573319,3BG
MLT-R02-FDT01-FAT19,36.86588646,42.95726665,3BG
MLT-R02-FDT01-FAT20,36.86588411,42.95720114,3BG
MLT-R02-FDT01-FAT21,36.8659287,42.95732911,3BG
MLT-R02-FDT01-FAT22,36.86592705,42.95726385,3BG
MLT-R02-FDT01-FAT23,36.8659247,42.95719835,#N/A
MLT-R02-FDT01-FAT24,36.86435036,42.95778901,Fiber Speed (Duhok)
MLT-R02-FDT01-FAT25,36.86435174,42.95781696,Fiber Speed (Duhok)
MLT-R02-FDT01-FAT26,36.8643518,42.95784662,Fiber Speed (Duhok)
MLT-R02-FDT01-FAT27,36.86433436,42.95780007,Fiber Speed (Duhok)
MLT-R02-FDT01-FAT28,36.86433439,42.95782806,Fiber Speed (Duhok)
MLT-R02-FDT01-FAT29,36.86439103,42.95697156,Fiber Speed (Duhok)
MLT-R02-FDT01-FAT30,36.86439157,42.95699752,Fiber Speed (Duhok)
MLT-R02-FDT01-FAT31,36.8643929,42.95702181,Fiber Speed (Duhok)
MLT-R02-FDT01-FAT32,36.86437588,42.95698379,Fiber Speed (Duhok)
MLT-R02-FDT01-FAT33,36.86437504,42.9570138,Fiber Speed (Duhok)
MLT-R02-FDT01-FAT34,36.86373202,42.9569444,Fiber Speed (Duhok)
MLT-R02-FDT01-FAT35,36.86373383,42.95696704,Fiber Speed (Duhok)
MLT-R02-FDT01-FAT36,36.86373324,42.95698948,Fiber Speed (Duhok)
MLT-R02-FDT01-FAT37,36.86371714,42.95695464,Fiber Speed (Duhok)
MLT-R02-FDT01-FAT38,36.86371754,42.95697798,Fiber Speed (Duhok)
MLT-R02-FDT01-FAT39,36.86374605,42.95791833,Fiber Speed (Duhok)
MLT-R02-FDT01-FAT40,36.86374695,42.95794982,Fiber Speed (Duhok)
MLT-R02-FDT01-FAT41,36.86374883,42.95797713,Fiber Speed (Duhok)
MLT-R02-FDT01-FAT42,36.86372701,42.95793173,Fiber Speed (Duhok)
MLT-R02-FDT01-FAT43,36.86373092,42.95796888,Fiber Speed (Duhok)
MLT-R02-FDT02-FAT01,36.87086018,42.95821811,3BG
MLT-R02-FDT02-FAT02,36.87104144,42.95836438,3BG
MLT-R02-FDT02-FAT03,36.87096348,42.9578437,3BG
MLT-R02-FDT02-FAT04,36.87101117,42.9577501,3BG
MLT-R02-FDT02-FAT05,36.87108835,42.95760654,3BG
MLT-R02-FDT02-FAT06,36.87063637,42.958485,3BG
MLT-R02-FDT02-FAT07,36.8716547,42.95729129,3BG
MLT-R02-FDT02-FAT08,36.87178013,42.95702911,3BG
MLT-R02-FDT02-FAT09,36.8721342,42.95684827,3BG
MLT-R02-FDT02-FAT10,36.87135034,42.95791464,3BG
MLT-R02-FDT02-FAT11,36.87123017,42.95813878,3BG
MLT-R02-FDT02-FAT12,36.87208693,42.95735494,3BG
MLT-R02-FDT02-FAT13,36.87184502,42.95780585,3BG
MLT-R02-FDT02-FAT14,36.87171649,42.95804918,3BG
MLT-R02-FDT02-FAT15,36.87194517,42.95823952,3BG
MLT-R02-FDT02-FAT16,36.87204212,42.95805045,3BG
MLT-R02-FDT02-FAT17,36.87229367,42.95758882,3BG
MLT-R02-FDT02-FAT18,36.87241816,42.95733419,3BG
MLT-R02-FDT02-FAT19,36.87274599,42.95710801,3BG
MLT-R02-FDT02-FAT20,36.8727178,42.95757378,3BG
MLT-R02-FDT02-FAT21,36.87248462,42.95803025,3BG
MLT-R02-FDT02-FAT22,36.87249497,42.95836532,3BG
MLT-R02-FDT02-FAT23,36.87285637,42.95804822,3BG
MLT-R02-FDT02-FAT24,36.87298671,42.9577983,3BG
MLT-R02-FDT02-FAT25,36.87262082,42.95644327,3BG
MLT-R02-FDT02-FAT26,36.87286661,42.95601388,3BG
MLT-R02-FDT02-FAT27,36.87297877,42.9557975,3BG
MLT-R02-FDT02-FAT28,36.87269256,42.9567298,3BG
MLT-R02-FDT02-FAT29,36.87303316,42.95649726,3BG
MLT-R02-FDT02-FAT30,36.87327966,42.95603967,3BG
MLT-R02-FDT02-FAT31,36.87360488,42.95572528,3BG
MLT-R02-FDT02-FAT32,36.87353906,42.95617779,3BG
MLT-R02-FDT02-FAT33,36.87360804,42.95646371,3BG
MLT-R02-FDT02-FAT34,36.87384369,42.9564115,3BG
MLT-R02-FDT02-FAT35,36.87395131,42.95621489,3BG
MLT-R02-FDT02-FAT36,36.87405106,42.95658206,3BG
MLT-R02-FDT02-FAT37,36.87383085,42.95697991,3BG
MLT-R02-FDT02-FAT38,36.87339383,42.95664434,3BG
MLT-R02-FDT02-FAT39,36.87318973,42.95671995,3BG
MLT-R02-FDT02-FAT40,36.87335731,42.9571329,3BG
MLT-R02-FDT02-FAT41,36.87355291,42.95731337,3BG
MLT-R02-FDT02-FAT42,36.87371263,42.95743659,3BG
MLT-R02-FDT02-FAT43,36.87370699,42.95785692,3BG
MLT-R02-FDT02-FAT44,36.87346983,42.958297,3BG
MLT-R02-FDT02-FAT45,36.87325008,42.95840016,3BG
MLT-R02-FDT02-FAT46,36.87325982,42.95809505,3BG
MLT-R02-FDT02-FAT47,36.87005426,42.95811636,3BG
MLT-R02-FDT02-FAT48,36.87013573,42.95780635,3BG
MLT-R02-FDT02-FAT49,36.87025532,42.95757808,3BG
MLT-R02-FDT02-FAT50,36.87023566,42.95826084,3BG
MLT-R02-FDT02-FAT51,36.86981584,42.95840052,3BG
MLT-R02-FDT02-FAT52,36.86964937,42.95794871,3BG
MLT-R02-FDT02-FAT53,36.86975779,42.95773467,3BG
MLT-R02-FDT02-FAT54,36.86976734,42.95771384,3BG
MLT-R02-FDT02-FAT55,36.86944891,42.95817012,3BG
MLT-R02-FDT02-FAT56,36.86926828,42.95802272,3BG
MLT-R02-FDT02-FAT57,36.8693596,42.95769139,3BG
MLT-R02-FDT02-FAT58,36.8694821,42.95746537,3BG
MLT-R02-FDT02-FAT59,36.86956263,42.95720916,3BG
MLT-R02-FDT02-FAT60,36.86937937,42.95706055,3BG
MLT-R02-FDT02-FAT61,36.86923018,42.95681915,3BG
MLT-R02-FDT02-FAT62,36.86934544,42.95659868,3BG
MLT-R02-FDT02-FAT63,36.86950553,42.95628615,3BG
MLT-R02-FDT02-FAT64,36.86958732,42.95671636,3BG
MLT-R02-FDT02-FAT65,36.86975883,42.95686138,3BG
MLT-R02-FDT03-FAT01,36.88151636,42.94446963,3BG
MLT-R02-FDT03-FAT02,36.88156065,42.94449035,3BG
MLT-R02-FDT03-FAT03,36.88160342,42.94451252,3BG
MLT-R02-FDT03-FAT04,36.88186425,42.94464974,3BG
MLT-R02-FDT03-FAT05,36.8819084,42.94467009,3BG
MLT-R02-FDT03-FAT06,36.88195034,42.9446921,3BG
MLT-R02-FDT03-FAT07,36.88220188,42.94482116,3BG
MLT-R02-FDT03-FAT08,36.88224679,42.94484107,3BG
MLT-R02-FDT03-FAT09,36.88228895,42.94486376,3BG
MLT-R02-FDT03-FAT10,36.88161072,42.94397054,3BG
MLT-R02-FDT03-FAT11,36.88165513,42.94399004,3BG
MLT-R02-FDT03-FAT12,36.88169714,42.94401168,3BG
MLT-R02-FDT03-FAT13,36.88195257,42.94414482,3BG
MLT-R02-FDT03-FAT14,36.88199755,42.94416481,3BG
MLT-R02-FDT03-FAT15,36.88203927,42.94418715,3BG
MLT-R02-FDT03-FAT16,36.88230208,42.94431179,3BG
MLT-R02-FDT03-FAT17,36.88234699,42.9443317,3BG
MLT-R02-FDT03-FAT18,36.88238916,42.94435439,3BG
MLT-R02-FDT03-FAT19,36.88405886,42.95189855,3BG
MLT-R02-FDT03-FAT20,36.88298959,42.958018,3BG
MLT-R02-FDT03-FAT21,36.88414987,42.95573622,3BG
MLT-R02-FDT03-FAT22,36.88194917,42.94676625,Fiber Speed (Duhok)
MLT-R02-FDT03-FAT23,36.88310143,42.94775584,Fiber Speed (Duhok)
MLT-R02-FDT03-FAT24,36.8816723,42.94724926,Fiber Speed (Duhok)
MLT-R02-FDT03-FAT25,36.88280504,42.94718147,Fiber Speed (Duhok)
MLT-R02-FDT03-FAT26,36.88239538,42.94812959,Fiber Speed (Duhok)
MLT-R02-FDT03-FAT27,36.88281874,42.94823488,Fiber Speed (Duhok)
MLT-R02-FDT03-FAT28,36.88275727,42.94920601,Fiber Speed (Duhok)
MLT-R02-FDT03-FAT29,36.88227509,42.94873063,Fiber Speed (Duhok)
MLT-R02-FDT03-FAT30,36.8816818,42.94812588,Fiber Speed (Duhok)
MLT-R02-FDT03-FAT31,36.88132442,42.9483629,Fiber Speed (Duhok)
MLT-R02-FDT03-FAT32,36.88172317,42.94902162,Fiber Speed (Duhok)
MLT-R02-FDT03-FAT33,36.88225991,42.94953532,Fiber Speed (Duhok)
MLT-R02-FDT03-FAT34,36.88091366,42.94950219,Fiber Speed (Duhok)
MLT-R02-FDT03-FAT35,36.88182923,42.95011035,Fiber Speed (Duhok)
MLT-R02-FDT03-FAT36,36.88223995,42.95042706,Fiber Speed (Duhok)
MLT-R02-FDT03-FAT37,36.88173578,42.9508069,Fiber Speed (Duhok)
MLT-R02-FDT03-FAT38,36.88090466,42.95030189,Fiber Speed (Duhok)
MLT-R02-FDT03-FAT39,36.88066675,42.95096214,Fiber Speed (Duhok)
MLT-R02-FDT03-FAT40,36.88114854,42.95137121,Fiber Speed (Duhok)
MLT-R02-FDT03-FAT41,36.87990647,42.9463184,Fiber Speed (Duhok)
MLT-R02-FDT03-FAT42,36.87949808,42.94473612,Fiber Speed (Duhok)
MLT-R02-FDT03-FAT43,36.87969222,42.94388805,Fiber Speed (Duhok)
MLT-R02-FDT03-FAT44,36.87906798,42.94419695,Fiber Speed (Duhok)
MLT-R02-FDT03-FAT45,36.87861283,42.94482988,Fiber Speed (Duhok)
MLT-R02-FDT03-FAT46,36.87820279,42.94424485,Fiber Speed (Duhok)
MLT-R02-FDT03-FAT47,36.87807567,42.94328089,Fiber Speed (Duhok)
MLT-R02-FDT03-FAT48,36.87983187,42.94330279,Fiber Speed (Duhok)
MLT-R02-FDT03-FAT49,36.88448254,42.95392412,3BG
MLT-R02-FDT03-FAT50,36.88396582,42.95870506,3BG
MLT-R02-FDT03-FAT51,36.8800444,42.95151922,Fiber Speed (Duhok)
MLT-R02-FDT03-FAT52,36.87894044,42.94610104,Fiber Speed (Duhok)
MLT-R02-FDT03-FAT53,36.88137512,42.95160996,Fiber Speed (Duhok)
MLT-R02-FDT03-FAT54,36.8799822,42.94350653,Fiber Speed (Duhok)
MLT-R02-FDT03-FAT55,36.88171855,42.95135478,Fiber Speed (Duhok)
MLT-R02-FDT03-FAT56,36.8834084,42.95444487,3BG
MLT-R02-FDT03-FAT57,36.89283863,42.95720033,3BG
MLT-R02-FDT03-FAT61,36.8827095,42.94766637,Fiber Speed (Duhok)
MLT-R02-FDT04-FAT01,36.86851998,42.95873061,Fiber Speed (Duhok)
MLT-R02-FDT04-FAT02,36.86874383,42.95873899,Fiber Speed (Duhok)
MLT-R02-FDT04-FAT03,36.86901345,42.95875692,Fiber Speed (Duhok)
MLT-R02-FDT04-FAT04,36.86962122,42.95965199,Fiber Speed (Duhok)
MLT-R02-FDT04-FAT05,36.87007284,42.95941089,Fiber Speed (Duhok)
MLT-R02-FDT04-FAT06,36.8705489,42.96018619,Fiber Speed (Duhok)
MLT-R02-FDT04-FAT07,36.87113036,42.9595852,Fiber Speed (Duhok)
MLT-R02-FDT04-FAT08,36.8715316,42.95949676,Fiber Speed (Duhok)
MLT-R02-FDT04-FAT09,36.87202651,42.95996555,Fiber Speed (Duhok)
MLT-R02-FDT04-FAT10,36.86872083,42.95921177,Fiber Speed (Duhok)
MLT-R02-FDT04-FAT11,36.86913347,42.9599662,Fiber Speed (Duhok)
MLT-R02-FDT04-FAT12,36.86991777,42.95881239,Fiber Speed (Duhok)
MLT-R02-FDT04-FAT13,36.87010938,42.95881701,Fiber Speed (Duhok)
MLT-R02-FDT04-FAT14,36.87041591,42.95870717,Fiber Speed (Duhok)
MLT-R02-FDT04-FAT15,36.8706034,42.95871751,Fiber Speed (Duhok)
MLT-R02-FDT04-FAT16,36.87137723,42.95892824,Fiber Speed (Duhok)
MLT-R02-FDT04-FAT17,36.87242294,42.95897763,Fiber Speed (Duhok)
MLT-R02-FDT04-FAT18,36.87279893,42.9590045,Fiber Speed (Duhok)
MLT-R02-FDT04-FAT19,36.87317086,42.95903216,Fiber Speed (Duhok)
MLT-R02-FDT04-FAT20,36.86824291,42.9589051,Fiber Speed (Duhok)
MLT-R02-FDT04-FAT21,36.86820974,42.95941672,Fiber Speed (Duhok)
MLT-R02-FDT04-FAT22,36.86820288,42.9596683,Fiber Speed (Duhok)
MLT-R02-FDT04-FAT23,36.86819516,42.95981529,Fiber Speed (Duhok)
MLT-R02-FDT04-FAT24,36.8681805,42.96010364,Fiber Speed (Duhok)
MLT-R02-FDT04-FAT25,36.86816278,42.96043778,Fiber Speed (Duhok)
MLT-R02-FDT04-FAT26,36.86816278,42.96043778,Fiber Speed (Duhok)
MLT-R02-FDT04-FAT27,36.86857445,42.96049935,Fiber Speed (Duhok)
MLT-R02-FDT04-FAT28,36.86936749,42.96070054,Fiber Speed (Duhok)
MLT-R02-FDT04-FAT29,36.87016457,42.96075302,Fiber Speed (Duhok)
MLT-R02-FDT04-FAT30,36.87104427,42.96079675,Fiber Speed (Duhok)
MLT-R02-FDT04-FAT31,36.87041412,42.96126057,Fiber Speed (Duhok)
MLT-R02-FDT04-FAT32,36.868404,42.9611001,Fiber Speed (Duhok)
MLT-R02-FDT04-FAT33,36.86910657,42.96116839,Fiber Speed (Duhok)
MLT-R02-FDT04-FAT34,36.86907065,42.96190337,Fiber Speed (Duhok)
MLT-R02-FDT04-FAT35,36.86812837,42.96146303,Fiber Speed (Duhok)
MLT-R02-FDT04-FAT36,36.86918266,42.96261603,Fiber Speed (Duhok)
MLT-R02-FDT04-FAT37,36.86923404,42.96307918,Fiber Speed (Duhok)
MLT-R02-FDT04-FAT38,36.86808066,42.96275649,Fiber Speed (Duhok)
MLT-R02-FDT04-FAT39,36.86804954,42.96357696,Fiber Speed (Duhok)
MLT-R02-FDT04-FAT40,36.86849075,42.96436927,Fiber Speed (Duhok)
MLT-R02-FDT04-FAT41,36.86905412,42.96439891,Fiber Speed (Duhok)
MLT-R02-FDT04-FAT42,36.86965094,42.96398146,Fiber Speed (Duhok)
MLT-R02-FDT04-FAT43,36.86958384,42.96249977,Fiber Speed (Duhok)
MLT-R02-FDT04-FAT44,36.87251543,42.95894162,Fiber Speed (Duhok)
MLT-R02-FDT04-FAT45,36.86882177,42.96453393,Fiber Speed (Duhok)
MLT-R02-FDT04-FAT46,36.86831658,42.96177991,Fiber Speed (Duhok)
MLT-R02-FDT05-FAT01,36.86793542,42.95889121,Fiber Speed (Duhok)
MLT-R02-FDT05-FAT02,36.86790843,42.95940191,Fiber Speed (Duhok)
MLT-R02-FDT05-FAT03,36.86789243,42.95979059,Fiber Speed (Duhok)
MLT-R02-FDT05-FAT04,36.8678635,42.96045109,Fiber Speed (Duhok)
MLT-R02-FDT05-FAT05,36.86785747,42.9607886,Fiber Speed (Duhok)
MLT-R02-FDT05-FAT06,36.86782876,42.96145005,Fiber Speed (Duhok)
MLT-R02-FDT05-FAT07,36.86767051,42.96217724,Fiber Speed (Duhok)
MLT-R02-FDT05-FAT08,36.86713185,42.96213835,Fiber Speed (Duhok)
MLT-R02-FDT05-FAT09,36.86727466,42.96282648,Fiber Speed (Duhok)
MLT-R02-FDT05-FAT10,36.86674254,42.96279005,Fiber Speed (Duhok)
MLT-R02-FDT05-FAT11,36.86626274,42.96321018,Fiber Speed (Duhok)
MLT-R02-FDT05-FAT12,36.86778185,42.9624816,Fiber Speed (Duhok)
MLT-R02-FDT05-FAT13,36.86752737,42.96329958,Fiber Speed (Duhok)
MLT-R02-FDT05-FAT14,36.86745851,42.96478155,Fiber Speed (Duhok)
MLT-R02-FDT05-FAT15,36.86762001,42.96572826,Fiber Speed (Duhok)
MLT-R02-FDT05-FAT16,36.86759509,42.96654823,Fiber Speed (Duhok)
MLT-R02-FDT05-FAT17,36.86756269,42.96710665,Fiber Speed (Duhok)
MLT-R02-FDT05-FAT18,36.86653843,42.96485536,Fiber Speed (Duhok)
MLT-R02-FDT05-FAT19,36.8656793,42.96465667,Fiber Speed (Duhok)
MLT-R02-FDT05-FAT20,36.86706017,42.96545131,Fiber Speed (Duhok)
MLT-R02-FDT05-FAT21,36.86607742,42.96541503,Fiber Speed (Duhok)
MLT-R02-FDT05-FAT22,36.86554227,42.96618289,Fiber Speed (Duhok)
MLT-R02-FDT05-FAT23,36.86513497,42.96682833,Fiber Speed (Duhok)
MLT-R02-FDT05-FAT24,36.86474598,42.96731228,Fiber Speed (Duhok)
MLT-R02-FDT05-FAT25,36.86658756,42.96617334,Fiber Speed (Duhok)
MLT-R02-FDT05-FAT26,36.86674851,42.96674456,Fiber Speed (Duhok)
MLT-R02-FDT05-FAT27,36.86708142,42.96720082,Fiber Speed (Duhok)
MLT-R02-FDT05-FAT28,36.86663424,42.96741743,Fiber Speed (Duhok)
MLT-R02-FDT05-FAT29,36.86602507,42.96669803,Fiber Speed (Duhok)
MLT-R02-FDT05-FAT30,36.86568336,42.96736036,Fiber Speed (Duhok)
MLT-R02-FDT05-FAT31,36.86751981,42.95926003,Fiber Speed (Duhok)
MLT-R02-FDT05-FAT32,36.86707245,42.95933258,Fiber Speed (Duhok)
MLT-R02-FDT05-FAT33,36.86651078,42.95954684,Fiber Speed (Duhok)
MLT-R02-FDT05-FAT34,36.86665606,42.96037731,Fiber Speed (Duhok)
MLT-R02-FDT05-FAT35,36.8664255,42.96176432,Fiber Speed (Duhok)
MLT-R02-FDT05-FAT36,36.86589089,42.96209728,Fiber Speed (Duhok)
MLT-R02-FDT05-FAT37,36.86709417,42.96086617,Fiber Speed (Duhok)
MLT-R02-FDT05-FAT38,36.86689033,42.96141136,Fiber Speed (Duhok)
MLT-R02-FDT05-FAT39,36.86597877,42.96149702,Fiber Speed (Duhok)
MLT-R02-FDT05-FAT40,36.8653543,42.96146298,Fiber Speed (Duhok)
MLT-R02-FDT05-FAT41,36.86481076,42.96311685,Fiber Speed (Duhok)
MLT-R02-FDT05-FAT42,36.86524998,42.96405899,Fiber Speed (Duhok)
MLT-R02-FDT05-FAT43,36.86639937,42.96411363,Fiber Speed (Duhok)
MLT-R02-FDT05-FAT44,36.86478125,42.96556587,Fiber Speed (Duhok)
MLT-R02-FDT05-FAT45,36.86459948,42.96663675,Fiber Speed (Duhok)
MLT-R02-FDT05-FAT46,36.86617888,42.96686948,Fiber Speed (Duhok)
MLT-R02-FDT05-FAT47,36.86601899,42.96622147,Fiber Speed (Duhok)
MLT-R02-FDT05-FAT48,36.86633119,42.96494969,Fiber Speed (Duhok)
MLT-R02-FDT06-FAT01,36.87528735,42.95783125,Fiber Speed (Duhok)
MLT-R02-FDT06-FAT02,36.8742551,42.95887321,Fiber Speed (Duhok)
MLT-R02-FDT06-FAT03,36.87530908,42.95885365,Fiber Speed (Duhok)
MLT-R02-FDT06-FAT04,36.87529237,42.95997157,Fiber Speed (Duhok)
MLT-R02-FDT06-FAT05,36.87522417,42.96051784,Fiber Speed (Duhok)
MLT-R02-FDT06-FAT06,36.87539848,42.9610337,Fiber Speed (Duhok)
MLT-R02-FDT06-FAT07,36.87578933,42.96200295,Fiber Speed (Duhok)
MLT-R02-FDT06-FAT08,36.87537087,42.96236749,Fiber Speed (Duhok)
MLT-R02-FDT06-FAT09,36.87527098,42.96292272,Fiber Speed (Duhok)
MLT-R02-FDT06-FAT10,36.87484414,42.96349562,Fiber Speed (Duhok)
MLT-R02-FDT06-FAT11,36.87479563,42.95915246,Fiber Speed (Duhok)
MLT-R02-FDT06-FAT12,36.87577186,42.95913508,Fiber Speed (Duhok)
MLT-R02-FDT06-FAT13,36.87613433,42.95934415,Fiber Speed (Duhok)
MLT-R02-FDT06-FAT14,36.87611052,42.96017492,Fiber Speed (Duhok)
MLT-R02-FDT06-FAT15,36.87648631,42.96073355,Fiber Speed (Duhok)
MLT-R02-FDT06-FAT16,36.8767547,42.96033609,Fiber Speed (Duhok)
MLT-R02-FDT06-FAT17,36.87739727,42.96111,Fiber Speed (Duhok)
MLT-R02-FDT06-FAT18,36.87683589,42.96142934,Fiber Speed (Duhok)
MLT-R02-FDT06-FAT19,36.87617263,42.96244653,Fiber Speed (Duhok)
MLT-R02-FDT06-FAT20,36.87726059,42.95991435,Fiber Speed (Duhok)
MLT-R02-FDT06-FAT21,36.87794514,42.96065088,Fiber Speed (Duhok)
MLT-R02-FDT06-FAT22,36.87835389,42.96060689,Fiber Speed (Duhok)
MLT-R02-FDT06-FAT23,36.87489259,42.95671321,Fiber Speed (Duhok)
MLT-R02-FDT06-FAT24,36.87606517,42.9569199,Fiber Speed (Duhok)
MLT-R02-FDT06-FAT25,36.87557942,42.95732037,Fiber Speed (Duhok)
MLT-R02-FDT06-FAT26,36.87651493,42.95719574,Fiber Speed (Duhok)
MLT-R02-FDT06-FAT27,36.8770926,42.95725153,Fiber Speed (Duhok)
MLT-R02-FDT06-FAT28,36.877523,42.95662565,Fiber Speed (Duhok)
MLT-R02-FDT06-FAT29,36.87795097,42.9578101,Fiber Speed (Duhok)
MLT-R02-FDT06-FAT30,36.87838564,42.95782415,Fiber Speed (Duhok)
MLT-R02-FDT06-FAT31,36.87829302,42.95829184,Fiber Speed (Duhok)
MLT-R02-FDT06-FAT32,36.87742327,42.95748123,Fiber Speed (Duhok)
MLT-R02-FDT06-FAT33,36.87844327,42.95684878,Fiber Speed (Duhok)
MLT-R02-FDT06-FAT34,36.87804448,42.95603946,Fiber Speed (Duhok)
MLT-R02-FDT06-FAT35,36.87909928,42.95612962,Fiber Speed (Duhok)
MLT-R02-FDT06-FAT36,36.87878566,42.95435731,Fiber Speed (Duhok)
MLT-R02-FDT06-FAT37,36.87871928,42.95553536,Fiber Speed (Duhok)
MLT-R02-FDT06-FAT38,36.87948496,42.95524932,Fiber Speed (Duhok)
MLT-R02-FDT06-FAT39,36.88063104,42.95406553,Fiber Speed (Duhok)
MLT-R02-FDT06-FAT40,36.87616945,42.96421271,Fiber Speed (Duhok)
MLT-R02-FDT06-FAT41,36.88059431,42.95394831,Fiber Speed (Duhok)
MLT-R02-FDT06-FAT42,36.87950031,42.95606549,Fiber Speed (Duhok)
MLT-R02-FDT06-FAT43,36.87929294,42.95848493,Fiber Speed (Duhok)
MLT-R02-FDT06-FAT44,36.87544579,42.96527977,Fiber Speed (Duhok)
MLT-R02-FDT06-FAT45,36.87834756,42.96104888,Fiber Speed (Duhok)
MLT-R02-FDT06-FAT46,36.87892757,42.9548898,Fiber Speed (Duhok)
MLT-R02-FDT06-FAT47,36.8791596,42.95758772,Fiber Speed (Duhok)
MLT-R02-FDT06-FAT48,36.87472931,42.96274623,Fiber Speed (Duhok)
MLT-R02-FDT06-FAT49,36.88094841,42.95311035,Fiber Speed (Duhok)
MLT-R02-FDT06-FAT50,36.87544051,42.96352155,Fiber Speed (Duhok)
MLT-R02-FDT06-FAT51,36.87905728,42.95902226,Fiber Speed (Duhok)
MLT-R02-FDT06-FAT52,36.88057676,42.95503655,Fiber Speed (Duhok)
MLT-R02-FDT06-FAT53,36.8741155,42.9602008,Fiber Speed (Duhok)
MLT-R02-FDT06-FAT54,36.87618021,42.96356285,Fiber Speed (Duhok)
MLT-R02-FDT06-FAT55,36.8796165,42.954527,Fiber Speed (Duhok)
MLT-R02-FDT06-FAT56,36.87774046,42.96176337,Fiber Speed (Duhok)
MLT-R02-FDT06-FAT57,36.87743259,42.96026267,Fiber Speed (Duhok)
MLT-R02-FDT06-FAT58,36.87785055,42.95865141,Fiber Speed (Duhok)
MLT-R02-FDT06-FAT59,36.87935771,42.95649038,Fiber Speed (Duhok)
MLT-R02-FDT06-FAT60,36.87564934,42.95625283,Fiber Speed (Duhok)
MLT-R02-FDT07-FAT01,36.87183268,42.95408205,Fiber Speed (Duhok)
MLT-R02-FDT07-FAT02,36.87186444,42.95453005,Fiber Speed (Duhok)
MLT-R02-FDT07-FAT03,36.87047108,42.95421112,Fiber Speed (Duhok)
MLT-R02-FDT07-FAT04,36.87180835,42.95296207,Fiber Speed (Duhok)
MLT-R02-FDT07-FAT05,36.87194314,42.95184917,Fiber Speed (Duhok)
MLT-R02-FDT07-FAT06,36.87202679,42.95109821,Fiber Speed (Duhok)
MLT-R02-FDT07-FAT07,36.87259745,42.95234551,Fiber Speed (Duhok)
MLT-R02-FDT07-FAT08,36.87219967,42.95336247,Fiber Speed (Duhok)
MLT-R02-FDT07-FAT09,36.87181391,42.95352113,Fiber Speed (Duhok)
MLT-R02-FDT07-FAT10,36.87124613,42.95232368,Fiber Speed (Duhok)
MLT-R02-FDT07-FAT11,36.87073197,42.95305937,Fiber Speed (Duhok)
MLT-R02-FDT07-FAT12,36.8708919,42.9536045,Fiber Speed (Duhok)
MLT-R02-FDT07-FAT13,36.86926934,42.95304028,Fiber Speed (Duhok)
MLT-R02-FDT07-FAT14,36.86943286,42.95246303,Fiber Speed (Duhok)
MLT-R02-FDT07-FAT15,36.87001406,42.95332943,Fiber Speed (Duhok)
MLT-R02-FDT07-FAT16,36.86994724,42.95209016,Fiber Speed (Duhok)
MLT-R02-FDT07-FAT17,36.87039508,42.95198256,Fiber Speed (Duhok)
MLT-R02-FDT07-FAT18,36.87070032,42.95097292,Fiber Speed (Duhok)
MLT-R02-FDT07-FAT19,36.86978034,42.95071404,Fiber Speed (Duhok)
MLT-R02-FDT07-FAT20,36.86975435,42.94955662,Fiber Speed (Duhok)
MLT-R02-FDT07-FAT21,36.86937001,42.95145167,Fiber Speed (Duhok)
MLT-R02-FDT07-FAT22,36.86869032,42.95134501,Fiber Speed (Duhok)
MLT-R02-FDT07-FAT23,36.87364624,42.95327329,Fiber Speed (Duhok)
MLT-R02-FDT07-FAT24,36.87413512,42.9532328,Fiber Speed (Duhok)
MLT-R02-FDT07-FAT25,36.87468752,42.95263503,Fiber Speed (Duhok)
MLT-R02-FDT07-FAT26,36.87439064,42.95215938,Fiber Speed (Duhok)
MLT-R02-FDT07-FAT27,36.8738118,42.9522055,Fiber Speed (Duhok)
MLT-R02-FDT07-FAT28,36.87503575,42.95382107,Fiber Speed (Duhok)
MLT-R02-FDT07-FAT29,36.87498114,42.95317613,Fiber Speed (Duhok)
MLT-R02-FDT07-FAT30,36.87554944,42.9537038,Fiber Speed (Duhok)
MLT-R02-FDT07-FAT31,36.87558214,42.95262525,Fiber Speed (Duhok)
MLT-R02-FDT07-FAT32,36.87560906,42.95190882,Fiber Speed (Duhok)
MLT-R02-FDT07-FAT33,36.87562622,42.95148599,Fiber Speed (Duhok)
MLT-R02-FDT07-FAT34,36.87563139,42.95044391,Fiber Speed (Duhok)
MLT-R02-FDT07-FAT35,36.87326122,42.95423315,Fiber Speed (Duhok)
MLT-R02-FDT07-FAT36,36.87331663,42.95508573,Fiber Speed (Duhok)
MLT-R02-FDT07-FAT37,36.8741401,42.95443385,Fiber Speed (Duhok)
MLT-R02-FDT07-FAT38,36.87461394,42.95498805,Fiber Speed (Duhok)
MLT-R02-FDT07-FAT39,36.87506091,42.9549435,Fiber Speed (Duhok)
MLT-R02-FDT07-FAT40,36.87280904,42.95423658,Fiber Speed (Duhok)
MLT-R02-FDT07-FAT41,36.87235999,42.95515448,Fiber Speed (Duhok)
MLT-R02-FDT07-FAT42,36.87200976,42.95517648,Fiber Speed (Duhok)
MLT-R02-FDT07-FAT43,36.871325,42.95480016,Fiber Speed (Duhok)
MLT-R02-FDT07-FAT44,36.8709887,42.95523136,Fiber Speed (Duhok)
MLT-R02-FDT07-FAT45,36.87015969,42.95009738,Fiber Speed (Duhok)
MLT-R02-FDT07-FAT46,36.87223706,42.95275485,Fiber Speed (Duhok)
MLT-R02-FDT07-FAT47,36.87110862,42.95405498,Fiber Speed (Duhok)
MLT-R02-FDT07-FAT48,36.87279075,42.95401428,Fiber Speed (Duhok)
MLT-R02-FDT07-FAT49,36.86990688,42.95142536,Fiber Speed (Duhok)
MLT-R02-FDT07-FAT50,36.87323786,42.95512136,Fiber Speed (Duhok)
MLT-R02-FDT07-FAT51,36.86965389,42.9537114,Fiber Speed (Duhok)
MLT-R02-FDT07-FAT52,36.8689661,42.95341285,Fiber Speed (Duhok)
MLT-R02-FDT08-FAT01,36.8727834,42.9481991,Fiber Speed (Duhok)
MLT-R02-FDT08-FAT02,36.87316322,42.94746982,Fiber Speed (Duhok)
MLT-R02-FDT08-FAT03,36.87268957,42.94699826,Fiber Speed (Duhok)
MLT-R02-FDT08-FAT04,36.87262058,42.94750345,Fiber Speed (Duhok)
MLT-R02-FDT08-FAT05,36.87403037,42.94710123,Fiber Speed (Duhok)
MLT-R02-FDT08-FAT06,36.87397839,42.94603084,Fiber Speed (Duhok)
MLT-R02-FDT08-FAT07,36.87430046,42.94561871,Fiber Speed (Duhok)
MLT-R02-FDT08-FAT08,36.87488159,42.94559198,Fiber Speed (Duhok)
MLT-R02-FDT08-FAT09,36.87452898,42.94501776,Fiber Speed (Duhok)
MLT-R02-FDT08-FAT10,36.87436189,42.94865311,Fiber Speed (Duhok)
MLT-R02-FDT08-FAT11,36.87434344,42.94976007,Fiber Speed (Duhok)
MLT-R02-FDT08-FAT12,36.87465092,42.95043022,Fiber Speed (Duhok)
MLT-R02-FDT08-FAT13,36.87526826,42.95093342,Fiber Speed (Duhok)
MLT-R02-FDT08-FAT14,36.87393,42.94909974,Fiber Speed (Duhok)
MLT-R02-FDT08-FAT15,36.87393337,42.9506583,Fiber Speed (Duhok)
MLT-R02-FDT08-FAT16,36.87351513,42.94773204,Fiber Speed (Duhok)
MLT-R02-FDT08-FAT17,36.87346285,42.94624355,Fiber Speed (Duhok)
MLT-R02-FDT08-FAT18,36.87320961,42.94584903,Fiber Speed (Duhok)
MLT-R02-FDT08-FAT19,36.8741072,42.94793278,Fiber Speed (Duhok)
MLT-R02-FDT08-FAT20,36.87498715,42.9478668,Fiber Speed (Duhok)
MLT-R02-FDT08-FAT21,36.87533917,42.94726094,Fiber Speed (Duhok)
MLT-R02-FDT08-FAT22,36.8752809,42.94592096,Fiber Speed (Duhok)
MLT-R02-FDT08-FAT23,36.87572935,42.94747316,Fiber Speed (Duhok)
MLT-R02-FDT08-FAT24,36.87575058,42.94680118,Fiber Speed (Duhok)
MLT-R02-FDT08-FAT25,36.87531569,42.94913288,Fiber Speed (Duhok)
MLT-R02-FDT08-FAT26,36.87535188,42.94963947,Fiber Speed (Duhok)
MLT-R02-FDT08-FAT27,36.8748578,42.94694436,Fiber Speed (Duhok)
MLT-R02-FDT08-FAT28,36.87469832,42.94733735,Fiber Speed (Duhok)
MLT-R02-FDT08-FAT29,36.87569564,42.94897037,Fiber Speed (Duhok)
MLT-R02-FDT08-FAT30,36.87565797,42.94998118,Fiber Speed (Duhok)
MLT-R02-FDT08-FAT31,36.87296538,42.94877747,Fiber Speed (Duhok)
MLT-R02-FDT08-FAT32,36.87299198,42.94929756,Fiber Speed (Duhok)
MLT-R02-FDT08-FAT33,36.87342736,42.94984105,Fiber Speed (Duhok)
MLT-R02-FDT08-FAT34,36.87347669,42.95046728,Fiber Speed (Duhok)
MLT-R02-FDT08-FAT35,36.87159239,42.94915761,Fiber Speed (Duhok)
MLT-R02-FDT08-FAT36,36.87254777,42.94928453,Fiber Speed (Duhok)
MLT-R02-FDT08-FAT37,36.8725797,42.94988939,Fiber Speed (Duhok)
MLT-R02-FDT08-FAT38,36.87309303,42.95102254,Fiber Speed (Duhok)
MLT-R02-FDT08-FAT39,36.87340733,42.95164878,Fiber Speed (Duhok)
MLT-R02-FDT08-FAT40,36.87453284,42.9515842,Fiber Speed (Duhok)
MLT-R02-FDT08-FAT41,36.87511217,42.95142525,Fiber Speed (Duhok)
MLT-R02-FDT08-FAT42,36.87196263,42.94831242,Fiber Speed (Duhok)
MLT-R02-FDT08-FAT43,36.87106165,42.94836423,Fiber Speed (Duhok)
MLT-R02-FDT08-FAT44,36.87104321,42.94763757,Fiber Speed (Duhok)
MLT-R02-FDT08-FAT45,36.87247344,42.94989949,Fiber Speed (Duhok)
MLT-R02-FDT08-FAT46,36.87346739,42.94684452,Fiber Speed (Duhok)
MLT-R02-FDT08-FAT47,36.87386686,42.94812429,Fiber Speed (Duhok)
MLT-R02-FDT08-FAT48,36.87441398,42.94977684,Fiber Speed (Duhok)
MLT-R02-FDT08-FAT49,36.87438739,42.94682928,Fiber Speed (Duhok)
MLT-R02-FDT08-FAT50,36.87389755,42.94475729,Fiber Speed (Duhok)
MLT-R02-FDT08-FAT51,36.8746141,42.95090009,Fiber Speed (Duhok)
MLT-R02-FDT09-FAT01,36.87653168,42.94858391,Fiber Speed (Duhok)
MLT-R02-FDT09-FAT02,36.87638669,42.94916075,Fiber Speed (Duhok)
MLT-R02-FDT09-FAT03,36.87632122,42.95081736,Fiber Speed (Duhok)
MLT-R02-FDT09-FAT04,36.87630017,42.95148059,Fiber Speed (Duhok)
MLT-R02-FDT09-FAT05,36.87666816,42.95197053,Fiber Speed (Duhok)
MLT-R02-FDT09-FAT06,36.87617866,42.95291995,Fiber Speed (Duhok)
MLT-R02-FDT09-FAT07,36.87594932,42.94807718,Fiber Speed (Duhok)
MLT-R02-FDT09-FAT08,36.87593466,42.94847063,Fiber Speed (Duhok)
MLT-R02-FDT09-FAT09,36.87591313,42.94902211,Fiber Speed (Duhok)
MLT-R02-FDT09-FAT10,36.87589432,42.94968417,Fiber Speed (Duhok)
MLT-R02-FDT09-FAT11,36.87585944,42.95074429,Fiber Speed (Duhok)
MLT-R02-FDT09-FAT12,36.87583804,42.95122742,Fiber Speed (Duhok)
MLT-R02-FDT09-FAT13,36.8758242,42.95165147,Fiber Speed (Duhok)
MLT-R02-FDT09-FAT14,36.87580832,42.95222544,Fiber Speed (Duhok)
MLT-R02-FDT09-FAT15,36.87579722,42.95267268,Fiber Speed (Duhok)
MLT-R02-FDT09-FAT16,36.87578158,42.95305527,Fiber Speed (Duhok)
MLT-R02-FDT09-FAT17,36.87588281,42.95361778,Fiber Speed (Duhok)
MLT-R02-FDT09-FAT18,36.87622165,42.95431093,Fiber Speed (Duhok)
MLT-R02-FDT09-FAT19,36.87620084,42.95476787,Fiber Speed (Duhok)
MLT-R02-FDT09-FAT20,36.87964736,42.94790269,Fiber Speed (Duhok)
MLT-R02-FDT09-FAT21,36.87925408,42.94924819,Fiber Speed (Duhok)
MLT-R02-FDT09-FAT22,36.87951877,42.94738165,Fiber Speed (Duhok)
MLT-R02-FDT09-FAT23,36.87991475,42.94691719,Fiber Speed (Duhok)
MLT-R02-FDT09-FAT24,36.88061738,42.94832006,Fiber Speed (Duhok)
MLT-R02-FDT09-FAT25,36.87992144,42.94885844,Fiber Speed (Duhok)
MLT-R02-FDT09-FAT26,36.87963827,42.94944677,Fiber Speed (Duhok)
MLT-R02-FDT09-FAT27,36.8776084,42.94805073,Fiber Speed (Duhok)
MLT-R02-FDT09-FAT28,36.87784565,42.94872436,Fiber Speed (Duhok)
MLT-R02-FDT09-FAT29,36.87724033,42.95062216,Fiber Speed (Duhok)
MLT-R02-FDT09-FAT30,36.87671928,42.95035674,Fiber Speed (Duhok)
MLT-R02-FDT09-FAT31,36.87690745,42.94983458,Fiber Speed (Duhok)
MLT-R02-FDT09-FAT32,36.87729556,42.94916585,Fiber Speed (Duhok)
MLT-R02-FDT09-FAT33,36.8776668,42.95031659,Fiber Speed (Duhok)
MLT-R02-FDT09-FAT34,36.87766671,42.95147921,Fiber Speed (Duhok)
MLT-R02-FDT09-FAT35,36.87718454,42.95209193,Fiber Speed (Duhok)
MLT-R02-FDT09-FAT36,36.87717447,42.95238469,Fiber Speed (Duhok)
MLT-R02-FDT09-FAT37,36.87714962,42.95304444,Fiber Speed (Duhok)
MLT-R02-FDT09-FAT38,36.87663934,42.95261173,Fiber Speed (Duhok)
MLT-R02-FDT09-FAT39,36.87668858,42.95367491,Fiber Speed (Duhok)
MLT-R02-FDT09-FAT40,36.87658538,42.94714651,Fiber Speed (Duhok)
MLT-R02-FDT09-FAT41,36.87658491,42.94711984,Fiber Speed (Duhok)
MLT-R02-FDT09-FAT42,36.87658448,42.94709465,Fiber Speed (Duhok)
MLT-R02-FDT09-FAT43,36.87658406,42.94707055,Fiber Speed (Duhok)
MLT-R02-FDT09-FAT44,36.87690663,42.94737072,Fiber Speed (Duhok)
MLT-R02-FDT09-FAT45,36.87692521,42.94738269,Fiber Speed (Duhok)
MLT-R02-FDT09-FAT46,36.87694558,42.94739647,Fiber Speed (Duhok)
MLT-R02-FDT09-FAT47,36.87696352,42.94740793,Fiber Speed (Duhok)
MLT-R02-FDT09-FAT48,36.87698965,42.9467784,Fiber Speed (Duhok)
MLT-R02-FDT09-FAT49,36.87699125,42.94675376,Fiber Speed (Duhok)
MLT-R02-FDT09-FAT50,36.87699332,42.94673067,Fiber Speed (Duhok)
MLT-R02-FDT09-FAT51,36.87699289,42.94670609,Fiber Speed (Duhok)
MLT-R02-FDT09-FAT52,36.87749382,42.94874423,Fiber Speed (Duhok)
MLT-R02-FDT09-FAT53,36.87731498,42.94629535,Fiber Speed (Duhok)
MLT-R02-FDT09-FAT54,36.87971772,42.94952052,Fiber Speed (Duhok)
MLT-R02-FDT09-FAT55,36.8766692,42.95432484,Fiber Speed (Duhok)
MLT-R02-FDT09-FAT56,36.87774991,42.95213733,Fiber Speed (Duhok)
MLT-R02-FDT09-FAT57,36.87686268,42.94806313,Fiber Speed (Duhok)
MLT-R02-FDT09-FAT58,36.87672702,42.95084834,Fiber Speed (Duhok)
MLT-R02-FDT09-FAT59,36.87777257,42.94991204,Fiber Speed (Duhok)
MLT-R02-FDT10-FAT01,36.88190052,42.94226966,Fiber Speed (Duhok)
MLT-R02-FDT10-FAT02,36.88192752,42.94225574,Fiber Speed (Duhok)
MLT-R02-FDT10-FAT03,36.88195406,42.94224217,Fiber Speed (Duhok)
MLT-R02-FDT10-FAT04,36.88183076,42.94267421,Fiber Speed (Duhok)
MLT-R02-FDT10-FAT05,36.88186155,42.9426896,Fiber Speed (Duhok)
MLT-R02-FDT10-FAT06,36.88189163,42.94270484,Fiber Speed (Duhok)
MLT-R02-FDT10-FAT07,36.88177184,42.94307808,Fiber Speed (Duhok)
MLT-R02-FDT10-FAT08,36.88173798,42.94305702,Fiber Speed (Duhok)
MLT-R02-FDT10-FAT09,36.881705,42.94303928,Fiber Speed (Duhok)
MLT-R02-FDT10-FAT10,36.88191304,42.94344786,Fiber Speed (Duhok)
MLT-R02-FDT10-FAT11,36.88194334,42.94346338,Fiber Speed (Duhok)
MLT-R02-FDT10-FAT12,36.88197186,42.94347667,Fiber Speed (Duhok)
MLT-R02-FDT10-FAT13,36.8822404,42.9435531,Fiber Speed (Duhok)
MLT-R02-FDT10-FAT14,36.88222883,42.94358862,Fiber Speed (Duhok)
MLT-R02-FDT10-FAT15,36.88221638,42.94362415,Fiber Speed (Duhok)
MLT-R02-FDT10-FAT16,36.8825277,42.94370611,Fiber Speed (Duhok)
MLT-R02-FDT10-FAT17,36.88251703,42.94374164,Fiber Speed (Duhok)
MLT-R02-FDT10-FAT18,36.88250546,42.9437816,Fiber Speed (Duhok)
MLT-R02-FDT10-FAT19,36.882497,42.94326851,Fiber Speed (Duhok)
MLT-R02-FDT10-FAT20,36.88246783,42.94325735,Fiber Speed (Duhok)
MLT-R02-FDT10-FAT21,36.8824325,42.94324481,Fiber Speed (Duhok)
MLT-R02-FDT10-FAT22,36.88260016,42.94287881,Fiber Speed (Duhok)
MLT-R02-FDT10-FAT23,36.8825693,42.94285788,Fiber Speed (Duhok)
MLT-R02-FDT10-FAT24,36.88253901,42.94283834,Fiber Speed (Duhok)
MLT-R02-FDT10-FAT25,36.88279138,42.94254482,Fiber Speed (Duhok)
MLT-R02-FDT10-FAT26,36.88276445,42.94252039,Fiber Speed (Duhok)
MLT-R02-FDT10-FAT27,36.88273471,42.94249317,Fiber Speed (Duhok)
MLT-R02-FDT10-FAT28,36.88297563,42.94230118,Fiber Speed (Duhok)
MLT-R02-FDT10-FAT29,36.88294795,42.94227729,Fiber Speed (Duhok)
MLT-R02-FDT10-FAT30,36.8829214,42.94225269,Fiber Speed (Duhok)
MLT-R02-FDT10-FAT31,36.88321038,42.94205395,Fiber Speed (Duhok)
MLT-R02-FDT10-FAT32,36.8831827,42.94203006,Fiber Speed (Duhok)
MLT-R02-FDT10-FAT33,36.88315615,42.94200546,Fiber Speed (Duhok)
MLT-R02-FDT10-FAT34,36.88343063,42.94165936,Fiber Speed (Duhok)
MLT-R02-FDT10-FAT35,36.88340295,42.94163546,Fiber Speed (Duhok)
MLT-R02-FDT10-FAT36,36.8833764,42.94161087,Fiber Speed (Duhok)
MLT-R02-FDT10-FAT37,36.88158351,42.9419311,Fiber Speed (Duhok)
MLT-R02-FDT10-FAT38,36.88157044,42.94189127,Fiber Speed (Duhok)
MLT-R02-FDT10-FAT39,36.881556,42.94185136,Fiber Speed (Duhok)
MLT-R02-FDT10-FAT40,36.88130566,42.94158296,Fiber Speed (Duhok)
MLT-R02-FDT10-FAT41,36.88129422,42.94154863,Fiber Speed (Duhok)
MLT-R02-FDT10-FAT42,36.881284,42.94151511,Fiber Speed (Duhok)
MLT-R02-FDT10-FAT43,36.88160079,42.94144197,Fiber Speed (Duhok)
MLT-R02-FDT10-FAT44,36.88158876,42.94140206,Fiber Speed (Duhok)
MLT-R02-FDT10-FAT45,36.88157594,42.94136076,Fiber Speed (Duhok)
MLT-R02-FDT10-FAT46,36.88188941,42.94129201,Fiber Speed (Duhok)
MLT-R02-FDT10-FAT47,36.8818771,42.94125677,Fiber Speed (Duhok)
MLT-R02-FDT10-FAT48,36.88186454,42.94122017,Fiber Speed (Duhok)
MLT-R02-FDT10-FAT49,36.88218216,42.94115404,Fiber Speed (Duhok)
MLT-R02-FDT10-FAT50,36.88216612,42.94111413,Fiber Speed (Duhok)
MLT-R02-FDT10-FAT51,36.88215248,42.94107023,Fiber Speed (Duhok)
MLT-R02-FDT10-FAT52,36.88248706,42.94093555,Fiber Speed (Duhok)
MLT-R02-FDT10-FAT53,36.88246452,42.94089686,Fiber Speed (Duhok)
MLT-R02-FDT10-FAT54,36.88243964,42.94085914,Fiber Speed (Duhok)
MLT-R02-FDT10-FAT55,36.88275773,42.94073971,Fiber Speed (Duhok)
MLT-R02-FDT10-FAT56,36.88272908,42.94071357,Fiber Speed (Duhok)
MLT-R02-FDT10-FAT57,36.88269676,42.94068864,Fiber Speed (Duhok)
MLT-R02-FDT10-FAT58,36.8818808,42.94177633,Fiber Speed (Duhok)
MLT-R02-FDT10-FAT59,36.88187041,42.94173942,Fiber Speed (Duhok)
MLT-R02-FDT10-FAT60,36.88186002,42.94169943,Fiber Speed (Duhok)
MLT-R02-FDT10-FAT61,36.88217046,42.94161488,Fiber Speed (Duhok)
MLT-R02-FDT10-FAT62,36.88216106,42.94158227,Fiber Speed (Duhok)
MLT-R02-FDT10-FAT63,36.88215165,42.94154536,Fiber Speed (Duhok)
MLT-R02-FDT10-FAT64,36.88247621,42.94143984,Fiber Speed (Duhok)
MLT-R02-FDT10-FAT65,36.88245861,42.94140208,Fiber Speed (Duhok)
MLT-R02-FDT10-FAT66,36.8824395,42.94136244,Fiber Speed (Duhok)
MLT-R02-FDT10-FAT67,36.88275968,42.94121996,Fiber Speed (Duhok)
MLT-R02-FDT10-FAT68,36.88273713,42.94118127,Fiber Speed (Duhok)
MLT-R02-FDT10-FAT69,36.88271226,42.94114355,Fiber Speed (Duhok)
MLT-R02-FDT10-FAT70,36.88301572,42.94090982,Fiber Speed (Duhok)
MLT-R02-FDT10-FAT71,36.88298706,42.94088368,Fiber Speed (Duhok)
MLT-R02-FDT10-FAT72,36.88295474,42.94085875,Fiber Speed (Duhok)
MLT-R02-FDT10-FAT73,36.88323876,42.94125675,Fiber Speed (Duhok)
MLT-R02-FDT10-FAT74,36.88325491,42.94122874,Fiber Speed (Duhok)
MLT-R02-FDT10-FAT75,36.88327456,42.94119499,Fiber Speed (Duhok)
MLT-R02-FDT10-FAT76,36.88219002,42.94202298,Fiber Speed (Duhok)
MLT-R02-FDT10-FAT77,36.88220267,42.94206169,Fiber Speed (Duhok)
MLT-R02-FDT10-FAT78,36.88221771,42.94210582,Fiber Speed (Duhok)
MLT-R02-FDT10-FAT79,36.88248712,42.9418884,Fiber Speed (Duhok)
MLT-R02-FDT10-FAT80,36.88249992,42.94192902,Fiber Speed (Duhok)
MLT-R02-FDT10-FAT81,36.88251299,42.94197084,Fiber Speed (Duhok)
MLT-R02-FDT10-FAT82,36.88276272,42.94168245,Fiber Speed (Duhok)
MLT-R02-FDT10-FAT83,36.88277893,42.94172378,Fiber Speed (Duhok)
MLT-R02-FDT10-FAT84,36.88279351,42.94175704,Fiber Speed (Duhok)
MLT-R02-FDT10-FAT85,36.88302892,42.94144025,Fiber Speed (Duhok)
MLT-R02-FDT10-FAT86,36.88305079,42.94147552,Fiber Speed (Duhok)
MLT-R02-FDT10-FAT87,36.88306942,42.94150878,Fiber Speed (Duhok)
MLT-R02-FDT11-FAT01,36.87635459,42.94564778,3BG
MLT-R02-FDT11-FAT02,36.87635459,42.94564778,3BG
MLT-R02-FDT11-FAT03,36.87635459,42.94564778,3BG
MLT-R02-FDT11-FAT04,36.87635459,42.94564778,3BG
MLT-R02-FDT11-FAT05,36.87635459,42.94564778,3BG
MLT-R02-FDT11-FAT06,36.87665073,42.94549917,3BG
MLT-R02-FDT11-FAT07,36.87665073,42.94549917,3BG
MLT-R02-FDT11-FAT08,36.87665073,42.94549917,3BG
MLT-R02-FDT11-FAT09,36.87665073,42.94549917,3BG
MLT-R02-FDT11-FAT10,36.87670541,42.94582994,3BG
MLT-R02-FDT11-FAT11,36.87670541,42.94582994,3BG
MLT-R02-FDT11-FAT12,36.87670541,42.94582994,3BG
MLT-R02-FDT11-FAT13,36.87670541,42.94582994,3BG
MLT-R02-FDT11-FAT14,36.87670541,42.94582994,3BG
MLT-R02-FDT11-FAT15,36.87702037,42.94567365,3BG
MLT-R02-FDT11-FAT16,36.87702037,42.94567365,3BG
MLT-R02-FDT11-FAT17,36.87702037,42.94567365,3BG
MLT-R02-FDT11-FAT18,36.87702037,42.94567365,3BG
MLT-R02-FDT11-FAT19,36.87710429,42.94597206,3BG
MLT-R02-FDT11-FAT20,36.87710429,42.94597206,3BG
MLT-R02-FDT11-FAT21,36.87710429,42.94597206,3BG
MLT-R02-FDT11-FAT22,36.87710429,42.94597206,3BG
MLT-R02-FDT11-FAT23,36.87710429,42.94597206,3BG
MLT-R02-FDT11-FAT24,36.87738431,42.94583298,3BG
MLT-R02-FDT11-FAT25,36.87738431,42.94583298,3BG
MLT-R02-FDT11-FAT26,36.87738431,42.94583298,3BG
MLT-R02-FDT11-FAT27,36.87738431,42.94583298,3BG
MLT-R02-FDT11-FAT28,36.87724951,42.94550649,3BG
MLT-R02-FDT11-FAT29,36.87724951,42.94550649,3BG
MLT-R02-FDT11-FAT30,36.87724951,42.94550649,3BG
MLT-R02-FDT11-FAT31,36.87724951,42.94550649,3BG
MLT-R02-FDT11-FAT32,36.87746801,42.9451735,3BG
MLT-R02-FDT11-FAT33,36.87746801,42.9451735,3BG
MLT-R02-FDT11-FAT34,36.87746801,42.9451735,3BG
MLT-R02-FDT11-FAT35,36.87746801,42.9451735,3BG
MLT-R02-FDT11-FAT36,36.87768136,42.94547193,3BG
MLT-R02-FDT11-FAT37,36.87768136,42.94547193,3BG
MLT-R02-FDT11-FAT38,36.87768136,42.94547193,3BG
MLT-R02-FDT11-FAT39,36.87768136,42.94547193,3BG
MLT-R02-FDT11-FAT40,36.87790368,42.94514714,3BG
MLT-R02-FDT11-FAT41,36.87790368,42.94514714,3BG
MLT-R02-FDT11-FAT42,36.87790368,42.94514714,3BG
MLT-R02-FDT11-FAT43,36.87790368,42.94514714,3BG
MLT-R02-FDT12-FAT01,36.86862419,42.95726085,Fiber Speed (Duhok)
MLT-R02-FDT12-FAT02,36.86862393,42.95730028,Fiber Speed (Duhok)
MLT-R02-FDT12-FAT03,36.86860479,42.95702001,Fiber Speed (Duhok)
MLT-R02-FDT12-FAT04,36.86860456,42.95705182,Fiber Speed (Duhok)
MLT-R02-FDT12-FAT05,36.86860275,42.95708176,Fiber Speed (Duhok)
MLT-R02-FDT12-FAT06,36.86860559,42.95711156,Fiber Speed (Duhok)
MLT-R02-FDT12-FAT07,36.86860582,42.95714348,Fiber Speed (Duhok)
MLT-R02-FDT12-FAT08,36.86860531,42.95717067,Fiber Speed (Duhok)
MLT-R02-FDT12-FAT09,36.86860586,42.95720265,Fiber Speed (Duhok)
MLT-R02-FDT12-FAT10,36.86860634,42.95723042,Fiber Speed (Duhok)
MLT-R02-FDT12-FAT11,36.86860395,42.95726067,Fiber Speed (Duhok)
MLT-R02-FDT12-FAT12,36.86860159,42.95729274,Fiber Speed (Duhok)
MLT-R02-FDT12-FAT13,36.86860064,42.95732175,Fiber Speed (Duhok)
MLT-R02-FDT12-FAT14,36.86860109,42.9573483,Fiber Speed (Duhok)
MLT-R02-FDT12-FAT15,36.86860113,42.95737849,Fiber Speed (Duhok)
MLT-R02-FDT12-FAT16,36.86859972,42.95740932,Fiber Speed (Duhok)
MLT-R02-FDT12-FAT17,36.86860178,42.9574418,Fiber Speed (Duhok)
MLT-R02-FDT12-FAT18,36.86857527,42.95744006,Fiber Speed (Duhok)
MLT-R02-FDT12-FAT19,36.86857479,42.95741199,Fiber Speed (Duhok)
MLT-R02-FDT12-FAT20,36.868577,42.95736919,Fiber Speed (Duhok)
MLT-R02-FDT12-FAT21,36.8685797,42.95732699,Fiber Speed (Duhok)
MLT-R02-FDT12-FAT22,36.86858238,42.95725427,Fiber Speed (Duhok)
MLT-R02-FDT12-FAT23,36.86858686,42.95714425,Fiber Speed (Duhok)
MLT-R02-FDT12-FAT24,36.86859044,42.95706723,Fiber Speed (Duhok)
MLT-R02-FDT12-FAT25,36.86854402,42.9571051,Fiber Speed (Duhok)
MLT-R02-FDT12-FAT26,36.86853533,42.95722683,Fiber Speed (Duhok)
MLT-R02-FDT12-FAT27,36.86865297,42.95789132,Fiber Speed (Duhok)
MLT-R02-FDT12-FAT28,36.86864449,42.9579625,Fiber Speed (Duhok)
MLT-R02-FDT12-FAT29,36.86864565,42.95803841,Fiber Speed (Duhok)
MLT-R02-FDT12-FAT30,36.86864024,42.95810761,Fiber Speed (Duhok)
MLT-R02-FDT12-FAT31,36.86863784,42.95818298,Fiber Speed (Duhok)
MLT-R02-FDT12-FAT32,36.86863548,42.95826097,Fiber Speed (Duhok)
MLT-R02-FDT12-FAT33,36.86860123,42.9579074,Fiber Speed (Duhok)
MLT-R02-FDT12-FAT34,36.86859582,42.9579766,Fiber Speed (Duhok)
MLT-R02-FDT12-FAT35,36.86859248,42.95804088,Fiber Speed (Duhok)
MLT-R02-FDT12-FAT36,36.86858707,42.95811008,Fiber Speed (Duhok)
MLT-R02-FDT12-FAT37,36.86858467,42.95818544,Fiber Speed (Duhok)
MLT-R02-FDT12-FAT38,36.86858232,42.95826344,Fiber Speed (Duhok)
MLT-R02-FDT12-FAT39,36.86854833,42.9578998,Fiber Speed (Duhok)
MLT-R02-FDT12-FAT40,36.86854292,42.957969,Fiber Speed (Duhok)
MLT-R02-FDT12-FAT41,36.86853837,42.95803706,Fiber Speed (Duhok)
MLT-R02-FDT12-FAT42,36.86853296,42.95810626,Fiber Speed (Duhok)
MLT-R02-FDT12-FAT43,36.86853056,42.95818162,Fiber Speed (Duhok)
MLT-R02-FDT12-FAT44,36.8685282,42.95825962,Fiber Speed (Duhok)
MLT-R02-FDT12-FAT45,36.86849813,42.95789637,Fiber Speed (Duhok)
MLT-R02-FDT12-FAT46,36.86849272,42.95796557,Fiber Speed (Duhok)
MLT-R02-FDT12-FAT47,36.86848674,42.95803843,Fiber Speed (Duhok)
MLT-R02-FDT12-FAT48,36.86848133,42.95810763,Fiber Speed (Duhok)
MLT-R02-FDT12-FAT49,36.86847893,42.95818299,Fiber Speed (Duhok)
MLT-R02-FDT12-FAT50,36.86847657,42.95826099,Fiber Speed (Duhok)
MLT-R02-FDT12-FAT51,36.86843139,42.95803119,Fiber Speed (Duhok)
MLT-R02-FDT12-FAT52,36.86842903,42.95810919,Fiber Speed (Duhok)
MLT-R02-FDT13-FAT01,36.87571179,42.93899625,Fiber Speed (Duhok)
MLT-R02-FDT13-FAT02,36.87517133,42.9390254,Fiber Speed (Duhok)
MLT-R02-FDT13-FAT03,36.87462753,42.93931296,Fiber Speed (Duhok)
MLT-R02-FDT13-FAT04,36.87467013,42.94079716,Fiber Speed (Duhok)
MLT-R02-FDT13-FAT05,36.87514049,42.94138475,Fiber Speed (Duhok)
MLT-R02-FDT13-FAT06,36.87413468,42.9414623,Fiber Speed (Duhok)
MLT-R02-FDT13-FAT07,36.87329853,42.94165206,Fiber Speed (Duhok)
MLT-R02-FDT13-FAT08,36.87468628,42.93835423,Fiber Speed (Duhok)
MLT-R02-FDT13-FAT09,36.87422703,42.93798989,Fiber Speed (Duhok)
MLT-R02-FDT13-FAT10,36.87472694,42.93737188,Fiber Speed (Duhok)
MLT-R02-FDT13-FAT11,36.87519696,42.93971415,Fiber Speed (Duhok)
MLT-R02-FDT13-FAT12,36.87427788,42.93917723,Fiber Speed (Duhok)
MLT-R02-FDT13-FAT13,36.87343614,42.93910922,Fiber Speed (Duhok)
MLT-R02-FDT13-FAT14,36.87340809,42.93828335,Fiber Speed (Duhok)
MLT-R02-FDT13-FAT15,36.87288172,42.93864884,Fiber Speed (Duhok)
MLT-R02-FDT13-FAT16,36.873576,42.94085557,Fiber Speed (Duhok)
MLT-R02-FDT13-FAT17,36.87365213,42.94039713,Fiber Speed (Duhok)
MLT-R02-FDT13-FAT18,36.87355779,42.93970249,Fiber Speed (Duhok)
MLT-R02-FDT13-FAT19,36.87236756,42.93928751,Fiber Speed (Duhok)
MLT-R02-FDT13-FAT20,36.87236927,42.93957378,Fiber Speed (Duhok)
MLT-R02-FDT13-FAT21,36.87215498,42.94023486,Fiber Speed (Duhok)
MLT-R02-FDT13-FAT22,36.87209303,42.94080327,Fiber Speed (Duhok)
MLT-R02-FDT13-FAT23,36.87604679,42.93784257,Fiber Speed (Duhok)
MLT-R02-FDT13-FAT24,36.87598043,42.93697548,Fiber Speed (Duhok)
MLT-R02-FDT13-FAT25,36.87595941,42.93618811,Fiber Speed (Duhok)
MLT-R02-FDT13-FAT26,36.87520651,42.93805239,Fiber Speed (Duhok)
MLT-R02-FDT13-FAT27,36.87555472,42.93741998,Fiber Speed (Duhok)
MLT-R02-FDT13-FAT28,36.87550339,42.93649074,Fiber Speed (Duhok)
MLT-R02-FDT13-FAT29,36.87496496,42.93638115,Fiber Speed (Duhok)
MLT-R02-FDT13-FAT30,36.87498074,42.93693696,Fiber Speed (Duhok)
MLT-R02-FDT13-FAT31,36.8743875,42.93659324,Fiber Speed (Duhok)
MLT-R02-FDT13-FAT32,36.87427428,42.93572584,Fiber Speed (Duhok)
MLT-R02-FDT13-FAT33,36.87383361,42.93645601,Fiber Speed (Duhok)
MLT-R02-FDT13-FAT34,36.87605714,42.93911027,Fiber Speed (Duhok)
MLT-R02-FDT13-FAT35,36.87602113,42.94032067,Fiber Speed (Duhok)
MLT-R02-FDT13-FAT36,36.8756768,42.94131361,Fiber Speed (Duhok)
MLT-R02-FDT13-FAT37,36.87600574,42.94080434,Fiber Speed (Duhok)
MLT-R02-FDT13-FAT38,36.87286425,42.93985452,Fiber Speed (Duhok)
MLT-R02-FDT13-FAT39,36.87430175,42.94090667,Fiber Speed (Duhok)
MLT-R02-FDT13-FAT40,36.87396532,42.93746284,Fiber Speed (Duhok)
MLT-R02-FDT13-FAT41,36.87321342,42.93577871,Fiber Speed (Duhok)
MLT-R02-FDT13-FAT42,36.87529726,42.94036929,Fiber Speed (Duhok)
MLT-R02-FDT14-FAT01,36.87944047,42.96184662,Strong Link Duhok
MLT-R02-FDT14-FAT02,36.87945565,42.96187835,Strong Link Duhok
MLT-R02-FDT14-FAT03,36.87946975,42.96190666,Strong Link Duhok
MLT-R02-FDT14-FAT04,36.87941515,42.9618662,Strong Link Duhok
MLT-R02-FDT14-FAT05,36.87943033,42.96189793,Strong Link Duhok
MLT-R02-FDT14-FAT06,36.87944443,42.96192624,Strong Link Duhok
MLT-R02-FDT14-FAT07,36.87943891,42.96195734,Strong Link Duhok
MLT-R02-FDT14-FAT08,36.87938614,42.96188458,Strong Link Duhok
MLT-R02-FDT14-FAT09,36.87940132,42.96191631,Strong Link Duhok
MLT-R02-FDT14-FAT10,36.87941542,42.96194462,Strong Link Duhok
MLT-R02-FDT14-FAT11,36.87940732,42.96197774,Strong Link Duhok
MLT-R02-FDT14-FAT12,36.87935668,42.96190688,Strong Link Duhok
MLT-R02-FDT14-FAT13,36.87937186,42.9619386,Strong Link Duhok
MLT-R02-FDT14-FAT14,36.87938596,42.96196692,Strong Link Duhok
MLT-R02-FDT14-FAT15,36.87932509,42.96192728,Strong Link Duhok
MLT-R02-FDT14-FAT16,36.87934027,42.961959,Strong Link Duhok
MLT-R02-FDT14-FAT17,36.87935437,42.96198732,Strong Link Duhok
MLT-R02-FDT14-FAT18,36.87994699,42.96228922,Strong Link Duhok
MLT-R02-FDT14-FAT19,36.87996109,42.96231753,Strong Link Duhok
MLT-R02-FDT14-FAT20,36.87997255,42.96234461,Strong Link Duhok
MLT-R02-FDT14-FAT21,36.87992167,42.9623088,Strong Link Duhok
MLT-R02-FDT14-FAT22,36.87993577,42.96233711,Strong Link Duhok
MLT-R02-FDT14-FAT23,36.87994723,42.96236419,Strong Link Duhok
MLT-R02-FDT14-FAT24,36.87994631,42.96239946,Strong Link Duhok
MLT-R02-FDT14-FAT25,36.87989266,42.96232717,Strong Link Duhok
MLT-R02-FDT14-FAT26,36.87990676,42.96235549,Strong Link Duhok
MLT-R02-FDT14-FAT27,36.87991822,42.96238257,Strong Link Duhok
MLT-R02-FDT14-FAT28,36.87991731,42.96241784,Strong Link Duhok
MLT-R02-FDT14-FAT29,36.8798632,42.96234947,Strong Link Duhok
MLT-R02-FDT14-FAT30,36.8798773,42.96237778,Strong Link Duhok
MLT-R02-FDT14-FAT31,36.87988876,42.96240486,Strong Link Duhok
MLT-R02-FDT14-FAT32,36.87983161,42.96236987,Strong Link Duhok
MLT-R02-FDT14-FAT33,36.87984571,42.96239818,Strong Link Duhok
MLT-R02-FDT14-FAT34,36.87985717,42.96242526,Strong Link Duhok
MLT-R02-FDT14-FAT35,36.87893706,42.96214688,Strong Link Duhok
MLT-R02-FDT14-FAT36,36.87895034,42.96217826,Strong Link Duhok
MLT-R02-FDT14-FAT37,36.87896612,42.9622064,Strong Link Duhok
MLT-R02-FDT14-FAT38,36.87891174,42.96216646,Strong Link Duhok
MLT-R02-FDT14-FAT39,36.87892502,42.96219784,Strong Link Duhok
MLT-R02-FDT14-FAT40,36.8789408,42.96222598,Strong Link Duhok
MLT-R02-FDT14-FAT41,36.87893906,42.96226847,Strong Link Duhok
MLT-R02-FDT14-FAT42,36.87888274,42.96218483,Strong Link Duhok
MLT-R02-FDT14-FAT43,36.87889602,42.96221621,Strong Link Duhok
MLT-R02-FDT14-FAT44,36.87891179,42.96224435,Strong Link Duhok
MLT-R02-FDT14-FAT45,36.87890747,42.96228887,Strong Link Duhok
MLT-R02-FDT14-FAT46,36.87885327,42.96220713,Strong Link Duhok
MLT-R02-FDT14-FAT47,36.87886655,42.96223851,Strong Link Duhok
MLT-R02-FDT14-FAT48,36.87888233,42.96226665,Strong Link Duhok
MLT-R02-FDT14-FAT49,36.87882168,42.96222753,Strong Link Duhok
MLT-R02-FDT14-FAT50,36.87883496,42.96225891,Strong Link Duhok
MLT-R02-FDT14-FAT51,36.87885074,42.96228705,Strong Link Duhok
MLT-R02-FDT14-FAT52,36.87996483,42.9632434,Strong Link Duhok
MLT-R02-FDT14-FAT53,36.87997893,42.96327171,Strong Link Duhok
MLT-R02-FDT14-FAT54,36.87999039,42.96329879,Strong Link Duhok
MLT-R02-FDT14-FAT55,36.87993951,42.96326298,Strong Link Duhok
MLT-R02-FDT14-FAT56,36.87995361,42.96329129,Strong Link Duhok
MLT-R02-FDT14-FAT57,36.87996507,42.96331837,Strong Link Duhok
MLT-R02-FDT14-FAT58,36.87996406,42.963352,Strong Link Duhok
MLT-R02-FDT14-FAT59,36.8799105,42.96328135,Strong Link Duhok
MLT-R02-FDT14-FAT60,36.8799246,42.96330967,Strong Link Duhok
MLT-R02-FDT14-FAT61,36.87993606,42.96333675,Strong Link Duhok
MLT-R02-FDT14-FAT62,36.87993505,42.96337038,Strong Link Duhok
MLT-R02-FDT14-FAT63,36.87988104,42.96330365,Strong Link Duhok
MLT-R02-FDT14-FAT64,36.87989514,42.96333197,Strong Link Duhok
MLT-R02-FDT14-FAT65,36.8799066,42.96335905,Strong Link Duhok
MLT-R02-FDT14-FAT66,36.87984945,42.96332405,Strong Link Duhok
MLT-R02-FDT14-FAT67,36.87986355,42.96335237,Strong Link Duhok
MLT-R02-FDT14-FAT68,36.87987501,42.96337944,Strong Link Duhok
MLT-R02-FDT15-FAT01,36.87856138,42.96631219,Strong Link Duhok
MLT-R02-FDT15-FAT02,36.87857755,42.966285,Strong Link Duhok
MLT-R02-FDT15-FAT03,36.87859192,42.96625774,Strong Link Duhok
MLT-R02-FDT15-FAT04,36.87860425,42.96622736,Strong Link Duhok
MLT-R02-FDT15-FAT05,36.87854474,42.96629853,Strong Link Duhok
MLT-R02-FDT15-FAT06,36.8785558,42.96627004,Strong Link Duhok
MLT-R02-FDT15-FAT07,36.87857332,42.96624052,Strong Link Duhok
MLT-R02-FDT15-FAT08,36.87858636,42.96621412,Strong Link Duhok
MLT-R02-FDT15-FAT09,36.87890831,42.96564149,Strong Link Duhok
MLT-R02-FDT15-FAT10,36.87892448,42.96561431,Strong Link Duhok
MLT-R02-FDT15-FAT11,36.87893885,42.96558705,Strong Link Duhok
MLT-R02-FDT15-FAT12,36.87895118,42.96555667,Strong Link Duhok
MLT-R02-FDT15-FAT13,36.87889167,42.96562784,Strong Link Duhok
MLT-R02-FDT15-FAT14,36.87890273,42.96559935,Strong Link Duhok
MLT-R02-FDT15-FAT15,36.87892025,42.96556983,Strong Link Duhok
MLT-R02-FDT15-FAT16,36.87893329,42.96554343,Strong Link Duhok
MLT-R02-FDT15-FAT17,36.87921543,42.96497306,Strong Link Duhok
MLT-R02-FDT15-FAT18,36.8792316,42.96494588,Strong Link Duhok
MLT-R02-FDT15-FAT19,36.87924598,42.96491862,Strong Link Duhok
MLT-R02-FDT15-FAT20,36.8792583,42.96488824,Strong Link Duhok
MLT-R02-FDT15-FAT21,36.8791988,42.96495941,Strong Link Duhok
MLT-R02-FDT15-FAT22,36.87920986,42.96493092,Strong Link Duhok
MLT-R02-FDT15-FAT23,36.87922737,42.9649014,Strong Link Duhok
MLT-R02-FDT15-FAT24,36.87924041,42.964875,Strong Link Duhok
MLT-R02-FDT15-FAT25,36.87976443,42.96450151,Strong Link Duhok
MLT-R02-FDT15-FAT26,36.8797939,42.96447921,Strong Link Duhok
MLT-R02-FDT15-FAT27,36.8798229,42.96446084,Strong Link Duhok
MLT-R02-FDT15-FAT28,36.87984822,42.96444126,Strong Link Duhok
MLT-R02-FDT15-FAT29,36.87975033,42.96447319,Strong Link Duhok
MLT-R02-FDT15-FAT30,36.8797798,42.9644509,Strong Link Duhok
MLT-R02-FDT15-FAT31,36.8798088,42.96443252,Strong Link Duhok
MLT-R02-FDT15-FAT32,36.87983412,42.96441294,Strong Link Duhok
MLT-R02-FDT15-FAT33,36.87838257,42.96696533,Strong Link Duhok
MLT-R02-FDT15-FAT34,36.87837708,42.9669955,Strong Link Duhok
MLT-R02-FDT15-FAT35,36.87837417,42.96702332,Strong Link Duhok
MLT-R02-FDT15-FAT36,36.87837008,42.96704938,Strong Link Duhok
MLT-R02-FDT15-FAT37,36.87836115,42.9669621,Strong Link Duhok
MLT-R02-FDT15-FAT38,36.87835494,42.96698893,Strong Link Duhok
MLT-R02-FDT15-FAT39,36.8783511,42.9670177,Strong Link Duhok
MLT-R02-FDT15-FAT40,36.87834702,42.96704464,Strong Link Duhok
MLT-R02-FDT15-FAT41,36.87824618,42.96771442,Strong Link Duhok
MLT-R02-FDT15-FAT42,36.87824068,42.96774459,Strong Link Duhok
MLT-R02-FDT15-FAT43,36.87823777,42.96777241,Strong Link Duhok
MLT-R02-FDT15-FAT44,36.87823369,42.96779847,Strong Link Duhok
MLT-R02-FDT15-FAT45,36.87822475,42.96771119,Strong Link Duhok
MLT-R02-FDT15-FAT46,36.87821854,42.96773802,Strong Link Duhok
MLT-R02-FDT15-FAT47,36.87821471,42.9677668,Strong Link Duhok
MLT-R02-FDT15-FAT48,36.87821062,42.96779374,Strong Link Duhok
MLT-R02-FDT15-FAT49,36.87811075,42.96846921,Strong Link Duhok
MLT-R02-FDT15-FAT50,36.87810525,42.96849938,Strong Link Duhok
MLT-R02-FDT15-FAT51,36.87810234,42.9685272,Strong Link Duhok
MLT-R02-FDT15-FAT52,36.87809826,42.96855326,Strong Link Duhok
MLT-R02-FDT15-FAT53,36.87808933,42.96846598,Strong Link Duhok
MLT-R02-FDT15-FAT54,36.87808311,42.96849281,Strong Link Duhok
MLT-R02-FDT15-FAT55,36.87807928,42.96852158,Strong Link Duhok
MLT-R02-FDT15-FAT56,36.87807519,42.96854852,Strong Link Duhok
MLT-R02-FDT15-FAT57,36.87698116,42.96741999,Strong Link Duhok
MLT-R02-FDT15-FAT58,36.87693145,42.96836142,Strong Link Duhok
MLT-R02-FDT15-FAT59,36.87703051,42.96647948,Strong Link Duhok
MLT-R02-FDT15-FAT60,36.87707921,42.96542382,Strong Link Duhok
MLT-R02-FDT15-FAT61,36.87713062,42.96424626,Strong Link Duhok
MLT-R02-FDT15-FAT62,36.87752375,42.96310363,Strong Link Duhok
MLT-R02-FDT15-FAT63,36.8782058,42.96240266,Strong Link Duhok
MLT-R02-FDT15-FAT64,36.87792623,42.96593596,Strong Link Duhok
MLT-R02-FDT15-FAT65,36.878692,42.964462,Strong Link Duhok
MLT-R02-FDT15-FAT66,36.8775673,42.9664813,Strong Link Duhok
MLT-R02-FDT15-FAT67,36.87806883,42.96527686,Strong Link Duhok
MLT-R02-FDT15-FAT68,36.87747372,42.96535021,Strong Link Duhok
MLT-R02-FDT15-FAT69,36.87777667,42.96345444,Strong Link Duhok
MLT-R02-FDT15-FAT70,36.87818519,42.96430175,Strong Link Duhok
MLT-R02-FDT15-FAT71,36.87806806,42.96426893,Strong Link Duhok
MLT-R02-FDT15-FAT72,36.87901391,42.96334981,Strong Link Duhok
MLT-R03-FDT01-FAT01,36.86421796,42.9322728,3BG
MLT-R03-FDT01-FAT02,36.86321616,42.93245406,3BG
MLT-R03-FDT01-FAT03,36.86277582,42.9325276,3BG
MLT-R03-FDT01-FAT04,36.86213817,42.93200765,3BG
MLT-R03-FDT01-FAT05,36.86196226,42.93053099,3BG
MLT-R03-FDT01-FAT06,36.861549,42.93212735,3BG
MLT-R03-FDT01-FAT07,36.86062135,42.93158015,3BG
MLT-R03-FDT01-FAT08,36.86154227,42.93100433,3BG
MLT-R03-FDT01-FAT09,36.86141721,42.93280773,3BG
MLT-R03-FDT01-FAT10,36.86034829,42.93240542,3BG
MLT-R03-FDT01-FAT11,36.86015485,42.93087622,3BG
MLT-R03-FDT01-FAT12,36.8639785,42.93113287,3BG
MLT-R03-FDT01-FAT13,36.86300004,42.93085911,3BG
MLT-R03-FDT01-FAT14,36.86339365,42.92918432,3BG
MLT-R03-FDT01-FAT15,36.86283434,42.92873044,3BG
MLT-R03-FDT01-FAT16,36.86228522,42.928841,3BG
MLT-R03-FDT01-FAT17,36.86137239,42.92900849,3BG
MLT-R03-FDT01-FAT18,36.86431323,42.92927805,3BG
MLT-R03-FDT01-FAT19,36.86484478,42.9305017,3BG
MLT-R03-FDT01-FAT20,36.8650926,42.92917804,3BG
MLT-R03-FDT01-FAT21,36.86574587,42.9304016,3BG
MLT-R03-FDT01-FAT22,36.86576452,42.92951237,3BG
MLT-R03-FDT01-FAT23,36.86580254,42.92962484,3BG
MLT-R03-FDT01-FAT24,36.86566892,42.9289445,3BG
MLT-R03-FDT01-FAT25,36.86710447,42.92865123,3BG
MLT-R03-FDT01-FAT26,36.86740306,42.92855771,3BG
MLT-R03-FDT01-FAT27,36.86796894,42.93006879,3BG
MLT-R03-FDT01-FAT28,36.86807388,42.92830454,3BG
MLT-R03-FDT01-FAT29,36.86057958,42.93133959,3BG
MLT-R03-FDT01-FAT30,36.86940919,42.9276936,3BG
MLT-R03-FDT01-FAT31,36.86989111,42.92852947,3BG
MLT-R03-FDT01-FAT32,36.8687656,42.92910051,3BG
MLT-R03-FDT01-FAT33,36.8691514,42.92818671,3BG
MLT-R03-FDT01-FAT34,36.87002959,42.92738816,3BG
MLT-R03-FDT01-FAT35,36.8705656,42.92706728,3BG
MLT-R03-FDT01-FAT36,36.87080929,42.92788239,3BG
MLT-R03-FDT01-FAT37,36.86104746,42.93288415,3BG
MLT-R03-FDT01-FAT38,36.86462204,42.93188056,3BG
MLT-R03-FDT01-FAT39,36.86461805,42.93185462,3BG
MLT-R03-FDT01-FAT40,36.86461411,42.93182907,3BG
MLT-R03-FDT01-FAT41,36.86460961,42.93179985,3BG
MLT-R03-FDT01-FAT42,36.86414289,42.92885967,3BG
MLT-R03-FDT01-FAT43,36.86710677,42.92985495,3BG
MLT-R03-FDT01-FAT44,36.85905041,42.93254668,3BG
MLT-R03-FDT01-FAT45,36.86500856,42.93176874,3BG
MLT-R03-FDT01-FAT46,36.85923768,42.93297836,3BG
MLT-R03-FDT02-FAT01,36.85566566,42.93507426,3BG
MLT-R03-FDT02-FAT02,36.85516734,42.93716183,3BG
MLT-R03-FDT02-FAT03,36.85462598,42.93670225,3BG
MLT-R03-FDT02-FAT04,36.85399216,42.93619159,3BG
MLT-R03-FDT02-FAT05,36.85376116,42.93476771,3BG
MLT-R03-FDT02-FAT06,36.85295712,42.93452632,3BG
MLT-R03-FDT02-FAT07,36.85289413,42.93431945,3BG
MLT-R03-FDT02-FAT08,36.85270924,42.93479765,3BG
MLT-R03-FDT02-FAT09,36.85181276,42.93380521,3BG
MLT-R03-FDT02-FAT10,36.85304788,42.93569911,3BG
MLT-R03-FDT02-FAT11,36.85242836,42.93529466,3BG
MLT-R03-FDT02-FAT12,36.85168329,42.93448398,3BG
MLT-R03-FDT02-FAT13,36.85106491,42.93359348,3BG
MLT-R03-FDT02-FAT14,36.85079824,42.93432238,3BG
MLT-R03-FDT02-FAT15,36.84985729,42.9341628,3BG
MLT-R03-FDT02-FAT16,36.8507107,42.93538209,3BG
MLT-R03-FDT02-FAT17,36.85065151,42.93484268,3BG
MLT-R03-FDT02-FAT18,36.8501145,42.93574833,3BG
MLT-R03-FDT02-FAT19,36.85123387,42.93471938,3BG
MLT-R03-FDT02-FAT20,36.85120157,42.93508174,3BG
MLT-R03-FDT02-FAT21,36.85099584,42.93659188,3BG
MLT-R03-FDT02-FAT22,36.85472136,42.93401987,3BG
MLT-R03-FDT02-FAT23,36.85434196,42.93349907,3BG
MLT-R03-FDT02-FAT24,36.85474261,42.93477775,3BG
MLT-R03-FDT02-FAT25,36.85393661,42.93422124,3BG
MLT-R03-FDT02-FAT26,36.85382654,42.93422334,3BG
MLT-R03-FDT02-FAT27,36.85255231,42.93296305,3BG
MLT-R03-FDT02-FAT28,36.85249886,42.9333978,3BG
MLT-R03-FDT02-FAT29,36.85246659,42.93261707,3BG
MLT-R03-FDT02-FAT30,36.85156071,42.9321579,3BG
MLT-R03-FDT02-FAT31,36.8514037,42.93272246,3BG
MLT-R03-FDT02-FAT32,36.850998,42.93228127,3BG
MLT-R03-FDT02-FAT33,36.85043871,42.93140436,3BG
MLT-R03-FDT02-FAT34,36.8502593,42.93210852,3BG
MLT-R03-FDT02-FAT35,36.8498667,42.93207895,3BG
MLT-R03-FDT02-FAT36,36.84972818,42.93197049,3BG
MLT-R03-FDT02-FAT37,36.85641878,42.93544576,3BG
MLT-R03-FDT02-FAT38,36.85673445,42.93528987,3BG
MLT-R03-FDT02-FAT39,36.8563834,42.93629447,3BG
MLT-R03-FDT02-FAT40,36.85639594,42.93661272,3BG
MLT-R03-FDT02-FAT41,36.84830756,42.93366957,3BG
MLT-R03-FDT02-FAT42,36.85457545,42.93483231,3BG
MLT-R03-FDT02-FAT43,36.85371395,42.93331361,3BG
MLT-R03-FDT02-FAT44,36.85265105,42.93543668,3BG
MLT-R03-FDT03-FAT01,36.85239001,42.92853867,3BG
MLT-R03-FDT03-FAT02,36.8532753,42.93134295,3BG
MLT-R03-FDT03-FAT03,36.85304695,42.93182373,3BG
MLT-R03-FDT03-FAT04,36.85307989,42.93185062,3BG
MLT-R03-FDT03-FAT05,36.85473843,42.92896893,3BG
MLT-R03-FDT03-FAT06,36.85522317,42.92900916,3BG
MLT-R03-FDT03-FAT07,36.85538879,42.92903994,3BG
MLT-R03-FDT03-FAT08,36.8561854,42.93075923,3BG
MLT-R03-FDT03-FAT09,36.85198554,42.92945437,3BG
MLT-R03-FDT03-FAT10,36.85222467,42.9316139,3BG
MLT-R03-FDT03-FAT11,36.85187607,42.93192333,3BG
MLT-R03-FDT03-FAT12,36.85182717,42.93109362,3BG
MLT-R03-FDT03-FAT13,36.85096439,42.93153854,3BG
MLT-R03-FDT03-FAT14,36.85093187,42.93078978,3BG
MLT-R03-FDT03-FAT15,36.85026247,42.93088598,3BG
MLT-R03-FDT03-FAT16,36.84968301,42.92994117,3BG
MLT-R03-FDT03-FAT17,36.84991128,42.93000614,3BG
MLT-R03-FDT03-FAT18,36.84984608,42.92886905,3BG
MLT-R03-FDT03-FAT19,36.85151777,42.9284714,3BG
MLT-R03-FDT03-FAT20,36.85137541,42.92872669,3BG
MLT-R03-FDT03-FAT21,36.85128615,42.9292171,3BG
MLT-R03-FDT03-FAT22,36.85095858,42.92869216,3BG
MLT-R03-FDT03-FAT23,36.85117704,42.92733166,3BG
MLT-R03-FDT03-FAT24,36.8500825,42.92725284,3BG
MLT-R03-FDT03-FAT25,36.85214247,42.92663833,3BG
MLT-R03-FDT03-FAT26,36.85142354,42.9262483,3BG
MLT-R03-FDT03-FAT27,36.85215979,42.92575426,3BG
MLT-R03-FDT03-FAT28,36.85121887,42.92539746,3BG
MLT-R03-FDT03-FAT29,36.85095204,42.92485043,3BG
MLT-R03-FDT03-FAT30,36.85171301,42.92384725,3BG
MLT-R03-FDT03-FAT31,36.85164067,42.92395583,3BG
MLT-R03-FDT03-FAT32,36.85197702,42.92346072,3BG
MLT-R03-FDT03-FAT33,36.85107709,42.92261219,3BG
MLT-R03-FDT03-FAT34,36.85071685,42.92258114,3BG
MLT-R03-FDT03-FAT35,36.85107455,42.92133402,3BG
MLT-R03-FDT03-FAT36,36.85135209,42.92090505,3BG
MLT-R03-FDT03-FAT37,36.85398192,42.92424258,3BG
MLT-R03-FDT04-FAT01,36.86086416,42.94505466,3BG
MLT-R03-FDT04-FAT02,36.86041236,42.94577745,3BG
MLT-R03-FDT04-FAT03,36.85974316,42.94578273,3BG
MLT-R03-FDT04-FAT04,36.85964637,42.946041,3BG
MLT-R03-FDT04-FAT05,36.85944222,42.94573728,3BG
MLT-R03-FDT04-FAT06,36.85907413,42.94522058,3BG
MLT-R03-FDT04-FAT07,36.85857701,42.94667717,3BG
MLT-R03-FDT04-FAT08,36.86080172,42.94610581,3BG
MLT-R03-FDT04-FAT09,36.86086278,42.94695264,3BG
MLT-R03-FDT04-FAT10,36.8606584,42.94789424,3BG
MLT-R03-FDT04-FAT11,36.86028101,42.94795725,3BG
MLT-R03-FDT04-FAT12,36.86008646,42.94798833,3BG
MLT-R03-FDT04-FAT13,36.85978915,42.94766493,3BG
MLT-R03-FDT04-FAT14,36.85911353,42.94771968,3BG
MLT-R03-FDT04-FAT15,36.85916522,42.948256,3BG
MLT-R03-FDT04-FAT16,36.85873978,42.94800445,3BG
MLT-R03-FDT04-FAT17,36.85959694,42.9442922,3BG
MLT-R03-FDT04-FAT18,36.8592407,42.94427311,3BG
MLT-R03-FDT04-FAT19,36.85888535,42.94409333,3BG
MLT-R03-FDT04-FAT20,36.85864011,42.94396922,3BG
MLT-R03-FDT04-FAT21,36.85833518,42.94380733,3BG
MLT-R03-FDT04-FAT22,36.85814151,42.94375303,3BG
MLT-R03-FDT04-FAT23,36.85685635,42.94464171,3BG
MLT-R03-FDT04-FAT24,36.85679412,42.94490256,3BG
MLT-R03-FDT04-FAT25,36.8574708,42.943674,3BG
MLT-R03-FDT04-FAT26,36.85880049,42.94637229,3BG
MLT-R03-FDT04-FAT27,36.86059998,42.94498144,3BG
MLT-R03-FDT05-FAT01,36.86178242,42.94401566,3BG
MLT-R03-FDT05-FAT02,36.86124656,42.94405905,3BG
MLT-R03-FDT05-FAT03,36.86006519,42.94399592,3BG
MLT-R03-FDT05-FAT04,36.86014141,42.94367844,3BG
MLT-R03-FDT05-FAT05,36.85985776,42.94309295,3BG
MLT-R03-FDT05-FAT06,36.85938276,42.94319565,3BG
MLT-R03-FDT05-FAT07,36.85893778,42.94268096,3BG
MLT-R03-FDT05-FAT08,36.85843353,42.94315547,3BG
MLT-R03-FDT05-FAT09,36.85807631,42.94132238,3BG
MLT-R03-FDT05-FAT10,36.85777816,42.94171945,3BG
MLT-R03-FDT05-FAT11,36.85857026,42.94251103,3BG
MLT-R03-FDT05-FAT12,36.8581516,42.94229937,3BG
MLT-R03-FDT05-FAT13,36.8575653,42.94269378,3BG
MLT-R03-FDT05-FAT14,36.85706678,42.94266515,3BG
MLT-R03-FDT05-FAT15,36.85690666,42.94203105,3BG
MLT-R03-FDT05-FAT16,36.86119333,42.94299629,3BG
MLT-R03-FDT05-FAT17,36.86117883,42.94205381,3BG
MLT-R03-FDT05-FAT18,36.86027953,42.94251176,3BG
MLT-R03-FDT05-FAT19,36.8605446,42.94133522,3BG
MLT-R03-FDT05-FAT20,36.86035019,42.94125997,3BG
MLT-R03-FDT05-FAT21,36.8595469,42.94079008,3BG
MLT-R03-FDT05-FAT22,36.86004189,42.94201625,3BG
MLT-R03-FDT05-FAT23,36.85954191,42.94155888,3BG
MLT-R03-FDT05-FAT24,36.85942834,42.94175903,3BG
MLT-R03-FDT05-FAT25,36.85927298,42.94219815,3BG
MLT-R03-FDT05-FAT26,36.86178958,42.9404094,3BG
MLT-R03-FDT05-FAT27,36.86201732,42.93967691,3BG
MLT-R03-FDT05-FAT28,36.86253953,42.9387682,3BG
MLT-R03-FDT05-FAT29,36.86265323,42.93808574,3BG
MLT-R03-FDT05-FAT30,36.86095935,42.94087348,3BG
MLT-R03-FDT05-FAT31,36.86089285,42.94083628,3BG
MLT-R03-FDT05-FAT32,36.86021303,42.94049797,3BG
MLT-R03-FDT05-FAT33,36.86054886,42.93969444,3BG
MLT-R03-FDT05-FAT34,36.86067784,42.93923664,3BG
MLT-R03-FDT05-FAT35,36.85999226,42.94058253,3BG
MLT-R03-FDT05-FAT36,36.85912371,42.93962758,3BG
MLT-R03-FDT05-FAT37,36.85898881,42.93897853,3BG
MLT-R03-FDT05-FAT38,36.85947401,42.93981607,3BG
MLT-R03-FDT05-FAT39,36.85950298,42.93871757,3BG
MLT-R03-FDT05-FAT40,36.8608254,42.94261252,3BG
MLT-R03-FDT05-FAT41,36.8578053,42.93884154,3BG
MLT-R03-FDT05-FAT42,36.8585672,42.93729424,3BG
MLT-R03-FDT06-FAT01,36.84171585,42.93176885,3BG
MLT-R03-FDT06-FAT02,36.84213353,42.93145461,3BG
MLT-R03-FDT06-FAT03,36.8425296,42.93125031,3BG
MLT-R03-FDT06-FAT04,36.84268525,42.93118981,3BG
MLT-R03-FDT06-FAT05,36.84302833,42.93104625,3BG
MLT-R03-FDT06-FAT06,36.84153856,42.93125294,3BG
MLT-R03-FDT06-FAT07,36.84132363,42.93045034,3BG
MLT-R03-FDT06-FAT08,36.8411563,42.92989474,3BG
MLT-R03-FDT06-FAT09,36.84077423,42.93018904,3BG
MLT-R03-FDT06-FAT10,36.84248537,42.93236638,3BG
MLT-R03-FDT06-FAT11,36.84163187,42.93258933,3BG
MLT-R03-FDT06-FAT12,36.84089849,42.93320017,3BG
MLT-R03-FDT06-FAT13,36.84108516,42.93351214,3BG
MLT-R03-FDT06-FAT14,36.84079465,42.93259068,3BG
MLT-R03-FDT06-FAT15,36.8407167,42.93263984,3BG
MLT-R03-FDT06-FAT16,36.84046152,42.93215657,3BG
MLT-R03-FDT06-FAT17,36.84013295,42.9315725,3BG
MLT-R03-FDT06-FAT18,36.83987557,42.93111587,3BG
MLT-R03-FDT06-FAT19,36.83966123,42.9307561,3BG
MLT-R03-FDT06-FAT20,36.83956385,42.93039222,#N/A
MLT-R03-FDT06-FAT21,36.8421721,42.93274535,3BG
MLT-R03-FDT06-FAT22,36.84246879,42.9332092,3BG
MLT-R03-FDT06-FAT23,36.84233172,42.9337276,3BG
MLT-R03-FDT06-FAT24,36.84095029,42.93449121,3BG
MLT-R03-FDT06-FAT25,36.84342823,42.93305913,3BG
MLT-R03-FDT06-FAT26,36.84357513,42.93352238,3BG
MLT-R03-FDT06-FAT27,36.84347989,42.93350034,3BG
MLT-R03-FDT06-FAT28,36.84267367,42.93417933,3BG
MLT-R03-FDT06-FAT29,36.84265724,42.93553365,3BG
MLT-R03-FDT06-FAT30,36.84295343,42.93489132,3BG
MLT-R03-FDT06-FAT31,36.84298272,42.93607677,3BG
MLT-R03-FDT06-FAT32,36.84296856,42.93664077,3BG
MLT-R03-FDT06-FAT33,36.84333816,42.93466044,3BG
MLT-R03-FDT06-FAT34,36.84360976,42.93456266,3BG
MLT-R03-FDT06-FAT35,36.84367507,42.93611398,3BG
MLT-R03-FDT06-FAT36,36.84354502,42.93629207,3BG
MLT-R03-FDT07-FAT01,36.8416139,42.93508941,3BG
MLT-R03-FDT07-FAT02,36.84131097,42.93562213,3BG
MLT-R03-FDT07-FAT03,36.84042036,42.93479429,3BG
MLT-R03-FDT07-FAT04,36.84037591,42.93568631,3BG
MLT-R03-FDT07-FAT05,36.84135095,42.93634251,3BG
MLT-R03-FDT07-FAT06,36.84213599,42.9370756,3BG
MLT-R03-FDT07-FAT07,36.841146,42.9367155,3BG
MLT-R03-FDT07-FAT08,36.83976553,42.93599733,3BG
MLT-R03-FDT07-FAT09,36.84036734,42.93654517,3BG
MLT-R03-FDT07-FAT10,36.84085425,42.93684652,3BG
MLT-R03-FDT07-FAT11,36.8394216,42.93641321,3BG
MLT-R03-FDT07-FAT12,36.83995351,42.9367025,3BG
MLT-R03-FDT07-FAT13,36.83920918,42.93580018,3BG
MLT-R03-FDT07-FAT14,36.83819545,42.93560231,3BG
MLT-R03-FDT07-FAT15,36.83786916,42.93576964,3BG
MLT-R03-FDT07-FAT16,36.83754808,42.93546341,3BG
MLT-R03-FDT07-FAT17,36.83549571,42.97290458,3BG
MLT-R03-FDT07-FAT18,36.837142,42.9350617,3BG
MLT-R03-FDT07-FAT19,36.83692458,42.93434021,3BG
MLT-R03-FDT07-FAT20,36.8387604,42.9349352,3BG
MLT-R03-FDT07-FAT21,36.8388932,42.93454033,3BG
MLT-R03-FDT07-FAT22,36.83870336,42.93372132,3BG
MLT-R03-FDT07-FAT23,36.837972,42.93432573,3BG
MLT-R03-FDT07-FAT24,36.83766627,42.9345897,#N/A
MLT-R03-FDT07-FAT25,36.8375875,42.93364698,#N/A
MLT-R03-FDT07-FAT26,36.8375586,42.93378969,3BG
MLT-R03-FDT07-FAT27,36.8370844,42.93363295,3BG
MLT-R03-FDT07-FAT28,36.84094781,42.93461043,3BG
MLT-R03-FDT07-FAT29,36.84016787,42.93383598,3BG
MLT-R03-FDT07-FAT30,36.83997097,42.93334235,3BG
MLT-R03-FDT07-FAT31,36.8395654,42.93270175,3BG
MLT-R03-FDT07-FAT32,36.83930672,42.93224455,#N/A
MLT-R03-FDT07-FAT33,36.83872541,42.93254147,3BG
MLT-R03-FDT07-FAT34,36.8383803,42.93226713,3BG
MLT-R03-FDT07-FAT35,36.83871697,42.93135269,3BG
MLT-R03-FDT07-FAT36,36.83806002,42.93158879,3BG
MLT-R03-FDT07-FAT37,36.83783183,42.93207429,3BG
MLT-R03-FDT07-FAT38,36.83796362,42.93088701,3BG
MLT-R03-FDT07-FAT39,36.83711906,42.93266344,3BG
MLT-R03-FDT07-FAT40,36.84179495,42.93600066,3BG
MLT-R03-FDT08-FAT01,36.86626247,42.94548977,Fiber Speed (Duhok)
MLT-R03-FDT08-FAT02,36.86736482,42.94550284,Fiber Speed (Duhok)
MLT-R03-FDT08-FAT03,36.86792699,42.9455648,Fiber Speed (Duhok)
MLT-R03-FDT08-FAT04,36.86752635,42.94613169,Fiber Speed (Duhok)
MLT-R03-FDT08-FAT05,36.8671092,42.94673493,Fiber Speed (Duhok)
MLT-R03-FDT08-FAT06,36.86668098,42.94606505,Fiber Speed (Duhok)
MLT-R03-FDT08-FAT07,36.86653595,42.94719654,Fiber Speed (Duhok)
MLT-R03-FDT08-FAT08,36.867419,42.94731983,Fiber Speed (Duhok)
MLT-R03-FDT08-FAT09,36.8680845,42.94683097,Fiber Speed (Duhok)
MLT-R03-FDT08-FAT10,36.86845237,42.94746341,Fiber Speed (Duhok)
MLT-R03-FDT08-FAT11,36.86647372,42.94799494,Fiber Speed (Duhok)
MLT-R03-FDT08-FAT12,36.86734599,42.94833516,Fiber Speed (Duhok)
MLT-R03-FDT08-FAT13,36.86701452,42.94787802,Fiber Speed (Duhok)
MLT-R03-FDT08-FAT14,36.8679179,42.94793377,Fiber Speed (Duhok)
MLT-R03-FDT08-FAT15,36.86621481,42.94489192,Fiber Speed (Duhok)
MLT-R03-FDT08-FAT16,36.8660731,42.94675516,Fiber Speed (Duhok)
MLT-R03-FDT08-FAT17,36.86597467,42.94829882,Fiber Speed (Duhok)
MLT-R03-FDT08-FAT18,36.86591983,42.9503098,Fiber Speed (Duhok)
MLT-R03-FDT08-FAT19,36.86684365,42.94888872,Fiber Speed (Duhok)
MLT-R03-FDT08-FAT20,36.86591311,42.94904498,Fiber Speed (Duhok)
MLT-R03-FDT08-FAT21,36.86641575,42.94993599,Fiber Speed (Duhok)
MLT-R03-FDT08-FAT22,36.8663708,42.9505465,Fiber Speed (Duhok)
MLT-R03-FDT08-FAT23,36.86668605,42.9511261,Fiber Speed (Duhok)
MLT-R03-FDT08-FAT24,36.86522518,42.94589161,Fiber Speed (Duhok)
MLT-R03-FDT08-FAT25,36.8651496,42.94676666,Fiber Speed (Duhok)
MLT-R03-FDT08-FAT26,36.86467993,42.94705465,Fiber Speed (Duhok)
MLT-R03-FDT08-FAT27,36.86566134,42.94603626,Fiber Speed (Duhok)
MLT-R03-FDT08-FAT28,36.86557104,42.94722961,Fiber Speed (Duhok)
MLT-R03-FDT08-FAT29,36.8651759,42.94771858,Fiber Speed (Duhok)
MLT-R03-FDT08-FAT30,36.86514776,42.94817969,Fiber Speed (Duhok)
MLT-R03-FDT08-FAT31,36.86545102,42.94907669,Fiber Speed (Duhok)
MLT-R03-FDT08-FAT32,36.86501579,42.94874762,Fiber Speed (Duhok)
MLT-R03-FDT08-FAT33,36.86417366,42.94863288,Fiber Speed (Duhok)
MLT-R03-FDT08-FAT34,36.86364416,42.94788348,Fiber Speed (Duhok)
MLT-R03-FDT08-FAT35,36.86833474,42.95016786,Fiber Speed (Duhok)
MLT-R03-FDT08-FAT36,36.8684109,42.94794491,Fiber Speed (Duhok)
MLT-R03-FDT08-FAT37,36.86793286,42.95249622,Fiber Speed (Duhok)
MLT-R03-FDT08-FAT38,36.86791933,42.95251996,Fiber Speed (Duhok)
MLT-R03-FDT08-FAT39,36.86790869,42.95254332,Fiber Speed (Duhok)
MLT-R03-FDT08-FAT40,36.86791333,42.95248158,Fiber Speed (Duhok)
MLT-R03-FDT08-FAT41,36.86790411,42.95250398,Fiber Speed (Duhok)
MLT-R03-FDT08-FAT42,36.86789307,42.95252469,Fiber Speed (Duhok)
MLT-R03-FDT08-FAT43,36.86789021,42.95249517,Fiber Speed (Duhok)
MLT-R03-FDT08-FAT44,36.86754389,42.95221705,Fiber Speed (Duhok)
MLT-R03-FDT08-FAT45,36.86753035,42.95224079,Fiber Speed (Duhok)
MLT-R03-FDT08-FAT46,36.86751972,42.95226416,Fiber Speed (Duhok)
MLT-R03-FDT08-FAT47,36.86752435,42.95220241,Fiber Speed (Duhok)
MLT-R03-FDT08-FAT48,36.86751513,42.95222481,Fiber Speed (Duhok)
MLT-R03-FDT08-FAT49,36.86750409,42.95224552,Fiber Speed (Duhok)
MLT-R03-FDT08-FAT50,36.86750123,42.95221601,Fiber Speed (Duhok)
MLT-R03-FDT08-FAT51,36.86857899,42.94541384,Fiber Speed (Duhok)
MLT-R03-FDT08-FAT52,36.86644534,42.94950763,Fiber Speed (Duhok)
MLT-R03-FDT08-FAT53,36.86451532,42.94937157,Fiber Speed (Duhok)
MLT-R03-FDT08-FAT54,36.86672909,42.95065888,Fiber Speed (Duhok)
MLT-R03-FDT08-FAT55,36.86596634,42.9496866,Fiber Speed (Duhok)
MLT-R03-FDT09-FAT01,36.86657722,42.94321126,Fiber Speed (Duhok)
MLT-R03-FDT09-FAT02,36.86730628,42.94286287,Fiber Speed (Duhok)
MLT-R03-FDT09-FAT03,36.86736891,42.94198563,Fiber Speed (Duhok)
MLT-R03-FDT09-FAT04,36.86689949,42.94217715,Fiber Speed (Duhok)
MLT-R03-FDT09-FAT05,36.86773211,42.94335719,Fiber Speed (Duhok)
MLT-R03-FDT09-FAT06,36.8681876,42.94340082,Fiber Speed (Duhok)
MLT-R03-FDT09-FAT07,36.86866773,42.94344681,Fiber Speed (Duhok)
MLT-R03-FDT09-FAT08,36.8689632,42.94447667,Fiber Speed (Duhok)
MLT-R03-FDT09-FAT09,36.86988045,42.94488488,Fiber Speed (Duhok)
MLT-R03-FDT09-FAT10,36.86991912,42.94400888,Fiber Speed (Duhok)
MLT-R03-FDT09-FAT11,36.86771406,42.94235939,Fiber Speed (Duhok)
MLT-R03-FDT09-FAT12,36.86784183,42.9416716,Fiber Speed (Duhok)
MLT-R03-FDT09-FAT13,36.8681906,42.94198013,Fiber Speed (Duhok)
MLT-R03-FDT09-FAT14,36.86843184,42.94274569,Fiber Speed (Duhok)
MLT-R03-FDT09-FAT15,36.86878198,42.94122239,Fiber Speed (Duhok)
MLT-R03-FDT09-FAT16,36.8688008,42.94087247,Fiber Speed (Duhok)
MLT-R03-FDT09-FAT17,36.86881718,42.9405406,Fiber Speed (Duhok)
MLT-R03-FDT09-FAT18,36.86884156,42.94004667,Fiber Speed (Duhok)
MLT-R03-FDT09-FAT19,36.86684915,42.94383527,Fiber Speed (Duhok)
MLT-R03-FDT09-FAT20,36.86679381,42.9446945,Fiber Speed (Duhok)
MLT-R03-FDT09-FAT21,36.86724502,42.94477049,Fiber Speed (Duhok)
MLT-R03-FDT09-FAT22,36.86753183,42.94380509,Fiber Speed (Duhok)
MLT-R03-FDT09-FAT23,36.86770648,42.94469786,Fiber Speed (Duhok)
MLT-R03-FDT09-FAT24,36.86813287,42.94503134,Fiber Speed (Duhok)
MLT-R03-FDT09-FAT25,36.86503656,42.94290279,Fiber Speed (Duhok)
MLT-R03-FDT09-FAT26,36.86552846,42.9422337,Fiber Speed (Duhok)
MLT-R03-FDT09-FAT27,36.86548922,42.94135546,Fiber Speed (Duhok)
MLT-R03-FDT09-FAT28,36.86591522,42.94216826,Fiber Speed (Duhok)
MLT-R03-FDT09-FAT29,36.8660987,42.94078469,Fiber Speed (Duhok)
MLT-R03-FDT09-FAT30,36.86601657,42.94041104,Fiber Speed (Duhok)
MLT-R03-FDT09-FAT31,36.86631998,42.93981016,Fiber Speed (Duhok)
MLT-R03-FDT09-FAT32,36.86640934,42.94249687,Fiber Speed (Duhok)
MLT-R03-FDT09-FAT33,36.86649608,42.94139113,Fiber Speed (Duhok)
MLT-R03-FDT09-FAT34,36.8664595,42.94079176,Fiber Speed (Duhok)
MLT-R03-FDT09-FAT35,36.86704444,42.94041208,Fiber Speed (Duhok)
MLT-R03-FDT09-FAT36,36.86741212,42.93978639,Fiber Speed (Duhok)
MLT-R03-FDT09-FAT37,36.86743297,42.94128646,Fiber Speed (Duhok)
MLT-R03-FDT09-FAT38,36.86796769,42.9408036,Fiber Speed (Duhok)
MLT-R03-FDT09-FAT39,36.86830831,42.94079149,Fiber Speed (Duhok)
MLT-R03-FDT09-FAT40,36.86895046,42.94494935,Fiber Speed (Duhok)
MLT-R03-FDT10-FAT01,36.87048105,42.93406527,Fiber Speed (Duhok)
MLT-R03-FDT10-FAT02,36.86945123,42.93381891,Fiber Speed (Duhok)
MLT-R03-FDT10-FAT03,36.86947378,42.93318192,Fiber Speed (Duhok)
MLT-R03-FDT10-FAT04,36.86949438,42.93262759,Fiber Speed (Duhok)
MLT-R03-FDT10-FAT05,36.86950616,42.93229219,Fiber Speed (Duhok)
MLT-R03-FDT10-FAT06,36.86955503,42.93187263,Fiber Speed (Duhok)
MLT-R03-FDT10-FAT07,36.86988081,42.93364165,Fiber Speed (Duhok)
MLT-R03-FDT10-FAT08,36.87051982,42.933251,Fiber Speed (Duhok)
MLT-R03-FDT10-FAT09,36.87001676,42.93254148,Fiber Speed (Duhok)
MLT-R03-FDT10-FAT10,36.870103,42.93463405,Fiber Speed (Duhok)
MLT-R03-FDT10-FAT11,36.86923184,42.93846511,Fiber Speed (Duhok)
MLT-R03-FDT10-FAT12,36.86988461,42.93837961,Fiber Speed (Duhok)
MLT-R03-FDT10-FAT13,36.87027248,42.93874155,Fiber Speed (Duhok)
MLT-R03-FDT10-FAT14,36.87050644,42.9380362,Fiber Speed (Duhok)
MLT-R03-FDT10-FAT15,36.87056529,42.93758779,Fiber Speed (Duhok)
MLT-R03-FDT10-FAT16,36.87061636,42.93919698,Fiber Speed (Duhok)
MLT-R03-FDT10-FAT17,36.8692069,42.93963017,Fiber Speed (Duhok)
MLT-R03-FDT10-FAT18,36.86902308,42.93997071,Fiber Speed (Duhok)
MLT-R03-FDT10-FAT19,36.86964526,42.93904223,Fiber Speed (Duhok)
MLT-R03-FDT10-FAT20,36.87026275,42.93973802,Fiber Speed (Duhok)
MLT-R03-FDT10-FAT21,36.86998967,42.94077383,Fiber Speed (Duhok)
MLT-R03-FDT10-FAT22,36.87066376,42.94035703,Fiber Speed (Duhok)
MLT-R03-FDT10-FAT23,36.87025178,42.94209536,Fiber Speed (Duhok)
MLT-R03-FDT10-FAT24,36.86986628,42.94144414,Fiber Speed (Duhok)
MLT-R03-FDT10-FAT25,36.8695254,42.94090666,Fiber Speed (Duhok)
MLT-R03-FDT10-FAT26,36.86913153,42.94072138,Fiber Speed (Duhok)
MLT-R03-FDT10-FAT27,36.87112804,42.93262078,Fiber Speed (Duhok)
MLT-R03-FDT10-FAT28,36.87117379,42.93163183,Fiber Speed (Duhok)
MLT-R03-FDT10-FAT29,36.87065337,42.93162494,Fiber Speed (Duhok)
MLT-R03-FDT10-FAT30,36.87017211,42.93161858,Fiber Speed (Duhok)
MLT-R03-FDT10-FAT31,36.86992868,42.93161536,Fiber Speed (Duhok)
MLT-R03-FDT10-FAT32,36.87120625,42.93383293,Fiber Speed (Duhok)
MLT-R03-FDT10-FAT33,36.87194904,42.93278584,Fiber Speed (Duhok)
MLT-R03-FDT10-FAT34,36.87177276,42.93341922,Fiber Speed (Duhok)
MLT-R03-FDT10-FAT35,36.87202975,42.93222725,Fiber Speed (Duhok)
MLT-R03-FDT10-FAT36,36.87235093,42.93169961,Fiber Speed (Duhok)
MLT-R03-FDT10-FAT37,36.86911111,42.93867928,Fiber Speed (Duhok)
MLT-R03-FDT10-FAT38,36.86945138,42.93412364,Fiber Speed (Duhok)
MLT-R03-FDT10-FAT39,36.87057924,42.93991356,Fiber Speed (Duhok)
MLT-R03-FDT10-FAT40,36.87009869,42.94080786,Fiber Speed (Duhok)
MLT-R03-FDT11-FAT01,36.86704927,42.93200723,Fiber Speed (Duhok)
MLT-R03-FDT11-FAT02,36.86785392,42.93183523,Fiber Speed (Duhok)
MLT-R03-FDT11-FAT03,36.8683961,42.93212268,Fiber Speed (Duhok)
MLT-R03-FDT11-FAT04,36.86772607,42.93245908,Fiber Speed (Duhok)
MLT-R03-FDT11-FAT05,36.86827028,42.93309567,Fiber Speed (Duhok)
MLT-R03-FDT11-FAT06,36.86873262,42.93271955,Fiber Speed (Duhok)
MLT-R03-FDT11-FAT07,36.86921416,42.93291449,Fiber Speed (Duhok)
MLT-R03-FDT11-FAT08,36.86917921,42.93360518,Fiber Speed (Duhok)
MLT-R03-FDT11-FAT09,36.86915759,42.9340039,Fiber Speed (Duhok)
MLT-R03-FDT11-FAT10,36.86914883,42.93416543,Fiber Speed (Duhok)
MLT-R03-FDT11-FAT11,36.869117,42.93475251,Fiber Speed (Duhok)
MLT-R03-FDT11-FAT12,36.86907166,42.93504237,Fiber Speed (Duhok)
MLT-R03-FDT11-FAT13,36.86905741,42.93531582,Fiber Speed (Duhok)
MLT-R03-FDT11-FAT14,36.86908205,42.93542458,Fiber Speed (Duhok)
MLT-R03-FDT11-FAT15,36.8690673,42.93573461,Fiber Speed (Duhok)
MLT-R03-FDT11-FAT16,36.86754209,42.93292366,Fiber Speed (Duhok)
MLT-R03-FDT11-FAT17,36.86743666,42.93542946,Fiber Speed (Duhok)
MLT-R03-FDT11-FAT18,36.86696757,42.93609603,Fiber Speed (Duhok)
MLT-R03-FDT11-FAT19,36.86692114,42.93726653,Fiber Speed (Duhok)
MLT-R03-FDT11-FAT20,36.86774138,42.93477335,Fiber Speed (Duhok)
MLT-R03-FDT11-FAT21,36.86825664,42.93533759,Fiber Speed (Duhok)
MLT-R03-FDT11-FAT22,36.8687125,42.93488144,Fiber Speed (Duhok)
MLT-R03-FDT11-FAT23,36.86859432,42.93597079,Fiber Speed (Duhok)
MLT-R03-FDT11-FAT24,36.86804698,42.93650094,Fiber Speed (Duhok)
MLT-R03-FDT11-FAT25,36.86860568,42.93638,Fiber Speed (Duhok)
MLT-R03-FDT11-FAT26,36.86613994,42.93276468,Fiber Speed (Duhok)
MLT-R03-FDT11-FAT27,36.8657389,42.93329607,Fiber Speed (Duhok)
MLT-R03-FDT11-FAT28,36.86596406,42.93495629,Fiber Speed (Duhok)
MLT-R03-FDT11-FAT29,36.8664484,42.93517731,Fiber Speed (Duhok)
MLT-R03-FDT11-FAT30,36.86556785,42.93622455,Fiber Speed (Duhok)
MLT-R03-FDT11-FAT31,36.86605361,42.9364548,Fiber Speed (Duhok)
MLT-R03-FDT11-FAT32,36.86614374,42.93210937,Fiber Speed (Duhok)
MLT-R03-FDT11-FAT33,36.86582054,42.9321624,Fiber Speed (Duhok)
MLT-R03-FDT11-FAT34,36.86547759,42.93222081,Fiber Speed (Duhok)
MLT-R03-FDT11-FAT35,36.86722242,42.93729103,Fiber Speed (Duhok)
MLT-R03-FDT11-FAT36,36.86540291,42.93418864,Fiber Speed (Duhok)
MLT-R03-FDT11-FAT37,36.86688753,42.93201934,Fiber Speed (Duhok)
MLT-R03-FDT11-FAT38,36.86915692,42.93633345,Fiber Speed (Duhok)
MLT-R03-FDT11-FAT39,36.86832452,42.93386428,Fiber Speed (Duhok)
MLT-R03-FDT11-FAT40,36.86642423,42.93695652,Fiber Speed (Duhok)
MLT-R03-FDT11-FAT41,36.86867668,42.93701166,Fiber Speed (Duhok)
MLT-R03-FDT11-FAT42,36.86746831,42.93642277,Fiber Speed (Duhok)
MLT-R03-FDT11-FAT43,36.8662474,42.93355324,Fiber Speed (Duhok)
MLT-R04-FDT01-FAT01,36.86364305,42.94350206,3BG
MLT-R04-FDT01-FAT02,36.86367326,42.94329022,3BG
MLT-R04-FDT01-FAT03,36.86306488,42.94251429,3BG
MLT-R04-FDT01-FAT04,36.86209992,42.94189666,3BG
MLT-R04-FDT01-FAT05,36.86407783,42.9429789,3BG
MLT-R04-FDT01-FAT06,36.86417446,42.94295607,3BG
MLT-R04-FDT01-FAT07,36.86380666,42.94211745,3BG
MLT-R04-FDT01-FAT08,36.86384058,42.94079639,3BG
MLT-R04-FDT01-FAT09,36.86341989,42.94072813,3BG
MLT-R04-FDT01-FAT10,36.86358712,42.94040034,3BG
MLT-R04-FDT01-FAT11,36.86312207,42.94078326,3BG
MLT-R04-FDT01-FAT12,36.86288545,42.94063307,3BG
MLT-R04-FDT01-FAT13,36.86242442,42.94066804,3BG
MLT-R04-FDT01-FAT14,36.86203765,42.94057575,3BG
MLT-R04-FDT01-FAT15,36.86474529,42.94148044,3BG
MLT-R04-FDT01-FAT16,36.86480482,42.9416093,3BG
MLT-R04-FDT01-FAT17,36.86425959,42.94068317,3BG
MLT-R04-FDT01-FAT18,36.8642014,42.94023537,3BG
MLT-R04-FDT01-FAT19,36.86370898,42.93937859,3BG
MLT-R04-FDT01-FAT20,36.86334799,42.93772044,3BG
MLT-R04-FDT01-FAT21,36.86321209,42.93758144,3BG
MLT-R04-FDT01-FAT22,36.86294955,42.93752482,3BG
MLT-R04-FDT01-FAT23,36.86483058,42.93939633,3BG
MLT-R04-FDT01-FAT24,36.8651344,42.9396243,3BG
MLT-R04-FDT01-FAT25,36.86523496,42.93949383,3BG
MLT-R04-FDT01-FAT26,36.8643699,42.93927369,3BG
MLT-R04-FDT01-FAT27,36.86432985,42.93866465,3BG
MLT-R04-FDT01-FAT28,36.86466179,42.93773336,3BG
MLT-R04-FDT01-FAT29,36.86441995,42.93769465,3BG
MLT-R04-FDT01-FAT30,36.86402793,42.9376758,3BG
MLT-R04-FDT01-FAT31,36.86470655,42.94365744,3BG
MLT-R04-FDT01-FAT32,36.8631133,42.94388023,3BG
MLT-R04-FDT01-FAT33,36.86327661,42.9393647,3BG
MLT-R04-FDT01-FAT34,36.86197295,42.94195572,3BG
MLT-R04-FDT01-FAT35,36.86414812,42.940856,3BG
MLT-R04-FDT01-FAT36,36.86460491,42.93986066,3BG
MLT-R04-FDT02-FAT01,36.84968458,42.95320264,3BG
MLT-R04-FDT02-FAT02,36.84985348,42.95429074,3BG
MLT-R04-FDT02-FAT03,36.84899135,42.95378755,3BG
MLT-R04-FDT02-FAT04,36.84928951,42.95429364,3BG
MLT-R04-FDT02-FAT05,36.84938061,42.95464795,3BG
MLT-R04-FDT02-FAT06,36.84931906,42.9548612,3BG
MLT-R04-FDT02-FAT07,36.84932953,42.95511808,3BG
MLT-R04-FDT02-FAT08,36.84936851,42.95567287,3BG
MLT-R04-FDT02-FAT09,36.84939558,42.95636701,3BG
MLT-R04-FDT02-FAT10,36.84875402,42.95315146,3BG
MLT-R04-FDT02-FAT11,36.84770117,42.95330603,3BG
MLT-R04-FDT02-FAT12,36.84868176,42.9523921,3BG
MLT-R04-FDT02-FAT13,36.84830847,42.95242713,3BG
MLT-R04-FDT02-FAT14,36.8491842,42.95196249,3BG
MLT-R04-FDT02-FAT15,36.84916005,42.95142255,3BG
MLT-R04-FDT02-FAT16,36.84898576,42.95089871,3BG
MLT-R04-FDT02-FAT17,36.8485703,42.95090607,3BG
MLT-R04-FDT02-FAT18,36.84818385,42.950926,3BG
MLT-R04-FDT02-FAT19,36.84865447,42.94987969,3BG
MLT-R04-FDT02-FAT20,36.84854302,42.94931698,3BG
MLT-R04-FDT02-FAT21,36.84815935,42.94859785,3BG
MLT-R04-FDT02-FAT22,36.84808212,42.94767021,3BG
MLT-R04-FDT02-FAT23,36.8476108,42.94770612,3BG
MLT-R04-FDT02-FAT24,36.85000203,42.95135193,3BG
MLT-R04-FDT02-FAT25,36.85007612,42.95040958,3BG
MLT-R04-FDT02-FAT26,36.84990451,42.94973536,3BG
MLT-R04-FDT02-FAT27,36.84913863,42.94913379,3BG
MLT-R04-FDT02-FAT28,36.84905938,42.94756752,3BG
MLT-R04-FDT02-FAT29,36.85086832,42.95360061,3BG
MLT-R04-FDT02-FAT30,36.85084601,42.95425831,3BG
MLT-R04-FDT02-FAT31,36.85100237,42.95552528,3BG
MLT-R04-FDT02-FAT32,36.85092022,42.95609481,3BG
MLT-R04-FDT02-FAT33,36.84994843,42.95301106,3BG
MLT-R04-FDT03-FAT01,36.85225574,42.95220675,3BG
MLT-R04-FDT03-FAT02,36.85280194,42.95242795,3BG
MLT-R04-FDT03-FAT03,36.85263242,42.95353931,3BG
MLT-R04-FDT03-FAT04,36.85304541,42.95401551,3BG
MLT-R04-FDT03-FAT05,36.85318015,42.95494786,3BG
MLT-R04-FDT03-FAT06,36.8541977,42.95487019,3BG
MLT-R04-FDT03-FAT07,36.85426135,42.95603148,3BG
MLT-R04-FDT03-FAT08,36.85352475,42.95421456,3BG
MLT-R04-FDT03-FAT09,36.85333514,42.95539067,3BG
MLT-R04-FDT03-FAT10,36.85389001,42.95614719,3BG
MLT-R04-FDT03-FAT11,36.85298144,42.95673835,3BG
MLT-R04-FDT03-FAT12,36.85396908,42.95693886,3BG
MLT-R04-FDT03-FAT13,36.85411859,42.9580021,3BG
MLT-R04-FDT03-FAT14,36.85288346,42.95781818,3BG
MLT-R04-FDT03-FAT15,36.85326473,42.95763749,3BG
MLT-R04-FDT03-FAT16,36.85351813,42.95854606,3BG
MLT-R04-FDT03-FAT17,36.85404694,42.95866764,3BG
MLT-R04-FDT03-FAT18,36.85462873,42.95911974,3BG
MLT-R04-FDT03-FAT19,36.85338843,42.95962328,3BG
MLT-R04-FDT03-FAT20,36.85243856,42.95971174,3BG
MLT-R04-FDT03-FAT21,36.85157923,42.96223763,3BG
MLT-R04-FDT03-FAT22,36.85213688,42.96310318,3BG
MLT-R04-FDT03-FAT23,36.85133184,42.96369078,3BG
MLT-R04-FDT03-FAT24,36.85191745,42.95160351,3BG
MLT-R04-FDT03-FAT25,36.8523671,42.95143119,3BG
MLT-R04-FDT03-FAT26,36.85245116,42.95013389,3BG
MLT-R04-FDT03-FAT27,36.85319514,42.95017672,3BG
MLT-R04-FDT03-FAT28,36.85195425,42.94958108,3BG
MLT-R04-FDT03-FAT29,36.85187111,42.94840607,3BG
MLT-R04-FDT03-FAT30,36.85234376,42.94834044,3BG
MLT-R04-FDT03-FAT31,36.85137891,42.94767653,3BG
MLT-R04-FDT03-FAT32,36.85134665,42.94711484,3BG
MLT-R04-FDT03-FAT33,36.85059144,42.94645365,3BG
MLT-R04-FDT03-FAT34,36.85250066,42.94689232,3BG
MLT-R04-FDT03-FAT35,36.85178995,42.94694857,3BG
MLT-R04-FDT03-FAT36,36.85174908,42.94633674,3BG
MLT-R04-FDT03-FAT37,36.85087926,42.94566313,3BG
MLT-R04-FDT03-FAT38,36.85289142,42.95149533,3BG
MLT-R04-FDT03-FAT39,36.85384034,42.95138926,3BG
MLT-R04-FDT03-FAT40,36.85363419,42.94918083,3BG
MLT-R04-FDT03-FAT41,36.85316608,42.94947685,3BG
MLT-R04-FDT03-FAT42,36.85320748,42.94842941,3BG
MLT-R04-FDT03-FAT43,36.85253511,42.95203093,3BG
MLT-R04-FDT03-FAT44,36.85281119,42.95202901,3BG
MLT-R04-FDT03-FAT45,36.85307875,42.95198628,3BG
MLT-R04-FDT03-FAT46,36.8533586,42.95196656,3BG
MLT-R04-FDT03-FAT47,36.85352538,42.95197294,3BG
MLT-R04-FDT03-FAT48,36.85444275,42.95189696,3BG
MLT-R04-FDT03-FAT49,36.8560532,42.95141154,3BG
MLT-R04-FDT03-FAT50,36.86005488,42.95337109,3BG
MLT-R04-FDT03-FAT51,36.8604675,42.95319151,3BG
MLT-R04-FDT03-FAT52,36.8547636,42.95048361,3BG
MLT-R04-FDT03-FAT53,36.852872,42.95543656,3BG
MLT-R04-FDT03-FAT54,36.85529495,42.94866946,3BG
MLT-R04-FDT03-FAT55,36.85362709,42.9593694,3BG
MLT-R04-FDT03-FAT56,36.85129976,42.96355535,3BG
MLT-R04-FDT03-FAT57,36.85283181,42.9468894,3BG
MLT-R04-FDT03-FAT58,36.85370432,42.95094549,3BG
MLT-R04-FDT03-FAT59,36.85511824,42.95780748,3BG
MLT-R04-FDT03-FAT60,36.85511824,42.95780748,3BG
MLT-R04-FDT04-FAT01,36.84774856,42.9402727,3BG
MLT-R04-FDT04-FAT02,36.84743242,42.94095092,3BG
MLT-R04-FDT04-FAT03,36.84678361,42.94041546,3BG
MLT-R04-FDT04-FAT04,36.84614467,42.94032877,3BG
MLT-R04-FDT04-FAT05,36.84642996,42.94076953,3BG
MLT-R04-FDT04-FAT06,36.8465249,42.94128195,3BG
MLT-R04-FDT04-FAT07,36.8468331,42.9434878,3BG
MLT-R04-FDT04-FAT08,36.84640337,42.94348559,3BG
MLT-R04-FDT04-FAT09,36.84677329,42.94002065,3BG
MLT-R04-FDT04-FAT10,36.84678614,42.93879585,3BG
MLT-R04-FDT04-FAT11,36.84727023,42.93871684,3BG
MLT-R04-FDT04-FAT12,36.84726706,42.93778603,3BG
MLT-R04-FDT04-FAT13,36.84714139,42.93668838,3BG
MLT-R04-FDT04-FAT14,36.84703739,42.93666636,3BG
MLT-R04-FDT04-FAT15,36.84701582,42.93571692,3BG
MLT-R04-FDT04-FAT16,36.84626854,42.93870778,3BG
MLT-R04-FDT04-FAT17,36.84614916,42.93798415,3BG
MLT-R04-FDT04-FAT18,36.84621732,42.93714319,3BG
MLT-R04-FDT04-FAT19,36.84613513,42.93710234,3BG
MLT-R04-FDT04-FAT20,36.84600432,42.93596281,3BG
MLT-R04-FDT04-FAT21,36.84628175,42.94320688,3BG
MLT-R04-FDT04-FAT22,36.84622757,42.94187667,3BG
MLT-R04-FDT04-FAT23,36.84761664,42.9418789,3BG
MLT-R04-FDT05-FAT01,36.85491758,42.96165446,3BG
MLT-R04-FDT05-FAT02,36.85499241,42.9623643,3BG
MLT-R04-FDT05-FAT03,36.85446842,42.96309142,3BG
MLT-R04-FDT05-FAT04,36.85442004,42.96404269,3BG
MLT-R04-FDT05-FAT05,36.85491636,42.96424778,3BG
MLT-R04-FDT05-FAT06,36.85451229,42.96489572,3BG
MLT-R04-FDT05-FAT07,36.85442907,42.9655749,3BG
MLT-R04-FDT05-FAT08,36.85329891,42.96676383,3BG
MLT-R04-FDT05-FAT09,36.85295198,42.96627129,3BG
MLT-R04-FDT05-FAT10,36.85397988,42.96603042,3BG
MLT-R04-FDT05-FAT11,36.8534299,42.96550717,3BG
MLT-R04-FDT05-FAT12,36.8545264,42.96666108,3BG
MLT-R04-FDT05-FAT13,36.85473894,42.96734687,3BG
MLT-R04-FDT05-FAT14,36.85436007,42.96895802,3BG
MLT-R04-FDT05-FAT15,36.85402351,42.9684504,3BG
MLT-R04-FDT05-FAT16,36.85326189,42.96828589,3BG
MLT-R04-FDT05-FAT17,36.85417414,42.96782985,3BG
MLT-R04-FDT05-FAT18,36.85371708,42.96719597,3BG
MLT-R04-FDT05-FAT19,36.85516073,42.96792944,3BG
MLT-R04-FDT05-FAT20,36.85488433,42.96859162,3BG
MLT-R04-FDT05-FAT21,36.85493277,42.96922354,3BG
MLT-R04-FDT05-FAT22,36.85475112,42.9705238,3BG
MLT-R04-FDT05-FAT23,36.85566357,42.97094471,3BG
MLT-R04-FDT05-FAT24,36.8564781,42.9708387,3BG
MLT-R04-FDT05-FAT25,36.85621272,42.9717257,3BG
MLT-R04-FDT05-FAT26,36.85547957,42.96989942,3BG
MLT-R04-FDT05-FAT27,36.85596775,42.97034353,3BG
MLT-R04-FDT05-FAT28,36.85493605,42.96093385,3BG
MLT-R04-FDT05-FAT29,36.85469672,42.96050167,3BG
MLT-R04-FDT05-FAT30,36.85535391,42.96037416,3BG
MLT-R04-FDT05-FAT31,36.85426488,42.96104605,3BG
MLT-R04-FDT05-FAT32,36.85387086,42.96170276,3BG
MLT-R04-FDT05-FAT33,36.8540644,42.96248664,3BG
MLT-R04-FDT05-FAT34,36.85376225,42.96062717,3BG
MLT-R04-FDT05-FAT35,36.8533369,42.96106476,3BG
MLT-R04-FDT05-FAT36,36.85324459,42.96029081,3BG
MLT-R04-FDT05-FAT37,36.85277863,42.96130412,3BG
MLT-R04-FDT05-FAT38,36.85344451,42.96210743,3BG
MLT-R04-FDT05-FAT39,36.85296918,42.96269238,3BG
MLT-R04-FDT05-FAT40,36.85225146,42.96444134,3BG
MLT-R04-FDT05-FAT41,36.85268233,42.96487518,3BG
MLT-R04-FDT05-FAT42,36.85339579,42.96489107,3BG
MLT-R04-FDT05-FAT43,36.85246579,42.96616592,3BG
MLT-R04-FDT05-FAT44,36.85221764,42.96562916,3BG
MLT-R04-FDT05-FAT45,36.85200183,42.96619653,3BG
MLT-R04-FDT05-FAT46,36.85547788,42.96171693,3BG
MLT-R04-FDT05-FAT47,36.85573551,42.96294137,3BG
MLT-R04-FDT05-FAT48,36.85530674,42.9634748,3BG
MLT-R04-FDT05-FAT49,36.85588845,42.96431826,3BG
MLT-R04-FDT05-FAT50,36.85532367,42.96592888,3BG
MLT-R04-FDT05-FAT51,36.8556351,42.96659255,3BG
MLT-R04-FDT05-FAT52,36.8568107,42.96790384,3BG
MLT-R04-FDT05-FAT53,36.85618876,42.96741264,3BG
MLT-R04-FDT05-FAT54,36.85585526,42.96773186,3BG
MLT-R04-FDT05-FAT55,36.85637758,42.9682451,3BG
MLT-R04-FDT05-FAT56,36.85581686,42.96852027,3BG
MLT-R04-FDT05-FAT57,36.85472812,42.9598966,3BG
MLT-R04-FDT05-FAT58,36.85464225,42.9609873,3BG
MLT-R04-FDT05-FAT59,36.85382814,42.96135802,3BG
MLT-R04-FDT05-FAT60,36.85236259,42.96526715,3BG
MLT-R04-FDT05-FAT61,36.855572,42.96294489,3BG
MLT-R04-FDT05-FAT62,36.85410042,42.9672841,3BG
MLT-R04-FDT05-FAT63,36.85608598,42.96639253,3BG
MLT-R04-FDT06-FAT01,36.85327768,42.94149729,3BG
MLT-R04-FDT06-FAT02,36.85359296,42.94048947,3BG
MLT-R04-FDT06-FAT03,36.85460081,42.93980389,3BG
MLT-R04-FDT06-FAT04,36.85505917,42.93975855,3BG
MLT-R04-FDT06-FAT05,36.85533602,42.93973116,3BG
MLT-R04-FDT06-FAT06,36.8542182,42.94104393,3BG
MLT-R04-FDT06-FAT07,36.85387691,42.94179619,3BG
MLT-R04-FDT06-FAT08,36.85428609,42.94219353,3BG
MLT-R04-FDT06-FAT09,36.85474955,42.9405205,3BG
MLT-R04-FDT06-FAT10,36.85511162,42.94037906,3BG
MLT-R04-FDT06-FAT11,36.8554773,42.94023072,3BG
MLT-R04-FDT06-FAT12,36.85488938,42.94288267,3BG
MLT-R04-FDT06-FAT13,36.85473472,42.94194045,3BG
MLT-R04-FDT06-FAT14,36.85531191,42.94213539,3BG
MLT-R04-FDT06-FAT15,36.85551453,42.94211743,3BG
MLT-R04-FDT06-FAT16,36.8516911,42.94244915,3BG
MLT-R04-FDT06-FAT17,36.85237423,42.9430691,3BG
MLT-R04-FDT06-FAT18,36.85285733,42.9438011,3BG
MLT-R04-FDT06-FAT19,36.85270503,42.94441406,3BG
MLT-R04-FDT06-FAT20,36.85304476,42.94513178,3BG
MLT-R04-FDT06-FAT21,36.85306885,42.94570216,3BG
MLT-R04-FDT06-FAT22,36.85324508,42.9431451,3BG
MLT-R04-FDT06-FAT23,36.85365553,42.94432696,3BG
MLT-R04-FDT06-FAT24,36.85419406,42.94548064,3BG
MLT-R04-FDT06-FAT25,36.85377514,42.94327471,3BG
MLT-R04-FDT06-FAT26,36.85410454,42.94371304,3BG
MLT-R04-FDT06-FAT27,36.85484349,42.94368302,3BG
MLT-R04-FDT06-FAT28,36.85448778,42.94459843,3BG
MLT-R04-FDT06-FAT29,36.85167234,42.94202653,3BG
MLT-R04-FDT06-FAT30,36.85026939,42.94143748,3BG
MLT-R04-FDT06-FAT31,36.8505631,42.94374463,3BG
MLT-R04-FDT06-FAT32,36.85130528,42.9452133,3BG
MLT-R04-FDT06-FAT33,36.85183553,42.94491452,3BG
MLT-R04-FDT06-FAT34,36.85214294,42.94088067,3BG
MLT-R04-FDT06-FAT35,36.85164435,42.94072468,3BG
MLT-R04-FDT06-FAT36,36.85121894,42.94075136,3BG
MLT-R04-FDT06-FAT37,36.85077271,42.94139735,3BG
MLT-R04-FDT06-FAT38,36.85261466,42.94068504,3BG
MLT-R04-FDT06-FAT39,36.85615513,42.94089291,3BG
MLT-R04-FDT06-FAT40,36.85581408,42.9410741,3BG
MLT-R04-FDT06-FAT41,36.85581466,42.94110762,3BG
MLT-R04-FDT06-FAT42,36.85581241,42.94114289,3BG
MLT-R04-FDT06-FAT43,36.85578634,42.9415392,3BG
MLT-R04-FDT06-FAT44,36.85119244,42.94207201,3BG
MLT-R04-FDT06-FAT45,36.85430403,42.94117319,3BG
MLT-R04-FDT06-FAT46,36.85425861,42.94177583,3BG
MLT-R04-FDT06-FAT47,36.85233077,42.94245084,3BG
MLT-R04-FDT06-FAT48,36.85369548,42.9450923,3BG
MLT-R04-FDT06-FAT49,36.85581797,42.94102398,3BG
MLT-R04-FDT06-FAT50,36.84938997,42.94025104,3BG
MLT-R04-FDT06-FAT51,36.84979061,42.94365302,3BG
MLT-R04-FDT07-FAT01,36.85239191,42.93923094,3BG
MLT-R04-FDT07-FAT02,36.85295146,42.93964872,3BG
MLT-R04-FDT07-FAT03,36.85339434,42.93961174,3BG
MLT-R04-FDT07-FAT04,36.85358606,42.93959477,3BG
MLT-R04-FDT07-FAT05,36.85394947,42.93956261,3BG
MLT-R04-FDT07-FAT06,36.85412803,42.93954681,3BG
MLT-R04-FDT07-FAT07,36.85477467,42.93948957,3BG
MLT-R04-FDT07-FAT08,36.85471045,42.93864851,3BG
MLT-R04-FDT07-FAT09,36.8528761,42.93865384,3BG
MLT-R04-FDT07-FAT10,36.85293444,42.9380769,3BG
MLT-R04-FDT07-FAT11,36.85333692,42.93857797,3BG
MLT-R04-FDT07-FAT12,36.85376114,42.93796764,3BG
MLT-R04-FDT07-FAT13,36.85391972,42.93910675,3BG
MLT-R04-FDT07-FAT14,36.8541857,42.93796194,3BG
MLT-R04-FDT07-FAT15,36.85257705,42.93999248,3BG
MLT-R04-FDT07-FAT16,36.85318069,42.93993147,3BG
MLT-R04-FDT07-FAT17,36.85348466,42.93990242,3BG
MLT-R04-FDT07-FAT18,36.85372298,42.93987965,3BG
MLT-R04-FDT07-FAT19,36.8539249,42.93986036,3BG
MLT-R04-FDT07-FAT20,36.85219839,42.94003135,3BG
MLT-R04-FDT07-FAT21,36.85172941,42.940079,3BG
MLT-R04-FDT07-FAT22,36.85127417,42.94012525,3BG
MLT-R04-FDT07-FAT23,36.85195592,42.93973354,3BG
MLT-R04-FDT07-FAT24,36.85140956,42.93978654,3BG
MLT-R04-FDT07-FAT25,36.85115335,42.93981173,3BG
MLT-R04-FDT07-FAT26,36.8508732,42.93983902,3BG
MLT-R04-FDT07-FAT27,36.85068869,42.939857,3BG
MLT-R04-FDT07-FAT28,36.85051554,42.93987387,3BG
MLT-R04-FDT07-FAT29,36.85027675,42.9394499,3BG
MLT-R04-FDT07-FAT30,36.85066386,42.93941305,3BG
MLT-R04-FDT07-FAT31,36.85192689,42.93929253,3BG
MLT-R04-FDT07-FAT32,36.85171739,42.93860301,3BG
MLT-R04-FDT07-FAT33,36.85093527,42.93810356,3BG
MLT-R04-FDT07-FAT34,36.85095679,42.9374172,3BG
MLT-R04-FDT07-FAT35,36.85060569,42.93756722,3BG
MLT-R04-FDT07-FAT36,36.851611,42.93750523,3BG
MLT-R04-FDT07-FAT37,36.85203396,42.93811499,3BG
MLT-R04-FDT07-FAT38,36.85234972,42.93751873,3BG
MLT-R04-FDT07-FAT39,36.8531725,42.93746764,3BG
MLT-R04-FDT07-FAT40,36.85428161,42.93795451,3BG
MLT-R04-FDT07-FAT41,36.85370484,42.93711596,3BG
MLT-R04-FDT07-FAT42,36.85148991,42.94031562,3BG
MLT-R04-FDT08-FAT01,36.86098421,42.9533135,Fiber Speed (Duhok)
MLT-R04-FDT08-FAT02,36.86092355,42.95229962,Fiber Speed (Duhok)
MLT-R04-FDT08-FAT03,36.86103975,42.95057854,Fiber Speed (Duhok)
MLT-R04-FDT08-FAT04,36.86213052,42.94889635,Fiber Speed (Duhok)
MLT-R04-FDT08-FAT05,36.86325455,42.94912638,Fiber Speed (Duhok)
MLT-R04-FDT08-FAT06,36.86353477,42.94967147,Fiber Speed (Duhok)
MLT-R04-FDT08-FAT07,36.86124709,42.94817438,Fiber Speed (Duhok)
MLT-R04-FDT08-FAT08,36.86159555,42.94922325,Fiber Speed (Duhok)
MLT-R04-FDT08-FAT09,36.86182695,42.94826806,Fiber Speed (Duhok)
MLT-R04-FDT08-FAT10,36.86028373,42.94908526,Fiber Speed (Duhok)
MLT-R04-FDT08-FAT11,36.85879137,42.94895373,Fiber Speed (Duhok)
MLT-R04-FDT08-FAT12,36.85877383,42.94914212,Fiber Speed (Duhok)
MLT-R04-FDT08-FAT13,36.85865643,42.94978896,Fiber Speed (Duhok)
MLT-R04-FDT08-FAT14,36.8586489,42.949984,Fiber Speed (Duhok)
MLT-R04-FDT08-FAT15,36.85843896,42.94909757,Fiber Speed (Duhok)
MLT-R04-FDT08-FAT16,36.85835523,42.94906855,Fiber Speed (Duhok)
MLT-R04-FDT08-FAT17,36.85831118,42.9497396,Fiber Speed (Duhok)
MLT-R04-FDT08-FAT18,36.85826603,42.94973266,Fiber Speed (Duhok)
MLT-R04-FDT08-FAT19,36.85799468,42.94918703,Fiber Speed (Duhok)
MLT-R04-FDT08-FAT20,36.85794938,42.94917017,Fiber Speed (Duhok)
MLT-R04-FDT08-FAT21,36.85791372,42.9496302,Fiber Speed (Duhok)
MLT-R04-FDT08-FAT22,36.85788362,42.94962199,Fiber Speed (Duhok)
MLT-R04-FDT08-FAT23,unavailable,,Fiber Speed (Duhok)
MLT-R04-FDT08-FAT24,unavailable,,Fiber Speed (Duhok)
MLT-R04-FDT08-FAT25,36.86248795,42.95493697,Fiber Speed (Duhok)
MLT-R04-FDT08-FAT26,36.86365912,42.95479953,Fiber Speed (Duhok)
MLT-R04-FDT08-FAT27,36.86334099,42.95417765,Fiber Speed (Duhok)
MLT-R04-FDT08-FAT28,36.86416457,42.95412205,Fiber Speed (Duhok)
MLT-R04-FDT08-FAT29,36.86463708,42.95435808,Fiber Speed (Duhok)
MLT-R04-FDT08-FAT30,36.86466489,42.95362932,Fiber Speed (Duhok)
MLT-R04-FDT08-FAT31,36.86551581,42.9541108,Fiber Speed (Duhok)
MLT-R04-FDT08-FAT32,36.86298315,42.95594576,Fiber Speed (Duhok)
MLT-R04-FDT08-FAT33,36.86296444,42.9553089,Fiber Speed (Duhok)
MLT-R04-FDT08-FAT34,36.8632641,42.95592184,Fiber Speed (Duhok)
MLT-R04-FDT08-FAT35,36.86381306,42.95587511,Fiber Speed (Duhok)
MLT-R04-FDT08-FAT36,36.86407542,42.95585277,Fiber Speed (Duhok)
MLT-R04-FDT08-FAT37,36.86422607,42.95532735,Fiber Speed (Duhok)
MLT-R04-FDT08-FAT38,36.86468307,42.95534974,Fiber Speed (Duhok)
MLT-R04-FDT08-FAT39,36.86557804,42.95511864,Fiber Speed (Duhok)
MLT-R04-FDT08-FAT40,36.86517831,42.95467877,Fiber Speed (Duhok)
MLT-R04-FDT08-FAT41,36.8651549,42.95576293,Fiber Speed (Duhok)
MLT-R04-FDT08-FAT42,36.86612258,42.9552681,Fiber Speed (Duhok)
MLT-R04-FDT08-FAT43,36.85760589,42.95639578,Fiber Speed (Duhok)
MLT-R04-FDT08-FAT44,36.85861798,42.9555773,Fiber Speed (Duhok)
MLT-R04-FDT08-FAT45,36.85852218,42.95599927,Fiber Speed (Duhok)
MLT-R04-FDT08-FAT46,36.85873193,42.95478606,Fiber Speed (Duhok)
MLT-R04-FDT08-FAT47,36.86118066,42.94894203,Fiber Speed (Duhok)
MLT-R04-FDT08-FAT48,36.86007794,42.95544514,Fiber Speed (Duhok)
MLT-R04-FDT08-FAT49,36.86331292,42.94870094,Fiber Speed (Duhok)
MLT-R04-FDT08-FAT50,36.86569402,42.95396109,Fiber Speed (Duhok)
MLT-R04-FDT08-FAT51,36.86310545,42.95475711,Fiber Speed (Duhok)
MLT-R04-FDT08-FAT52,36.86468675,42.95415956,Fiber Speed (Duhok)
MLT-R04-FDT08-FAT53,36.86226266,42.94774767,Fiber Speed (Duhok)
MLT-R04-FDT08-FAT54,36.85664161,42.95641127,Fiber Speed (Duhok)
MLT-R04-FDT09-FAT01,36.85813447,42.94737797,O3 Areas Duhok
MLT-R04-FDT09-FAT02,36.8581433,42.94740587,O3 Areas Duhok
MLT-R04-FDT09-FAT03,36.85811262,42.94738611,O3 Areas Duhok
MLT-R04-FDT09-FAT04,36.85811982,42.94741538,O3 Areas Duhok
MLT-R04-FDT09-FAT05,36.85787204,42.94707672,O3 Areas Duhok
MLT-R04-FDT09-FAT06,36.85788044,42.94710626,O3 Areas Duhok
MLT-R04-FDT09-FAT07,36.85784976,42.9470865,O3 Areas Duhok
MLT-R04-FDT09-FAT08,36.85785696,42.94711578,O3 Areas Duhok
MLT-R04-FDT09-FAT09,36.85779943,42.94748639,O3 Areas Duhok
MLT-R04-FDT09-FAT10,36.85780782,42.94751593,O3 Areas Duhok
MLT-R04-FDT09-FAT11,36.85777715,42.94749618,O3 Areas Duhok
MLT-R04-FDT09-FAT12,36.85778435,42.94752545,O3 Areas Duhok
MLT-R04-FDT09-FAT13,36.85823112,42.94651066,O3 Areas Duhok
MLT-R04-FDT09-FAT14,36.85823951,42.94654019,O3 Areas Duhok
MLT-R04-FDT09-FAT15,36.85820884,42.94652044,O3 Areas Duhok
MLT-R04-FDT09-FAT16,36.85821604,42.94654971,O3 Areas Duhok
MLT-R04-FDT09-FAT17,36.85796826,42.94621105,O3 Areas Duhok
MLT-R04-FDT09-FAT18,36.85797665,42.94624059,O3 Areas Duhok
MLT-R04-FDT09-FAT19,36.85794598,42.94622084,O3 Areas Duhok
MLT-R04-FDT09-FAT20,36.85795318,42.94625011,O3 Areas Duhok
MLT-R04-FDT09-FAT21,36.85789564,42.94662072,O3 Areas Duhok
MLT-R04-FDT09-FAT22,36.85790404,42.94665026,O3 Areas Duhok
MLT-R04-FDT09-FAT23,36.85787336,42.94663051,O3 Areas Duhok
MLT-R04-FDT09-FAT24,36.85788056,42.94665978,O3 Areas Duhok
MLT-R04-FDT09-FAT25,36.85834404,42.94565707,O3 Areas Duhok
MLT-R04-FDT09-FAT26,36.85835244,42.94568661,O3 Areas Duhok
MLT-R04-FDT09-FAT27,36.85832176,42.94566685,O3 Areas Duhok
MLT-R04-FDT09-FAT28,36.85832896,42.94569612,O3 Areas Duhok
MLT-R04-FDT09-FAT29,36.85800857,42.94576714,O3 Areas Duhok
MLT-R04-FDT09-FAT30,36.85801696,42.94579668,O3 Areas Duhok
MLT-R04-FDT09-FAT31,36.85798629,42.94577693,O3 Areas Duhok
MLT-R04-FDT09-FAT32,36.85799349,42.9458062,O3 Areas Duhok
MLT-R04-FDT09-FAT33,36.85808118,42.94535746,O3 Areas Duhok
MLT-R04-FDT09-FAT34,36.85808958,42.945387,O3 Areas Duhok
MLT-R04-FDT09-FAT35,36.8580589,42.94536725,O3 Areas Duhok
MLT-R04-FDT09-FAT36,36.8580661,42.94539652,O3 Areas Duhok
MLT-R04-FDT09-FAT37,36.85733217,42.94691484,O3 Areas Duhok
MLT-R04-FDT09-FAT38,36.85734056,42.94694438,O3 Areas Duhok
MLT-R04-FDT09-FAT39,36.85730989,42.94692462,O3 Areas Duhok
MLT-R04-FDT09-FAT40,36.85731709,42.94695389,O3 Areas Duhok
MLT-R04-FDT09-FAT41,36.85729609,42.94737631,O3 Areas Duhok
MLT-R04-FDT09-FAT42,36.85730448,42.94740585,O3 Areas Duhok
MLT-R04-FDT09-FAT43,36.85727381,42.94738609,O3 Areas Duhok
MLT-R04-FDT09-FAT44,36.85728101,42.94741536,O3 Areas Duhok
MLT-R04-FDT09-FAT45,36.85761617,42.94513535,O3 Areas Duhok
MLT-R04-FDT09-FAT46,36.85762456,42.94516489,O3 Areas Duhok
MLT-R04-FDT09-FAT47,36.85759389,42.94514514,O3 Areas Duhok
MLT-R04-FDT09-FAT48,36.85760109,42.94517441,O3 Areas Duhok
MLT-R04-FDT09-FAT49,36.85734396,42.94536392,O3 Areas Duhok
MLT-R04-FDT09-FAT50,36.85735236,42.94539346,O3 Areas Duhok
MLT-R04-FDT09-FAT51,36.85732169,42.94537371,O3 Areas Duhok
MLT-R04-FDT09-FAT52,36.85732889,42.94540298,O3 Areas Duhok
MLT-R04-FDT10-FAT01,36.85681351,42.94645012,O3 Areas Duhok
MLT-R04-FDT10-FAT02,36.8568219,42.94647965,O3 Areas Duhok
MLT-R04-FDT10-FAT03,36.85679123,42.9464599,O3 Areas Duhok
MLT-R04-FDT10-FAT04,36.85679843,42.94648917,O3 Areas Duhok
MLT-R04-FDT10-FAT05,36.8568162,42.94689431,O3 Areas Duhok
MLT-R04-FDT10-FAT06,36.85682459,42.94692385,O3 Areas Duhok
MLT-R04-FDT10-FAT07,36.85679392,42.94690409,O3 Areas Duhok
MLT-R04-FDT10-FAT08,36.85680112,42.94693336,O3 Areas Duhok
MLT-R04-FDT10-FAT09,36.85653999,42.94665331,O3 Areas Duhok
MLT-R04-FDT10-FAT10,36.85654838,42.94668285,O3 Areas Duhok
MLT-R04-FDT10-FAT11,36.85651771,42.9466631,O3 Areas Duhok
MLT-R04-FDT10-FAT12,36.85652491,42.94669237,O3 Areas Duhok
MLT-R04-FDT10-FAT13,36.85626141,42.94668383,O3 Areas Duhok
MLT-R04-FDT10-FAT14,36.85626981,42.94671337,O3 Areas Duhok
MLT-R04-FDT10-FAT15,36.85623913,42.94669362,O3 Areas Duhok
MLT-R04-FDT10-FAT16,36.85624633,42.94672289,O3 Areas Duhok
MLT-R04-FDT10-FAT17,36.85597641,42.94689771,O3 Areas Duhok
MLT-R04-FDT10-FAT18,36.85598481,42.94692725,O3 Areas Duhok
MLT-R04-FDT10-FAT19,36.85595413,42.9469075,O3 Areas Duhok
MLT-R04-FDT10-FAT20,36.85596133,42.94693677,O3 Areas Duhok
MLT-R04-FDT10-FAT21,36.8559785,42.94645499,O3 Areas Duhok
MLT-R04-FDT10-FAT22,36.85598689,42.94648453,O3 Areas Duhok
MLT-R04-FDT10-FAT23,36.85595622,42.94646478,O3 Areas Duhok
MLT-R04-FDT10-FAT24,36.85596342,42.94649405,O3 Areas Duhok
MLT-R04-FDT10-FAT25,36.85685649,42.94543717,O3 Areas Duhok
MLT-R04-FDT10-FAT26,36.85686489,42.94546671,O3 Areas Duhok
MLT-R04-FDT10-FAT27,36.85683421,42.94544696,O3 Areas Duhok
MLT-R04-FDT10-FAT28,36.85684141,42.94547623,O3 Areas Duhok
MLT-R04-FDT10-FAT29,36.8568474,42.94591102,O3 Areas Duhok
MLT-R04-FDT10-FAT30,36.8568558,42.94594056,O3 Areas Duhok
MLT-R04-FDT10-FAT31,36.85682512,42.94592081,O3 Areas Duhok
MLT-R04-FDT10-FAT32,36.85683232,42.94595008,O3 Areas Duhok
MLT-R04-FDT10-FAT33,36.85656089,42.94563453,O3 Areas Duhok
MLT-R04-FDT10-FAT34,36.85656928,42.94566407,O3 Areas Duhok
MLT-R04-FDT10-FAT35,36.85653861,42.94564431,O3 Areas Duhok
MLT-R04-FDT10-FAT36,36.85654581,42.94567358,O3 Areas Duhok
MLT-R04-FDT10-FAT37,36.85600176,42.94538025,O3 Areas Duhok
MLT-R04-FDT10-FAT38,36.85601015,42.94540979,O3 Areas Duhok
MLT-R04-FDT10-FAT39,36.85597948,42.94539003,O3 Areas Duhok
MLT-R04-FDT10-FAT40,36.85598668,42.94541931,O3 Areas Duhok
MLT-R04-FDT10-FAT41,36.85628467,42.94560909,O3 Areas Duhok
MLT-R04-FDT10-FAT42,36.85629307,42.94563862,O3 Areas Duhok
MLT-R04-FDT10-FAT43,36.85626239,42.94561887,O3 Areas Duhok
MLT-R04-FDT10-FAT44,36.85626959,42.94564814,O3 Areas Duhok
MLT-R04-FDT10-FAT45,36.85600503,42.94581041,O3 Areas Duhok
MLT-R04-FDT10-FAT46,36.85601342,42.94583994,O3 Areas Duhok
MLT-R04-FDT10-FAT47,36.85598275,42.94582019,O3 Areas Duhok
MLT-R04-FDT10-FAT48,36.85598995,42.94584946,O3 Areas Duhok
MLT-R04-FDT10-FAT49,36.85752342,42.94604263,O3 Areas Duhok
MLT-R04-FDT11-FAT01,36.85065953,42.95990807,3BG
MLT-R04-FDT11-FAT02,36.85061116,42.96006884,3BG
MLT-R04-FDT11-FAT03,36.85057646,42.96019566,3BG
MLT-R04-FDT11-FAT04,36.85054735,42.9603016,3BG
MLT-R04-FDT11-FAT05,36.85053812,42.95985473,3BG
MLT-R04-FDT11-FAT06,36.8505019,42.96001678,3BG
MLT-R04-FDT11-FAT07,36.85047185,42.96015023,3BG
MLT-R04-FDT11-FAT08,36.85044164,42.96027421,3BG
MLT-R04-FDT11-FAT09,36.85043276,42.95981252,3BG
MLT-R04-FDT11-FAT10,36.85039108,42.95998893,3BG
MLT-R04-FDT11-FAT11,36.85036842,42.96010916,3BG
MLT-R04-FDT11-FAT12,36.8503295,42.96022508,3BG
MLT-R04-FDT11-FAT13,36.85029702,42.95977349,3BG
MLT-R04-FDT11-FAT14,36.85025611,42.95993922,3BG
MLT-R04-FDT11-FAT15,36.85023154,42.96005949,3BG
MLT-R04-FDT11-FAT16,36.8501922,42.96015056,3BG
MLT-R04-FDT11-FAT17,36.8503996,42.9606291,3BG
MLT-R04-FDT11-FAT18,36.85035123,42.96078986,3BG
MLT-R04-FDT11-FAT19,36.85031653,42.96091669,3BG
MLT-R04-FDT11-FAT20,36.85028742,42.96102263,3BG
MLT-R04-FDT11-FAT21,36.85027819,42.96057576,3BG
MLT-R04-FDT11-FAT22,36.85024197,42.9607378,3BG
MLT-R04-FDT11-FAT23,36.85021192,42.96087125,3BG
MLT-R04-FDT11-FAT24,36.85018171,42.96099523,3BG
MLT-R04-FDT11-FAT25,36.85017284,42.96053355,3BG
MLT-R04-FDT11-FAT26,36.85013116,42.96070995,3BG
MLT-R04-FDT11-FAT27,36.85010849,42.96083018,3BG
MLT-R04-FDT11-FAT28,36.85006957,42.9609461,3BG
MLT-R04-FDT11-FAT29,36.85003709,42.96049452,3BG
MLT-R04-FDT11-FAT30,36.84999618,42.96066024,3BG
MLT-R04-FDT11-FAT31,36.84997161,42.96078052,3BG
MLT-R04-FDT11-FAT32,36.85016351,42.95992742,3BG
MSK-R01-FDT01-FAT01,36.86378916,42.81560045,Waarpak
MSK-R01-FDT01-FAT02,36.86436044,42.81602378,Waarpak
MSK-R01-FDT01-FAT03,36.86488478,42.81374423,Waarpak
MSK-R01-FDT01-FAT04,36.86489938,42.81625486,Waarpak
MSK-R01-FDT01-FAT05,36.86512162,42.81612627,Waarpak
MSK-R01-FDT01-FAT06,36.86597514,42.81647455,Waarpak
MSK-R01-FDT01-FAT07,36.86678706,42.81519863,Waarpak
MSK-R01-FDT01-FAT08,36.86870026,42.81476323,Waarpak
MSK-R01-FDT01-FAT09,36.86994992,42.81506545,Waarpak
MSK-R01-FDT01-FAT10,36.86663685,42.81693533,Waarpak
MSK-R01-FDT01-FAT11,36.86746973,42.81728277,Waarpak
MSK-R01-FDT01-FAT12,36.86861759,42.81717951,Waarpak
MSK-R01-FDT01-FAT13,36.86972252,42.81731541,Waarpak
MSK-R01-FDT01-FAT14,36.87113011,42.81782947,Waarpak
MSK-R01-FDT01-FAT15,36.86270596,42.8151376,Waarpak
MSK-R01-FDT01-FAT16,36.86248483,42.81253155,Waarpak
MSK-R01-FDT01-FAT17,36.86331922,42.81159701,Waarpak
MSK-R01-FDT01-FAT18,36.86334067,42.81019712,Waarpak
MSK-R01-FDT01-FAT19,36.86400653,42.81038413,Waarpak
MSK-R01-FDT01-FAT20,36.86463995,42.80999123,Waarpak
MSK-R01-FDT01-FAT21,36.86667221,42.8100634,Waarpak
MSK-R01-FDT01-FAT22,36.86603397,42.80551993,Waarpak
MSK-R01-FDT01-FAT23,36.86717765,42.80596389,Waarpak
MSK-R01-FDT01-FAT24,36.86738667,42.80512537,Waarpak
MSK-R01-FDT01-FAT25,36.86894541,42.80492575,Waarpak
MSK-R01-FDT01-FAT26,36.86348035,42.81449635,Waarpak
MSK-R01-FDT01-FAT27,36.86409253,42.81238127,Waarpak
MSK-R01-FDT01-FAT28,36.8650672,42.8126378,Waarpak
MSK-R01-FDT01-FAT29,36.86578505,42.81173581,Waarpak
MSK-R01-FDT01-FAT30,36.86764067,42.81207112,Waarpak
MSK-R01-FDT01-FAT31,36.86938102,42.81133767,Waarpak
MSK-R01-FDT01-FAT32,36.86948515,42.81330054,Waarpak
MSK-R01-FDT01-FAT33,36.86378916,42.81560045,Waarpak
MSK-R01-FDT01-FAT34,36.86489938,42.81625486,Waarpak
MSK-R01-FDT01-FAT35,36.86597514,42.81647455,Waarpak
MSK-R01-FDT01-FAT36,36.86994992,42.81506545,Waarpak
MSK-R01-FDT01-FAT37,36.86711628,42.81691772,Waarpak
MSK-R01-FDT01-FAT38,36.86911934,42.81723691,Waarpak
MSK-R01-FDT01-FAT39,36.86414397,42.80974237,Waarpak
MSK-R01-FDT01-FAT40,36.86677764,42.80527385,Waarpak
MSK-R01-FDT01-FAT41,36.8681903,42.80514849,Waarpak
MSK-R01-FDT01-FAT42,36.86288809,42.81462605,Waarpak
MSK-R01-FDT01-FAT43,36.86522101,42.81181411,Waarpak
MSK-R01-FDT01-FAT44,36.86764067,42.81207112,Waarpak
MSK-R01-FDT01-FAT45,36.86937155,42.81232818,Waarpak
MSK-R01-FDT01-FAT46,36.8631363,42.81221854,Waarpak
MSK-R01-FDT01-FAT47,36.87110026,42.8150353,Waarpak
MSK-R01-FDT01-FAT48,36.86764034,42.81551078,Waarpak
MSK-R01-FDT01-FAT49,36.86804306,42.81844889,Waarpak
MSK-R01-FDT01-FAT50,36.87024323,42.81861749,Waarpak
MSK-R01-FDT02-FAT01,36.86217889,42.81293918,Waarpak
MSK-R01-FDT02-FAT02,36.86067457,42.81230426,Waarpak
MSK-R01-FDT02-FAT03,36.85931527,42.81204386,Waarpak
MSK-R01-FDT02-FAT04,36.85904899,42.81304387,Waarpak
MSK-R01-FDT02-FAT05,36.85798025,42.81217987,Waarpak
MSK-R01-FDT02-FAT06,36.85663277,42.81124457,Waarpak
MSK-R01-FDT02-FAT07,36.85948759,42.81100305,Waarpak
MSK-R01-FDT02-FAT08,36.85833551,42.81085661,Waarpak
MSK-R01-FDT02-FAT09,36.85821974,42.80979945,Waarpak
MSK-R01-FDT02-FAT10,36.85688531,42.80782813,Waarpak
MSK-R01-FDT02-FAT11,36.85544159,42.80688337,Waarpak
MSK-R01-FDT02-FAT12,36.86200825,42.81175399,Waarpak
MSK-R01-FDT02-FAT13,36.86203483,42.8105813,Waarpak
MSK-R01-FDT02-FAT14,36.86134794,42.80911728,Waarpak
MSK-R01-FDT02-FAT15,36.86058276,42.80719609,Waarpak
MSK-R01-FDT02-FAT16,36.86087853,42.8105368,Waarpak
MSK-R01-FDT02-FAT17,36.86046159,42.80856691,Waarpak
MSK-R01-FDT02-FAT18,36.85968118,42.8071859,Waarpak
MSK-R01-FDT02-FAT19,36.85894132,42.80699139,Waarpak
MSK-R01-FDT02-FAT20,36.86183489,42.81469708,Waarpak
MSK-R01-FDT02-FAT21,36.85909001,42.82054483,Waarpak
MSK-R01-FDT02-FAT22,36.86052151,42.815813,Waarpak
MSK-R01-FDT02-FAT23,36.86175669,42.81672126,Waarpak
MSK-R01-FDT02-FAT24,36.8624721,42.81651508,Waarpak
MSK-R01-FDT02-FAT25,36.86304246,42.81768503,Waarpak
MSK-R01-FDT02-FAT26,36.86144205,42.81326012,Waarpak
MSK-R01-FDT02-FAT27,36.85965183,42.8144588,Waarpak
MSK-R01-FDT02-FAT28,36.85843268,42.81501283,Waarpak
MSK-R01-FDT02-FAT29,36.8579564,42.81405363,Waarpak
MSK-R01-FDT02-FAT30,36.85717465,42.81381343,Waarpak
MSK-R01-FDT02-FAT31,36.85639584,42.81274572,Waarpak
MSK-R01-FDT02-FAT32,36.85558464,42.81224731,Waarpak
MSK-R01-FDT02-FAT33,36.8624847,42.82052647,Waarpak
MSK-R01-FDT02-FAT34,36.8634868,42.82168132,Waarpak
MSK-R01-FDT02-FAT35,36.86522685,42.82390509,Waarpak
MSK-R01-FDT02-FAT36,36.86552819,42.82104012,Waarpak
MSK-R01-FDT02-FAT37,36.8663464,42.8226751,Waarpak
MSK-R01-FDT02-FAT38,36.86711945,42.82388209,Waarpak
MSK-R01-FDT02-FAT39,36.87001286,42.82215201,Waarpak
MSK-R01-FDT02-FAT40,36.85924144,42.81255665,Waarpak
MSK-R01-FDT02-FAT41,36.85655057,42.81185189,Waarpak
MSK-R01-FDT02-FAT42,36.8580113,42.81032931,Waarpak
MSK-R01-FDT02-FAT43,36.85688531,42.80782813,Waarpak
MSK-R01-FDT02-FAT44,36.86134337,42.81044819,Waarpak
MSK-R01-FDT02-FAT45,36.86058276,42.80719609,Waarpak
MSK-R01-FDT02-FAT46,36.85933213,42.80699976,Waarpak
MSK-R01-FDT02-FAT47,36.85909001,42.82054483,Waarpak
MSK-R01-FDT02-FAT48,36.86175669,42.81672126,Waarpak
MSK-R01-FDT02-FAT49,36.85965183,42.8144588,Waarpak
MSK-R01-FDT02-FAT50,36.85638,42.81359353,Waarpak
MSK-R01-FDT02-FAT51,36.86285502,42.8217831,Waarpak
MSK-R01-FDT02-FAT52,36.8576448,42.81095132,Waarpak
MSK-R01-FDT02-FAT53,36.86007002,42.82077952,Waarpak
MSK-R01-FDT02-FAT54,36.86617043,42.8241731,Waarpak
MSK-R01-FDT02-FAT55,36.86595959,42.82076068,Waarpak
MSK-R01-FDT02-FAT56,36.86824637,42.82228295,Waarpak
MSK-R01-FDT02-FAT57,36.87117771,42.82155517,Waarpak
MSK-R01-FDT02-FAT58,36.8558478,42.81092958,Waarpak
MSK-R01-FDT02-FAT59,36.85840168,42.81326276,Waarpak
MSK-R01-FDT02-FAT60,36.86194131,42.80850825,Waarpak
MSK-R01-FDT02-FAT61,36.86000458,42.80868541,Waarpak
MSK-R01-FDT02-FAT62,36.85788226,42.81158538,Waarpak
MSK-R01-FDT02-FAT63,36.85684527,42.81046951,Waarpak
MSK-R01-FDT02-FAT64,36.85882848,42.80945638,Waarpak
MSK-R01-FDT02-FAT65,36.85565646,42.80821103,Waarpak
MSK-R01-FDT02-FAT66,36.85628407,42.80916852,Waarpak
MSK-R01-FDT02-FAT67,36.85791333,42.81478993,Waarpak
MSK-R01-FDT02-FAT68,36.85747313,42.81518547,Waarpak
MSK-R01-FDT02-FAT69,36.85818083,42.81961742,Waarpak
MSK-R01-FDT03-FAT01,36.86248318,42.80181312,Waarpak
MSK-R01-FDT03-FAT02,36.86221697,42.80018715,Waarpak
MSK-R01-FDT03-FAT03,36.86261841,42.79832463,Waarpak
MSK-R01-FDT03-FAT04,36.86403744,42.79898065,Waarpak
MSK-R01-FDT03-FAT05,36.86135312,42.79895319,Waarpak
MSK-R01-FDT03-FAT06,36.86145082,42.79738543,Waarpak
MSK-R01-FDT03-FAT07,36.8627426,42.79648597,Waarpak
MSK-R01-FDT03-FAT08,36.86056837,42.79564527,Waarpak
MSK-R01-FDT03-FAT09,36.86065589,42.79615912,Waarpak
MSK-R01-FDT03-FAT10,36.85915455,42.79494712,Waarpak
MSK-R01-FDT03-FAT11,36.85809349,42.7940141,Waarpak
MSK-R01-FDT03-FAT12,36.85777582,42.79146018,Waarpak
MSK-R01-FDT03-FAT13,36.85692557,42.78979215,Waarpak
MSK-R01-FDT03-FAT14,36.85606516,42.79092368,Waarpak
MSK-R01-FDT03-FAT15,36.85516752,42.78934509,Waarpak
MSK-R01-FDT03-FAT16,36.85615363,42.78745021,Waarpak
MSK-R01-FDT03-FAT17,36.86301837,42.80331314,Waarpak
MSK-R01-FDT03-FAT18,36.86348706,42.80439748,Waarpak
MSK-R01-FDT03-FAT19,36.86471637,42.80357264,Waarpak
MSK-R01-FDT03-FAT20,36.8645373,42.80101171,Waarpak
MSK-R01-FDT03-FAT21,36.86567497,42.80005929,Waarpak
MSK-R01-FDT03-FAT22,36.86491681,42.80457871,Waarpak
MSK-R01-FDT03-FAT23,36.86738284,42.80192639,Waarpak
MSK-R01-FDT03-FAT24,36.86744005,42.79939819,Waarpak
MSK-R01-FDT03-FAT25,36.86187276,42.80236567,Waarpak
MSK-R01-FDT03-FAT26,36.85991679,42.8034809,Waarpak
MSK-R01-FDT03-FAT27,36.85961785,42.80305706,Waarpak
MSK-R01-FDT03-FAT28,36.85993356,42.80097337,Waarpak
MSK-R01-FDT03-FAT29,36.85771068,42.80159824,Waarpak
MSK-R01-FDT03-FAT30,36.85798747,42.80235716,Waarpak
MSK-R01-FDT03-FAT31,36.85917441,42.8000999,Waarpak
MSK-R01-FDT03-FAT32,36.85780959,42.79771073,Waarpak
MSK-R01-FDT03-FAT33,36.85514316,42.79419551,Waarpak
MSK-R01-FDT03-FAT34,36.85528788,42.80266707,Waarpak
MSK-R01-FDT03-FAT35,36.86315241,42.7994198,Waarpak
MSK-R01-FDT03-FAT36,36.86145082,42.79738543,Waarpak
MSK-R01-FDT03-FAT37,36.85809349,42.7940141,Waarpak
MSK-R01-FDT03-FAT38,36.85630409,42.79052556,Waarpak
MSK-R01-FDT03-FAT39,36.85591968,42.78857419,Waarpak
MSK-R01-FDT03-FAT40,36.8645373,42.80101171,Waarpak
MSK-R01-FDT03-FAT41,36.86491681,42.80457871,Waarpak
MSK-R01-FDT03-FAT42,36.86806528,42.80157232,Waarpak
MSK-R01-FDT03-FAT43,36.86041513,42.80234248,Waarpak
MSK-R01-FDT03-FAT44,36.85780959,42.79771073,Waarpak
MSK-R01-FDT03-FAT45,36.86339032,42.79779411,Waarpak
MSK-R01-FDT03-FAT46,36.86293269,42.80160732,Waarpak
MSK-R01-FDT03-FAT47,36.86007037,42.79702387,Waarpak
MSK-R01-FDT03-FAT48,36.85702387,42.79167259,Waarpak
MSK-R01-FDT03-FAT49,36.86664256,42.7999935,Waarpak
MSK-R01-FDT03-FAT50,36.85499466,42.79366152,Waarpak
MSK-R01-FDT03-FAT51,36.85472238,42.79588233,Waarpak
MSK-R01-FDT03-FAT52,36.86213886,42.80333542,Waarpak
MSK-R01-FDT03-FAT53,36.85351458,42.80248238,Waarpak
MSK-R01-FDT03-FAT54,36.85404111,42.80475408,Waarpak
MSK-R01-FDT03-FAT55,36.85497998,42.80487183,Waarpak
MSK-R01-FDT03-FAT56,36.85522252,42.80539651,Waarpak
NZK-R01-FDT01-FAT01,36.83945634,43.05587342,3BG
NZK-R01-FDT01-FAT02,36.83926274,43.0556103,3BG
NZK-R01-FDT01-FAT03,36.83906923,43.05535447,3BG
NZK-R01-FDT01-FAT04,36.83888685,43.05509889,3BG
NZK-R01-FDT01-FAT05,36.83979716,43.05618703,3BG
NZK-R01-FDT01-FAT06,36.83960182,43.05592228,3BG
NZK-R01-FDT01-FAT07,36.83994897,43.05680613,3BG
NZK-R01-FDT01-FAT08,36.83994897,43.05680613,3BG
NZK-R01-FDT01-FAT09,36.83926155,43.05659627,3BG
NZK-R01-FDT01-FAT10,36.83927296,43.05655099,3BG
NZK-R01-FDT01-FAT11,36.83880408,43.05655591,3BG
NZK-R01-FDT01-FAT12,36.83880408,43.05655591,3BG
NZK-R01-FDT01-FAT13,36.83832191,43.05660635,3BG
NZK-R01-FDT01-FAT14,36.83832191,43.05660635,3BG
NZK-R01-FDT01-FAT15,36.83786412,43.05682646,3BG
NZK-R01-FDT01-FAT16,36.83769942,43.05646459,3BG
NZK-R01-FDT01-FAT17,36.83781787,43.05598576,3BG
NZK-R01-FDT01-FAT18,36.83787273,43.05580712,3BG
NZK-R01-FDT01-FAT19,36.83790436,43.05602436,3BG
NZK-R01-FDT01-FAT20,36.83816573,43.05540408,3BG
NZK-R01-FDT01-FAT21,36.83829245,43.0551065,3BG
NZK-R01-FDT01-FAT22,36.838407,43.0547711,3BG
NZK-R01-FDT01-FAT23,36.83847853,43.0542314,3BG
NZK-R01-FDT01-FAT24,36.83842907,43.05435878,3BG
NZK-R01-FDT01-FAT25,36.8389248,43.05458399,3BG
NZK-R01-FDT01-FAT26,36.84111312,43.05630849,3BG
NZK-R01-FDT01-FAT27,36.84112883,43.05629008,#N/A
NZK-R01-FDT01-FAT28,36.84078514,43.05589147,3BG
NZK-R01-FDT01-FAT29,36.84027987,43.05516126,3BG
NZK-R01-FDT01-FAT30,36.84029771,43.05514312,3BG
NZK-R01-FDT01-FAT31,36.83988838,43.05484059,3BG
NZK-R01-FDT01-FAT32,36.84061003,43.05627366,3BG
NZK-R01-FDT01-FAT33,36.84053571,43.05638009,#N/A
NZK-R01-FDT01-FAT34,36.84038987,43.05591339,3BG
NZK-R01-FDT01-FAT35,36.8398209,43.0552102,3BG
NZK-R01-FDT01-FAT36,36.83970981,43.05533191,3BG
NZK-R01-FDT01-FAT37,36.83961141,43.05483987,3BG
NZK-R01-FDT01-FAT38,36.83909924,43.05423851,3BG
NZK-R01-FDT01-FAT39,36.83899607,43.05434699,3BG
NZK-R01-FDT01-FAT40,36.83887328,43.05382201,3BG
NZK-R01-FDT01-FAT41,36.83761798,43.05650341,#N/A
NZK-R01-FDT01-FAT42,36.83738624,43.05686795,#N/A
NZK-R01-FDT02-FAT01,36.83699288,43.05600245,3BG
NZK-R01-FDT02-FAT02,36.83717478,43.05553404,3BG
NZK-R01-FDT02-FAT03,36.83730113,43.05521859,3BG
NZK-R01-FDT02-FAT04,36.83730849,43.05519631,#N/A
NZK-R01-FDT02-FAT05,36.83742722,43.05486542,3BG
NZK-R01-FDT02-FAT06,36.83706942,43.05480698,3BG
NZK-R01-FDT02-FAT07,36.83672643,43.05475847,3BG
NZK-R01-FDT02-FAT08,36.8367063,43.05475846,3BG
NZK-R01-FDT02-FAT09,36.83640564,43.05476322,3BG
NZK-R01-FDT02-FAT10,36.83638504,43.05476439,#N/A
NZK-R01-FDT02-FAT11,36.83604007,43.05496797,3BG
NZK-R01-FDT02-FAT12,36.83603666,43.05499925,3BG
NZK-R01-FDT02-FAT13,36.83600108,43.05535392,3BG
NZK-R01-FDT02-FAT14,36.83599888,43.05538327,3BG
NZK-R01-FDT02-FAT15,36.83737169,43.0555653,#N/A
NZK-R01-FDT02-FAT16,36.8374694,43.05530579,#N/A
NZK-R01-FDT02-FAT17,36.83760291,43.0549731,#N/A
NZK-R01-FDT02-FAT18,36.83708442,43.05633028,#N/A
NZK-R01-FDT02-FAT19,36.83697426,43.05661879,#N/A
NZK-R01-FDT02-FAT20,36.8368132,43.05703505,#N/A
NZK-R01-FDT02-FAT21,36.83686879,43.05632673,3BG
NZK-R01-FDT02-FAT22,36.83686143,43.05634901,3BG
NZK-R01-FDT02-FAT23,36.83673612,43.05667325,3BG
NZK-R01-FDT02-FAT24,36.83639603,43.05659701,3BG
NZK-R01-FDT02-FAT25,36.83637748,43.05658577,3BG
NZK-R01-FDT02-FAT26,36.83613047,43.0562568,3BG
NZK-R01-FDT02-FAT27,36.83600381,43.05588837,3BG
NZK-R01-FDT02-FAT28,36.83599741,43.05586448,3BG
NZK-R01-FDT02-FAT29,36.83693359,43.05522862,3BG
NZK-R01-FDT02-FAT30,36.83691514,43.0552177,3BG
NZK-R01-FDT02-FAT31,36.83672858,43.05573569,3BG
NZK-R01-FDT02-FAT32,36.83654708,43.05620045,3BG
NZK-R01-FDT02-FAT33,36.83652863,43.05618953,#N/A
NZK-R01-FDT02-FAT34,36.83634796,43.05584103,3BG
NZK-R01-FDT02-FAT35,36.83629702,43.05540861,3BG
NZK-R01-FDT03-FAT01,36.83919213,43.06196566,3BG
NZK-R01-FDT03-FAT02,36.83889253,43.06254098,3BG
NZK-R01-FDT03-FAT03,36.83906355,43.062658,3BG
NZK-R01-FDT03-FAT04,36.83614784,43.05922649,3BG
NZK-R01-FDT03-FAT05,36.83786506,43.06436133,3BG
NZK-R01-FDT03-FAT06,36.83748966,43.06408838,3BG
NZK-R01-FDT03-FAT07,36.84074296,43.06627852,3BG
NZK-R01-FDT03-FAT08,36.8382944,43.06262215,3BG
NZK-R01-FDT03-FAT09,36.83789436,43.06233129,3BG
NZK-R01-FDT03-FAT10,36.83752277,43.06201718,3BG
NZK-R01-FDT03-FAT11,36.83956086,43.06531791,3BG
NZK-R01-FDT03-FAT12,36.83668668,43.06224777,3BG
NZK-R01-FDT03-FAT13,36.83599785,43.06170601,3BG
NZK-R01-FDT03-FAT14,36.83718173,43.06262367,3BG
NZK-R01-FDT03-FAT15,36.83750991,43.06292447,3BG
NZK-R01-FDT03-FAT16,36.83661107,43.06347813,3BG
NZK-R01-FDT03-FAT17,36.83644834,43.06385147,3BG
NZK-R01-FDT03-FAT18,36.83589909,43.06285348,3BG
NZK-R01-FDT03-FAT19,36.83957207,43.06113855,3BG
NZK-R01-FDT03-FAT20,36.83862516,43.06053436,3BG
NZK-R01-FDT03-FAT21,36.83852461,43.06028715,3BG
NZK-R01-FDT03-FAT22,36.83777183,43.06013439,3BG
NZK-R01-FDT03-FAT23,36.83732252,43.06116069,3BG
NZK-R01-FDT03-FAT24,36.83693684,43.06101371,3BG
NZK-R01-FDT03-FAT25,36.83705365,43.06054399,3BG
NZK-R01-FDT03-FAT26,36.83773516,43.05918049,3BG
NZK-R01-FDT03-FAT27,36.83682457,43.05903416,3BG
NZK-R01-FDT03-FAT28,36.83816658,43.06075196,3BG
NZK-R01-FDT03-FAT29,36.83753892,43.05956275,3BG
NZK-R01-FDT03-FAT30,36.83722128,43.05931923,#N/A
NZK-R01-FDT03-FAT31,36.83681131,43.0598123,3BG
NZK-R01-FDT03-FAT32,36.83668101,43.06023998,3BG
NZK-R01-FDT03-FAT33,36.83652417,43.0607734,3BG
NZK-R01-FDT03-FAT34,36.83996771,43.06134918,3BG
NZK-R01-FDT03-FAT35,36.84024326,43.061635,3BG
NZK-R01-FDT03-FAT36,36.84070319,43.06217446,3BG
NZK-R01-FDT03-FAT37,36.8409038,43.06286493,3BG
NZK-R01-FDT03-FAT38,36.84065218,43.06339813,3BG
NZK-R01-FDT03-FAT39,36.84094528,43.06362953,3BG
NZK-R01-FDT03-FAT40,36.84037724,43.06293018,3BG
NZK-R01-FDT03-FAT41,36.84016999,43.06335684,3BG
NZK-R01-FDT03-FAT42,36.84227376,43.06341193,3BG
NZK-R01-FDT03-FAT43,36.8426575,43.06369836,3BG
NZK-R01-FDT03-FAT44,36.84273602,43.06470228,3BG
NZK-R01-FDT03-FAT45,36.84171101,43.06349471,3BG
NZK-R01-FDT03-FAT46,36.84132652,43.06427012,3BG
NZK-R01-FDT03-FAT47,36.84193009,43.06485977,3BG
NZK-R01-FDT03-FAT48,36.84186223,43.06533807,3BG
NZK-R01-FDT03-FAT49,36.84133401,43.06644165,3BG
NZK-R01-FDT03-FAT50,36.84036746,43.06483966,3BG
NZK-R01-FDT03-FAT51,36.84064779,43.06533926,3BG
NZK-R01-FDT03-FAT52,36.83936995,43.06460131,3BG
NZK-R01-FDT04-FAT01,36.84149699,43.06023606,3BG
NZK-R01-FDT04-FAT02,36.84115384,43.05985577,3BG
NZK-R01-FDT04-FAT03,36.84076815,43.05956469,3BG
NZK-R01-FDT04-FAT04,36.84051645,43.05950505,3BG
NZK-R01-FDT04-FAT05,36.84013238,43.05966425,3BG
NZK-R01-FDT04-FAT06,36.8401585,43.0588561,3BG
NZK-R01-FDT04-FAT07,36.84032704,43.05818269,3BG
NZK-R01-FDT04-FAT08,36.84066946,43.05766461,3BG
NZK-R01-FDT04-FAT09,36.83987602,43.0577042,3BG
NZK-R01-FDT04-FAT10,36.83950899,43.05770337,3BG
NZK-R01-FDT04-FAT11,36.84093303,43.05835253,3BG
NZK-R01-FDT04-FAT12,36.84144883,43.05826262,3BG
NZK-R01-FDT04-FAT13,36.83935387,43.05955994,3BG
NZK-R01-FDT04-FAT14,36.83883383,43.05800091,3BG
NZK-R01-FDT04-FAT15,36.8386478,43.05839529,3BG
NZK-R01-FDT04-FAT16,36.83836581,43.05818404,3BG
NZK-R01-FDT04-FAT17,36.84318456,43.05749174,3BG
NZK-R01-FDT04-FAT18,36.83786753,43.05781099,3BG
NZK-R01-FDT04-FAT19,36.84205576,43.06061494,3BG
NZK-R01-FDT04-FAT20,36.84271607,43.0603064,3BG
NZK-R01-FDT04-FAT21,36.84268326,43.05981557,3BG
NZK-R01-FDT04-FAT22,36.84199853,43.0609958,3BG
NZK-R01-FDT04-FAT23,36.84271798,43.06108192,3BG
NZK-R01-FDT04-FAT24,36.84289855,43.06070634,3BG
NZK-R01-FDT04-FAT25,36.84239203,43.05960929,3BG
NZK-R01-FDT04-FAT26,36.8422499,43.05869212,3BG
NZK-R01-FDT04-FAT27,36.84242411,43.05823206,3BG
NZK-R01-FDT04-FAT28,36.84251945,43.05798309,3BG
NZK-R01-FDT04-FAT29,36.84206219,43.05824153,3BG
NZK-R01-FDT04-FAT30,36.84103018,43.0571679,3BG
NZK-R01-FDT04-FAT31,36.84311537,43.05814789,3BG
NZK-R01-FDT04-FAT32,36.84303721,43.05905701,3BG
NZK-R01-FDT04-FAT33,36.8434492,43.05827705,3BG
NZK-R01-FDT04-FAT34,36.84357122,43.05904807,3BG
NZK-R01-FDT04-FAT35,36.84405292,43.05941155,3BG
NZK-R01-FDT04-FAT36,36.84478558,43.05994227,3BG
NZK-R01-FDT04-FAT37,36.84515312,43.05946435,3BG
NZK-R01-FDT04-FAT38,36.84530361,43.05901554,3BG
NZK-R01-FDT04-FAT39,36.84231555,43.06190509,3BG
NZK-R01-FDT04-FAT40,36.84317408,43.06255566,3BG
NZK-R01-FDT04-FAT41,36.84291334,43.06304009,3BG
NZK-R01-FDT04-FAT42,36.84205326,43.06305998,3BG
NZK-R01-FDT04-FAT43,36.84246046,43.062205,3BG
NZK-R01-FDT04-FAT44,36.84290669,43.06176045,3BG
NZK-R01-FDT04-FAT45,36.84342299,43.06136977,3BG
NZK-R01-FDT04-FAT46,36.84376743,43.06140515,3BG
NZK-R01-FDT04-FAT47,36.84411754,43.06045294,3BG
NZK-R01-FDT04-FAT48,36.84453118,43.06062199,3BG
NZK-R01-FDT04-FAT49,36.84027192,43.05664598,3BG
NZK-R01-FDT04-FAT50,36.84064789,43.05718139,3BG
NZK-R01-FDT04-FAT51,36.84103828,43.05765463,3BG
NZK-R01-FDT04-FAT52,36.84334582,43.06214691,3BG
NZK-R01-FDT04-FAT53,36.84271669,43.06287294,3BG
NZK-R01-FDT04-FAT54,36.84375292,43.06250742,3BG
NZK-R01-FDT05-FAT01,36.84903581,43.06541857,Fiber Speed (Duhok)
NZK-R01-FDT05-FAT02,36.84867269,43.06606008,Fiber Speed (Duhok)
NZK-R01-FDT05-FAT03,36.84795826,43.06329531,Fiber Speed (Duhok)
NZK-R01-FDT05-FAT04,36.84704524,43.06374187,Fiber Speed (Duhok)
NZK-R01-FDT05-FAT05,36.84510515,43.06427393,Fiber Speed (Duhok)
NZK-R01-FDT05-FAT06,36.84569054,43.06495074,Fiber Speed (Duhok)
NZK-R01-FDT05-FAT07,36.84568789,43.06568786,Fiber Speed (Duhok)
NZK-R01-FDT05-FAT08,36.84490902,43.06591657,Fiber Speed (Duhok)
NZK-R01-FDT05-FAT09,36.84457838,43.06717187,Fiber Speed (Duhok)
NZK-R01-FDT05-FAT10,36.84312915,43.0729228,Fiber Speed (Duhok)
NZK-R01-FDT05-FAT11,36.84179193,43.07454155,Fiber Speed (Duhok)
NZK-R01-FDT05-FAT12,36.84211787,43.07536484,Fiber Speed (Duhok)
NZK-R01-FDT05-FAT13,36.84337869,43.07641635,Fiber Speed (Duhok)
NZK-R01-FDT05-FAT14,36.84463332,43.07584648,Fiber Speed (Duhok)
NZK-R01-FDT05-FAT15,36.84368309,43.07712101,Fiber Speed (Duhok)
NZK-R01-FDT05-FAT16,36.84283678,43.08090534,Fiber Speed (Duhok)
NZK-R01-FDT05-FAT17,36.84200303,43.07974475,Fiber Speed (Duhok)
NZK-R01-FDT05-FAT18,36.84229103,43.08103846,Fiber Speed (Duhok)
NZK-R01-FDT05-FAT19,36.84124784,43.08084333,Fiber Speed (Duhok)
NZK-R01-FDT05-FAT20,36.84032672,43.080997,Fiber Speed (Duhok)
NZK-R01-FDT05-FAT21,36.84138734,43.08103295,Fiber Speed (Duhok)
NZK-R01-FDT05-FAT22,36.84323304,43.07477894,Fiber Speed (Duhok)
NZK-R01-FDT05-FAT23,36.8428629,43.079629,Fiber Speed (Duhok)
NZK-R01-FDT05-FAT24,36.84052911,43.07951315,Fiber Speed (Duhok)
NZK-R01-FDT05-FAT25,36.84124896,43.07971674,Fiber Speed (Duhok)
NZK-R01-FDT05-FAT26,36.84447573,43.0687833,Fiber Speed (Duhok)
NZK-R01-FDT05-FAT27,36.84396964,43.06794895,Fiber Speed (Duhok)
NZK-R01-FDT05-FAT28,36.845764,43.06579229,Fiber Speed (Duhok)
NZK-R01-FDT05-FAT29,36.843554,43.08098366,Fiber Speed (Duhok)
NZK-R01-FDT05-FAT30,36.84357435,43.06997806,Fiber Speed (Duhok)
NZK-R01-FDT05-FAT31,36.84820457,43.06428425,Fiber Speed (Duhok)
NZK-R01-FDT05-FAT32,36.8456071,43.06309601,Fiber Speed (Duhok)
NZK-R01-FDT05-FAT33,36.84428603,43.06540343,Fiber Speed (Duhok)
NZK-R01-FDT05-FAT34,36.84475865,43.07646658,Fiber Speed (Duhok)
NZK-R01-FDT05-FAT35,36.84298274,43.07749313,Fiber Speed (Duhok)
NZK-R01-FDT05-FAT36,36.84547161,43.06818888,Fiber Speed (Duhok)
NZK-R01-FDT05-FAT37,36.84769012,43.06659468,Fiber Speed (Duhok)
NZK-R01-FDT05-FAT38,36.84668204,43.06361624,Fiber Speed (Duhok)
NZK-R01-FDT05-FAT39,36.84394726,43.08097424,Fiber Speed (Duhok)
NZK-R01-FDT05-FAT40,36.84361259,43.07431072,Fiber Speed (Duhok)
NZK-R01-FDT05-FAT41,36.8409564,43.08207103,Fiber Speed (Duhok)
NZK-R01-FDT05-FAT42,36.84862643,43.06351335,Fiber Speed (Duhok)
NZK-R01-FDT05-FAT43,36.84198386,43.07262256,Fiber Speed (Duhok)
NZK-R01-FDT05-FAT44,36.84198386,43.07262256,Fiber Speed (Duhok)
NZK-R01-FDT05-FAT45,36.84198386,43.07262256,Fiber Speed (Duhok)
NZK-R01-FDT05-FAT46,36.84283808,43.07048866,Fiber Speed (Duhok)
NZK-R01-FDT05-FAT47,36.84282509,43.07053648,Fiber Speed (Duhok)
NZK-R01-FDT05-FAT48,36.8457234,43.06415031,Fiber Speed (Duhok)
NZK-R01-FDT05-FAT49,36.84145108,43.07538102,Fiber Speed (Duhok)
NZK-R01-FDT05-FAT50,36.84673395,43.06236486,Fiber Speed (Duhok)
NZK-R01-FDT05-FAT51,36.84323184,43.06870116,Fiber Speed (Duhok)
NZK-R01-FDT05-FAT52,36.83998782,43.07719636,Fiber Speed (Duhok)
NZK-R01-FDT09-FAT01,36.84122833,43.05581772,3BG
NZK-R01-FDT09-FAT02,36.84127936,43.0558951,3BG
NZK-R01-FDT09-FAT03,36.84152855,43.05540501,3BG
NZK-R01-FDT09-FAT04,36.84145668,43.05533772,3BG
NZK-R01-FDT09-FAT05,36.84152379,43.05519865,3BG
NZK-R01-FDT09-FAT06,36.84182411,43.0545962,3BG
NZK-R01-FDT09-FAT07,36.84197476,43.05430722,3BG
NZK-R01-FDT09-FAT08,36.84236839,43.05375397,3BG
NZK-R01-FDT09-FAT09,36.84222721,43.05406833,3BG
NZK-R01-FDT09-FAT10,36.84207801,43.05435899,3BG
NZK-R01-FDT09-FAT11,36.8426873,43.05313039,3BG
NZK-R01-FDT09-FAT12,36.84234017,43.0525326,3BG
NZK-R01-FDT09-FAT13,36.84264944,43.05254352,3BG
NZK-R01-FDT09-FAT14,36.84326738,43.05254713,3BG
NZK-R01-FDT09-FAT15,36.84358719,43.0525325,3BG
NZK-R01-FDT09-FAT16,36.84206458,43.05284231,3BG
NZK-R01-FDT09-FAT17,36.84160313,43.05290414,3BG
NZK-R01-FDT09-FAT18,36.84160352,43.05277053,3BG
NZK-R01-FDT09-FAT19,36.84123127,43.05294212,3BG
NZK-R01-FDT09-FAT20,36.84093257,43.05294402,3BG
NZK-R01-FDT09-FAT21,36.84064868,43.05294384,3BG
NZK-R01-FDT09-FAT22,36.84036297,43.05295306,3BG
NZK-R01-FDT09-FAT23,36.84031643,43.05277132,3BG
NZK-R01-FDT09-FAT24,36.83992767,43.05276401,3BG
NZK-R01-FDT09-FAT25,36.84087767,43.05551664,3BG
NZK-R01-FDT09-FAT26,36.84079745,43.05481264,3BG
NZK-R01-FDT09-FAT27,36.84098352,43.05508363,3BG
NZK-R01-FDT09-FAT28,36.84059166,43.05458497,3BG
NZK-R01-FDT09-FAT29,36.8403924,43.05430803,3BG
NZK-R01-FDT09-FAT30,36.84022241,43.05408336,3BG
NZK-R01-FDT09-FAT31,36.84002483,43.053806,3BG
NZK-R01-FDT09-FAT32,36.83937668,43.05408835,3BG
NZK-R01-FDT09-FAT33,36.83937668,43.05408835,#N/A
NZK-R01-FDT09-FAT34,36.83907068,43.05367597,3BG
NZK-R01-FDT09-FAT35,36.83968254,43.05392054,3BG
NZK-R01-FDT09-FAT36,36.83950627,43.05323508,3BG
NZK-R01-FDT09-FAT37,36.83960084,43.05280569,3BG
NZK-R01-FDT09-FAT38,36.83913967,43.05313256,3BG
NZK-R01-FDT09-FAT39,36.83916766,43.05271071,3BG
NZK-R01-FDT09-FAT40,36.84484276,43.0548464,3BG
NZK-R01-FDT09-FAT41,36.84156305,43.05682681,3BG
NZK-R01-FDT09-FAT42,36.83878812,43.05327375,3BG
NZK-R01-FDT10-FAT01,36.85177053,43.05732384,Fiber Speed (Duhok)
NZK-R01-FDT10-FAT02,36.85179226,43.05731347,Fiber Speed (Duhok)
NZK-R01-FDT10-FAT03,36.85196798,43.0579778,Fiber Speed (Duhok)
NZK-R01-FDT10-FAT04,36.85198452,43.05797192,Fiber Speed (Duhok)
NZK-R01-FDT10-FAT05,36.85157967,43.05824857,Fiber Speed (Duhok)
NZK-R01-FDT10-FAT06,36.851557,43.05825899,Fiber Speed (Duhok)
NZK-R01-FDT10-FAT07,36.85142384,43.05774458,Fiber Speed (Duhok)
NZK-R01-FDT10-FAT08,36.85140273,43.0577562,Fiber Speed (Duhok)
NZK-R01-FDT10-FAT09,36.85127741,43.0572891,Fiber Speed (Duhok)
NZK-R01-FDT10-FAT10,36.85125683,43.05729916,Fiber Speed (Duhok)
NZK-R01-FDT10-FAT11,36.85073214,43.05615544,Fiber Speed (Duhok)
NZK-R01-FDT10-FAT12,36.85026237,43.0546542,Fiber Speed (Duhok)
NZK-R01-FDT10-FAT13,36.84977565,43.05504577,Fiber Speed (Duhok)
NZK-R01-FDT10-FAT14,36.85099403,43.05517649,Fiber Speed (Duhok)
NZK-R01-FDT10-FAT15,36.84848876,43.05852218,Fiber Speed (Duhok)
NZK-R01-FDT10-FAT16,36.84939186,43.05892068,Fiber Speed (Duhok)
NZK-R01-FDT10-FAT17,36.85048685,43.05908211,Fiber Speed (Duhok)
NZK-R01-FDT10-FAT18,36.85171876,43.0599066,Fiber Speed (Duhok)
NZK-R01-FDT10-FAT19,36.85135475,43.06071474,Fiber Speed (Duhok)
NZK-R01-FDT10-FAT20,36.852317,43.06111275,Fiber Speed (Duhok)
NZK-R01-FDT10-FAT21,36.85215634,43.06207696,Fiber Speed (Duhok)
NZK-R01-FDT10-FAT22,36.85304805,43.06203726,Fiber Speed (Duhok)
NZK-R01-FDT10-FAT23,36.84982052,43.06133548,Fiber Speed (Duhok)
NZK-R01-FDT10-FAT24,36.85076158,43.06149658,Fiber Speed (Duhok)
NZK-R01-FDT10-FAT25,36.8505389,43.06682066,Fiber Speed (Duhok)
NZK-R01-FDT10-FAT26,36.85053494,43.06684908,Fiber Speed (Duhok)
NZK-R01-FDT10-FAT27,36.8505049,43.06710005,Fiber Speed (Duhok)
NZK-R01-FDT10-FAT28,36.85050217,43.06712609,Fiber Speed (Duhok)
NZK-R01-FDT10-FAT29,36.85279541,43.06736609,Fiber Speed (Duhok)
NZK-R01-FDT10-FAT30,36.8529128,43.06656635,Fiber Speed (Duhok)
NZK-R01-FDT10-FAT31,36.85120816,43.06568478,Fiber Speed (Duhok)
NZK-R01-FDT10-FAT32,36.85173491,43.06656402,Fiber Speed (Duhok)
NZK-R01-FDT10-FAT33,36.85127182,43.06824559,Fiber Speed (Duhok)
NZK-R01-FDT10-FAT34,36.85110188,43.07045023,Fiber Speed (Duhok)
NZK-R01-FDT10-FAT35,36.85182946,43.07319294,Fiber Speed (Duhok)
NZK-R01-FDT10-FAT36,36.85181002,43.07317953,Fiber Speed (Duhok)
NZK-R01-FDT10-FAT37,36.85202441,43.07283214,Fiber Speed (Duhok)
NZK-R01-FDT10-FAT38,36.85200544,43.07281367,Fiber Speed (Duhok)
NZK-R01-FDT10-FAT39,36.85221156,43.07246378,Fiber Speed (Duhok)
NZK-R01-FDT10-FAT40,36.85219127,43.07245306,Fiber Speed (Duhok)
NZK-R01-FDT10-FAT41,36.85136871,43.07301947,Fiber Speed (Duhok)
NZK-R01-FDT10-FAT42,36.85134823,43.07300521,Fiber Speed (Duhok)
NZK-R01-FDT10-FAT43,36.85155166,43.07262183,Fiber Speed (Duhok)
NZK-R01-FDT10-FAT44,36.85153187,43.07260668,Fiber Speed (Duhok)
NZK-R01-FDT10-FAT45,36.85169869,43.07230519,Fiber Speed (Duhok)
NZK-R01-FDT10-FAT46,36.85168309,43.07228994,Fiber Speed (Duhok)
NZK-R01-FDT10-FAT47,36.84906488,43.05822227,Fiber Speed (Duhok)
NZK-R01-FDT10-FAT48,36.854182,43.06945231,Fiber Speed (Duhok)
NZK-R01-FDT10-FAT49,36.85064013,43.06260399,Fiber Speed (Duhok)
NZK-R01-FDT10-FAT50,36.85208677,43.05877909,Fiber Speed (Duhok)
NZK-R01-FDT10-FAT51,36.85332135,43.06181813,Fiber Speed (Duhok)
NZK-R01-FDT10-FAT52,36.85273581,43.0625916,Fiber Speed (Duhok)
NZK-R01-FDT10-FAT53,36.84886284,43.05709684,Fiber Speed (Duhok)
NZK-R01-FDT10-FAT54,36.85210423,43.05967581,Fiber Speed (Duhok)
NZK-R01-FDT10-FAT55,36.85110102,43.07137224,Fiber Speed (Duhok)
NZK-R01-FDT10-FAT56,36.85186585,43.06149946,Fiber Speed (Duhok)
NZK-R01-FDT10-FAT57,36.84875583,43.05921698,Fiber Speed (Duhok)
NZK-R01-FDT10-FAT58,36.8526642,43.06327233,3BG
NZK-R01-FDT10-FAT59,36.85264065,43.06327443,3BG
NZK-R01-FDT10-FAT60,36.85261594,43.06327495,3BG
NZK-R01-FDT10-FAT61,36.84971155,43.05852374,Fiber Speed (Duhok)
NZK-R01-FDT10-FAT62,36.85270471,43.06093728,Fiber Speed (Duhok)
NZK-R01-FDT10-FAT63,36.85054246,43.05687513,Fiber Speed (Duhok)
NZK-R01-FDT10-FAT64,36.85206848,43.06317881,Fiber Speed (Duhok)
NZK-R01-FDT10-FAT65,36.85085456,43.06175343,Fiber Speed (Duhok)
NZK-R01-FDT10-FAT66,36.85192732,43.06503439,Fiber Speed (Duhok)
NZK-R01-FDT10-FAT67,36.84955873,43.06215149,Fiber Speed (Duhok)
NZK-R01-FDT10-FAT68,36.85058746,43.06061111,Fiber Speed (Duhok)
NZK-R01-FDT10-FAT69,36.85125507,43.05600883,Fiber Speed (Duhok)
NZK-R01-FDT10-FAT70,36.85343597,43.06828773,Fiber Speed (Duhok)
NZK-R01-FDT10-FAT71,36.8522585,43.07043489,Fiber Speed (Duhok)
NZK-R01-FDT10-FAT72,36.85115561,43.0546469,Fiber Speed (Duhok)
NZK-R01-FDT10-FAT73,36.85253319,43.06601889,Fiber Speed (Duhok)
PST-R01-FDT01-FAT01,36.85909598,43.00832921,3BG
PST-R01-FDT01-FAT02,36.85942328,43.00784587,3BG
PST-R01-FDT01-FAT03,36.8599751,43.00734274,3BG
PST-R01-FDT01-FAT04,36.85949781,43.00860628,3BG
PST-R01-FDT01-FAT05,36.86026539,43.00868503,3BG
PST-R01-FDT01-FAT06,36.86057782,43.00908336,3BG
PST-R01-FDT01-FAT07,36.86119729,43.00945104,3BG
PST-R01-FDT01-FAT08,36.86134566,43.00913535,3BG
PST-R01-FDT01-FAT09,36.86147002,43.00974032,3BG
PST-R01-FDT01-FAT10,36.86143387,43.0100301,3BG
PST-R01-FDT01-FAT11,36.8616374,43.01092306,3BG
PST-R01-FDT01-FAT12,36.86136886,43.01114744,3BG
PST-R01-FDT01-FAT13,36.86108557,43.01153565,3BG
PST-R01-FDT01-FAT14,36.86099726,43.0099761,3BG
PST-R01-FDT01-FAT15,36.86092563,43.01020218,3BG
PST-R01-FDT01-FAT16,36.86076239,43.01067877,3BG
PST-R01-FDT01-FAT17,36.86094448,43.01116328,3BG
PST-R01-FDT01-FAT18,36.860032,43.00959532,3BG
PST-R01-FDT01-FAT19,36.8604226,43.01044208,3BG
PST-R01-FDT01-FAT20,36.86015406,43.01080693,3BG
PST-R01-FDT01-FAT21,36.86017089,43.01104017,3BG
PST-R01-FDT01-FAT22,36.86000062,43.01118297,3BG
PST-R01-FDT01-FAT23,36.86005933,43.01125861,3BG
PST-R01-FDT01-FAT24,36.85993068,43.01157289,3BG
PST-R01-FDT01-FAT25,36.86036257,43.01253579,3BG
PST-R01-FDT01-FAT26,36.85916522,43.01280696,3BG
PST-R01-FDT01-FAT27,36.85981579,43.01184655,3BG
PST-R01-FDT01-FAT28,36.86050674,43.01205627,3BG
PST-R01-FDT01-FAT29,36.86113665,43.01231259,3BG
PST-R01-FDT01-FAT30,36.8608261,43.0132025,3BG
PST-R01-FDT01-FAT31,36.8613814,43.01313603,3BG
PST-R01-FDT01-FAT32,36.86118299,43.0139339,3BG
PST-R01-FDT01-FAT33,36.86142939,43.01405902,3BG
PST-R01-FDT01-FAT34,36.86081313,43.01444666,3BG
PST-R01-FDT01-FAT35,36.86070031,43.0151851,3BG
PST-R01-FDT01-FAT36,36.860499,43.01544475,3BG
PST-R01-FDT01-FAT37,36.86063535,43.01401929,3BG
PST-R01-FDT01-FAT38,36.86138359,43.01456157,3BG
PST-R01-FDT01-FAT39,36.86152963,43.01567426,3BG
PST-R01-FDT01-FAT40,36.86058488,43.01634996,3BG
PST-R01-FDT01-FAT41,36.86102536,43.01723145,3BG
PST-R01-FDT01-FAT42,36.86075865,43.01818615,3BG
PST-R01-FDT01-FAT43,36.86230794,43.01614909,3BG
PST-R01-FDT01-FAT44,36.86130164,43.01598781,3BG
PST-R01-FDT01-FAT45,36.86164502,43.01668542,3BG
PST-R01-FDT01-FAT46,36.86211188,43.01720969,3BG
PST-R01-FDT02-FAT01,36.85847322,43.00603216,3BG
PST-R01-FDT02-FAT02,36.85874432,43.00669163,3BG
PST-R01-FDT02-FAT03,36.85885338,43.00713707,3BG
PST-R01-FDT02-FAT04,36.85895875,43.00721909,3BG
PST-R01-FDT02-FAT05,36.85916631,43.00734905,3BG
PST-R01-FDT02-FAT06,36.85857437,43.00861539,3BG
PST-R01-FDT02-FAT07,36.8592443,43.00648906,3BG
PST-R01-FDT02-FAT08,36.85940652,43.00660173,3BG
PST-R01-FDT02-FAT09,36.85983655,43.00694841,3BG
PST-R01-FDT02-FAT10,36.85977731,43.00625155,3BG
PST-R01-FDT02-FAT11,36.85982211,43.00610728,3BG
PST-R01-FDT02-FAT12,36.86005136,43.00552855,3BG
PST-R01-FDT02-FAT13,36.85973259,43.00574315,3BG
PST-R01-FDT02-FAT14,36.85950422,43.0056178,3BG
PST-R01-FDT02-FAT15,36.85964832,43.00529384,3BG
PST-R01-FDT02-FAT16,36.85982705,43.00499735,3BG
PST-R01-FDT02-FAT17,36.86008988,43.00475586,3BG
PST-R01-FDT02-FAT18,36.86032892,43.00413135,3BG
PST-R01-FDT02-FAT19,36.86054181,43.0046801,3BG
PST-R01-FDT02-FAT20,36.86052074,43.00502243,3BG
PST-R01-FDT02-FAT21,36.86074398,43.00501037,3BG
PST-R01-FDT02-FAT22,36.86086604,43.00469346,3BG
PST-R01-FDT02-FAT23,36.86091368,43.00453925,3BG
PST-R01-FDT02-FAT24,36.86150472,43.00351696,3BG
PST-R01-FDT02-FAT25,36.85835361,43.00491981,3BG
PST-R01-FDT02-FAT26,36.85844385,43.00450446,3BG
PST-R01-FDT02-FAT27,36.85849934,43.00421902,3BG
PST-R01-FDT03-FAT01,36.85681689,43.00747945,3BG
PST-R01-FDT03-FAT02,36.85612953,43.0079543,3BG
PST-R01-FDT03-FAT03,36.85564321,43.00884418,3BG
PST-R01-FDT03-FAT04,36.85482732,43.00880767,3BG
PST-R01-FDT03-FAT05,36.85467372,43.00865943,3BG
PST-R01-FDT03-FAT06,36.85452708,43.00900646,3BG
PST-R01-FDT03-FAT07,36.85406427,43.0092186,3BG
PST-R01-FDT03-FAT08,36.8564179,43.00722683,3BG
PST-R01-FDT03-FAT09,36.85617405,43.00712849,3BG
PST-R01-FDT03-FAT10,36.85612546,43.00621685,3BG
PST-R01-FDT03-FAT11,36.85567642,43.00702146,3BG
PST-R01-FDT03-FAT12,36.85554714,43.00695589,3BG
PST-R01-FDT03-FAT13,36.85535908,43.00716288,3BG
PST-R01-FDT03-FAT14,36.85525601,43.00799464,3BG
PST-R01-FDT03-FAT15,36.85524232,43.00677692,3BG
PST-R01-FDT03-FAT16,36.85500882,43.00647236,3BG
PST-R01-FDT03-FAT17,36.85495337,43.0065225,3BG
PST-R01-FDT03-FAT18,36.85482387,43.00771102,3BG
PST-R01-FDT03-FAT19,36.85692041,43.00684748,3BG
PST-R01-FDT03-FAT20,36.857182,43.00557797,3BG
PST-R01-FDT03-FAT21,36.85664261,43.00515863,3BG
PST-R01-FDT03-FAT22,36.85617961,43.00571229,3BG
PST-R01-FDT03-FAT23,36.85578773,43.00552291,3BG
PST-R01-FDT03-FAT24,36.85545285,43.00528886,3BG
PST-R01-FDT03-FAT25,36.85571353,43.00483238,3BG
PST-R01-FDT03-FAT26,36.85585019,43.00466391,3BG
PST-R01-FDT03-FAT27,36.85600875,43.00464374,3BG
PST-R01-FDT03-FAT28,36.85603629,43.00430636,3BG
PST-R01-FDT03-FAT29,36.85716939,43.00970239,3BG
PST-R01-FDT03-FAT30,36.85703488,43.01057621,3BG
PST-R01-FDT03-FAT31,36.85608023,43.01197343,3BG
PST-R01-FDT03-FAT32,36.85553646,43.01284573,3BG
PST-R01-FDT03-FAT33,36.85474624,43.01385119,3BG
PST-R01-FDT03-FAT34,36.85439277,43.01471884,3BG
PST-R01-FDT03-FAT35,36.85413104,43.01540615,3BG
PST-R01-FDT03-FAT36,36.85552961,43.01215862,3BG
PST-R01-FDT03-FAT37,36.85519582,43.01260917,3BG
PST-R01-FDT03-FAT38,36.85472738,43.0121318,3BG
PST-R01-FDT03-FAT39,36.85455242,43.01242358,3BG
PST-R01-FDT03-FAT40,36.85424298,43.01278051,3BG
PST-R01-FDT03-FAT41,36.85702983,43.00728285,3BG
PST-R01-FDT03-FAT42,36.85703788,43.00725057,3BG
PST-R01-FDT03-FAT43,36.85712842,43.00687724,3BG
PST-R01-FDT03-FAT44,36.857135,43.00684321,3BG
PST-R01-FDT04-FAT01,36.84843119,43.01696796,3BG
PST-R01-FDT04-FAT02,36.84836679,43.01837291,3BG
PST-R01-FDT04-FAT03,36.84832007,43.01918947,3BG
PST-R01-FDT04-FAT04,36.84804948,43.01915101,3BG
PST-R01-FDT04-FAT05,36.84761951,43.01924608,3BG
PST-R01-FDT04-FAT06,36.84796602,43.02084647,3BG
PST-R01-FDT04-FAT07,36.84870281,43.0188694,3BG
PST-R01-FDT04-FAT08,36.84922867,43.01893208,3BG
PST-R01-FDT04-FAT09,36.84910841,43.02004151,3BG
PST-R01-FDT04-FAT10,36.84872959,43.01981053,3BG
PST-R01-FDT04-FAT11,36.8486818,43.02073569,3BG
PST-R01-FDT04-FAT12,36.84893655,43.01832811,3BG
PST-R01-FDT04-FAT13,36.84927831,43.01838011,3BG
PST-R01-FDT04-FAT14,36.85002905,43.01848204,3BG
PST-R01-FDT04-FAT15,36.85024613,43.01875285,3BG
PST-R01-FDT04-FAT16,36.85018493,43.02000565,3BG
PST-R01-FDT04-FAT17,36.85004507,43.02076253,3BG
PST-R01-FDT04-FAT18,36.85049592,43.02052571,3BG
PST-R01-FDT04-FAT19,36.84818448,43.01682542,3BG
PST-R01-FDT04-FAT20,36.84822447,43.01621705,3BG
PST-R01-FDT04-FAT21,36.84856642,43.01498339,3BG
PST-R01-FDT04-FAT22,36.84874293,43.0121775,3BG
PST-R01-FDT04-FAT23,36.84877343,43.00893077,3BG
PST-R01-FDT04-FAT24,36.84797578,43.0044887,3BG
PST-R01-FDT04-FAT25,36.84855473,43.01078937,3BG
PST-R01-FDT04-FAT26,36.84936788,43.01038427,3BG
PST-R01-FDT04-FAT27,36.85069089,43.00968599,3BG
PST-R01-FDT04-FAT28,36.8503655,43.00872924,3BG
PST-R01-FDT04-FAT29,36.84990809,43.01063193,3BG
PST-R01-FDT04-FAT30,36.85050154,43.01030471,3BG
PST-R01-FDT04-FAT31,36.84991552,43.00996834,3BG
PST-R01-FDT04-FAT32,36.84938943,43.00876821,3BG
PST-R01-FDT04-FAT33,36.84979767,43.00853157,3BG
PST-R01-FDT04-FAT34,36.84976087,43.00842369,3BG
PST-R01-FDT04-FAT35,36.84986618,43.00785688,3BG
PST-R01-FDT04-FAT36,36.85059188,43.00795804,3BG
PST-R01-FDT04-FAT37,36.84891499,43.01666352,3BG
PST-R01-FDT04-FAT38,36.84941178,43.01616225,3BG
PST-R01-FDT04-FAT39,36.84974641,43.01671671,3BG
PST-R01-FDT04-FAT40,36.84966579,43.01806416,3BG
PST-R01-FDT04-FAT41,36.85007144,43.01810103,3BG
PST-R01-FDT04-FAT42,36.85022819,43.01811898,3BG
PST-R01-FDT04-FAT43,36.8501752,43.01668942,3BG
PST-R01-FDT04-FAT44,36.85087114,43.01679462,3BG
PST-R01-FDT04-FAT45,36.85039218,43.01633898,3BG
PST-R01-FDT04-FAT46,36.85101521,43.01642689,3BG
PST-R01-FDT04-FAT47,36.85158524,43.01649202,3BG
PST-R01-FDT04-FAT48,36.85195137,43.01654672,3BG
PST-R01-FDT04-FAT49,36.8514906,43.0159365,3BG
PST-R01-FDT04-FAT50,36.85116243,43.01587417,3BG
PST-R01-FDT04-FAT51,36.8510723,43.01474378,3BG
PST-R01-FDT04-FAT52,36.85076702,43.01496139,3BG
PST-R01-FDT04-FAT53,36.8512738,43.01418815,3BG
PST-R01-FDT04-FAT54,36.85167975,43.01493632,3BG
PST-R01-FDT04-FAT55,36.85203509,43.01499986,3BG
PST-R01-FDT04-FAT56,36.84921372,43.01594123,3BG
PST-R01-FDT04-FAT57,36.84793281,43.02132735,3BG
PST-R01-FDT04-FAT58,36.8489544,43.00707115,3BG
PST-R01-FDT04-FAT59,36.8500166,43.01531345,3BG
PST-R01-FDT04-FAT60,36.84879139,43.01732315,3BG
PST-R01-FDT04-FAT61,36.8507391,43.01633227,3BG
PST-R01-FDT04-FAT62,36.84825159,43.02005698,3BG
PST-R01-FDT05-FAT01,36.84803077,43.02430304,3BG
PST-R01-FDT05-FAT02,36.84793734,43.02498743,3BG
PST-R01-FDT05-FAT03,36.84846009,43.02515015,3BG
PST-R01-FDT05-FAT04,36.84867528,43.02496972,3BG
PST-R01-FDT05-FAT05,36.8488272,43.02496054,3BG
PST-R01-FDT05-FAT06,36.84916492,43.0249416,3BG
PST-R01-FDT05-FAT07,36.84918225,43.02513992,3BG
PST-R01-FDT05-FAT08,36.84972299,43.02511922,3BG
PST-R01-FDT05-FAT09,36.84994059,43.02584593,3BG
PST-R01-FDT05-FAT10,36.85004108,43.02586169,3BG
PST-R01-FDT05-FAT11,36.85020867,43.02428262,3BG
PST-R01-FDT05-FAT12,36.85037307,43.02421967,3BG
PST-R01-FDT05-FAT13,36.85061873,43.02446413,3BG
PST-R01-FDT05-FAT14,36.85087788,43.02443853,3BG
PST-R01-FDT05-FAT15,36.85135998,43.02481514,3BG
PST-R01-FDT05-FAT16,36.85185975,43.02407912,3BG
PST-R01-FDT05-FAT17,36.85168412,43.02386527,3BG
PST-R01-FDT05-FAT18,36.85083548,43.02507321,3BG
PST-R01-FDT05-FAT19,36.85070225,43.02533891,3BG
PST-R01-FDT05-FAT20,36.85091597,43.02572481,3BG
PST-R01-FDT05-FAT21,36.84777212,43.02381713,3BG
PST-R01-FDT05-FAT22,36.84774807,43.02408686,3BG
PST-R01-FDT05-FAT23,36.84732042,43.02416906,3BG
PST-R01-FDT05-FAT24,36.84740464,43.02294377,3BG
PST-R01-FDT05-FAT25,36.8485316,43.02305607,3BG
PST-R01-FDT05-FAT26,36.84847895,43.02272928,3BG
PST-R01-FDT05-FAT27,36.84851872,43.02216315,3BG
PST-R01-FDT05-FAT28,36.84857071,43.02126572,3BG
PST-R01-FDT05-FAT29,36.84908313,43.02190674,3BG
PST-R01-FDT05-FAT30,36.84979215,43.02131808,3BG
PST-R01-FDT05-FAT31,36.8486184,43.02351908,3BG
PST-R01-FDT05-FAT32,36.84885559,43.02366888,3BG
PST-R01-FDT05-FAT33,36.84925971,43.02366371,3BG
PST-R01-FDT05-FAT34,36.85001089,43.02345574,3BG
PST-R01-FDT05-FAT35,36.85032844,43.0232928,3BG
PST-R01-FDT05-FAT36,36.85035431,43.02285991,3BG
PST-R01-FDT05-FAT37,36.85018609,43.02277792,3BG
PST-R01-FDT05-FAT38,36.85047485,43.0220182,3BG
PST-R01-FDT05-FAT39,36.85037086,43.02186353,3BG
PST-R01-FDT05-FAT40,36.8505423,43.02142587,3BG
PST-R01-FDT05-FAT41,36.85059951,43.02061247,3BG
PST-R01-FDT05-FAT42,36.85061926,43.02026758,3BG
PST-R01-FDT05-FAT43,36.85119412,43.01976459,3BG
PST-R01-FDT05-FAT44,36.85138624,43.0189691,3BG
PST-R01-FDT05-FAT45,36.84791589,43.0251365,3BG
PST-R01-FDT05-FAT46,36.85097538,43.02331377,3BG
PST-R01-FDT05-FAT47,36.84904958,43.02206796,3BG
PST-R01-FDT05-FAT48,36.84926182,43.02428741,3BG
PST-R01-FDT06-FAT01,36.85636057,43.02444027,Fiber Speed (Duhok)
PST-R01-FDT06-FAT02,36.85638929,43.02401031,Fiber Speed (Duhok)
PST-R01-FDT06-FAT03,36.85610635,43.02380963,Fiber Speed (Duhok)
PST-R01-FDT06-FAT04,36.85653552,43.02359032,Fiber Speed (Duhok)
PST-R01-FDT06-FAT05,36.85722149,43.02418424,Fiber Speed (Duhok)
PST-R01-FDT06-FAT06,36.85543859,43.02349951,Fiber Speed (Duhok)
PST-R01-FDT06-FAT07,36.85510755,43.02333413,Fiber Speed (Duhok)
PST-R01-FDT06-FAT08,36.85456859,43.02334592,Fiber Speed (Duhok)
PST-R01-FDT06-FAT09,36.85444407,43.02321833,Fiber Speed (Duhok)
PST-R01-FDT06-FAT10,36.85388636,43.02311129,Fiber Speed (Duhok)
PST-R01-FDT06-FAT11,36.85358947,43.0228039,Fiber Speed (Duhok)
PST-R01-FDT06-FAT12,36.8533421,43.02268634,Fiber Speed (Duhok)
PST-R01-FDT06-FAT13,36.85696458,43.02461651,Fiber Speed (Duhok)
PST-R01-FDT06-FAT14,36.85669974,43.0249986,Fiber Speed (Duhok)
PST-R01-FDT06-FAT15,36.85725059,43.02498154,Fiber Speed (Duhok)
PST-R01-FDT06-FAT16,36.85773534,43.02533003,Fiber Speed (Duhok)
PST-R01-FDT06-FAT17,36.85650103,43.02539255,Fiber Speed (Duhok)
PST-R01-FDT06-FAT18,36.85726401,43.02548482,Fiber Speed (Duhok)
PST-R01-FDT06-FAT19,36.85556904,43.02581705,Fiber Speed (Duhok)
PST-R01-FDT06-FAT20,36.85501354,43.02571785,Fiber Speed (Duhok)
PST-R01-FDT06-FAT21,36.85633047,43.02577385,Fiber Speed (Duhok)
PST-R01-FDT06-FAT22,36.85716111,43.02590423,Fiber Speed (Duhok)
PST-R01-FDT06-FAT23,36.85591338,43.02540407,Fiber Speed (Duhok)
PST-R01-FDT06-FAT24,36.85504742,43.02524528,Fiber Speed (Duhok)
PST-R01-FDT06-FAT25,36.85444948,43.0250762,Fiber Speed (Duhok)
PST-R01-FDT06-FAT26,36.8538097,43.02479759,Fiber Speed (Duhok)
PST-R01-FDT06-FAT27,36.85387753,43.02543553,Fiber Speed (Duhok)
PST-R01-FDT06-FAT28,36.85581453,43.02492541,Fiber Speed (Duhok)
PST-R01-FDT06-FAT29,36.85508148,43.02479201,Fiber Speed (Duhok)
PST-R01-FDT06-FAT30,36.85586651,43.02452155,Fiber Speed (Duhok)
PST-R01-FDT06-FAT31,36.85576492,43.02425474,Fiber Speed (Duhok)
PST-R01-FDT06-FAT32,36.85545607,43.02396421,Fiber Speed (Duhok)
PST-R01-FDT06-FAT33,36.85505776,43.02439436,Fiber Speed (Duhok)
PST-R01-FDT06-FAT34,36.85488326,43.0240465,Fiber Speed (Duhok)
PST-R01-FDT06-FAT35,36.85444043,43.02427973,Fiber Speed (Duhok)
PST-R01-FDT06-FAT36,36.85385656,43.02363357,Fiber Speed (Duhok)
PST-R01-FDT06-FAT37,36.85410907,43.02369795,Fiber Speed (Duhok)
PST-R01-FDT06-FAT38,36.85348435,43.02409509,Fiber Speed (Duhok)
PST-R01-FDT06-FAT39,36.85326203,43.02404828,Fiber Speed (Duhok)
PST-R01-FDT06-FAT40,36.85330134,43.02342426,Fiber Speed (Duhok)
PST-R01-FDT06-FAT41,36.85394935,43.02544873,Fiber Speed (Duhok)
PST-R01-FDT07-FAT01,36.85647652,43.02185395,Fiber Speed (Duhok)
PST-R01-FDT07-FAT02,36.85546052,43.02169127,Fiber Speed (Duhok)
PST-R01-FDT07-FAT03,36.85581516,43.02136968,Fiber Speed (Duhok)
PST-R01-FDT07-FAT04,36.85589437,43.02261277,Fiber Speed (Duhok)
PST-R01-FDT07-FAT05,36.85579802,43.02301547,Fiber Speed (Duhok)
PST-R01-FDT07-FAT06,36.85556074,43.02218904,Fiber Speed (Duhok)
PST-R01-FDT07-FAT07,36.85488642,43.02187298,Fiber Speed (Duhok)
PST-R01-FDT07-FAT08,36.85454513,43.02138344,Fiber Speed (Duhok)
PST-R01-FDT07-FAT09,36.85441892,43.02085229,Fiber Speed (Duhok)
PST-R01-FDT07-FAT10,36.85466004,43.02278318,Fiber Speed (Duhok)
PST-R01-FDT07-FAT11,36.85488496,43.02291632,Fiber Speed (Duhok)
PST-R01-FDT07-FAT12,36.85438335,43.02209124,Fiber Speed (Duhok)
PST-R01-FDT07-FAT13,36.8544709,43.02170562,Fiber Speed (Duhok)
PST-R01-FDT07-FAT14,36.85398923,43.02217273,Fiber Speed (Duhok)
PST-R01-FDT07-FAT15,36.85376286,43.02186211,Fiber Speed (Duhok)
PST-R01-FDT07-FAT16,36.85337793,43.02215921,Fiber Speed (Duhok)
PST-R01-FDT07-FAT17,36.85339622,43.02181193,Fiber Speed (Duhok)
PST-R01-FDT07-FAT18,36.85345334,43.02072742,Fiber Speed (Duhok)
PST-R01-FDT07-FAT19,36.85679906,43.02081665,Fiber Speed (Duhok)
PST-R01-FDT07-FAT20,36.8574002,43.02138677,Fiber Speed (Duhok)
PST-R01-FDT07-FAT21,36.85762501,43.02105239,Fiber Speed (Duhok)
PST-R01-FDT07-FAT22,36.8579862,43.0217482,Fiber Speed (Duhok)
PST-R01-FDT07-FAT23,36.85851938,43.02241547,Fiber Speed (Duhok)
PST-R01-FDT07-FAT24,36.85857071,43.02141368,Fiber Speed (Duhok)
PST-R01-FDT07-FAT25,36.85690969,43.02157338,Fiber Speed (Duhok)
PST-R01-FDT07-FAT26,36.85604396,43.02070898,Fiber Speed (Duhok)
PST-R01-FDT07-FAT27,36.85516847,43.02017738,Fiber Speed (Duhok)
PST-R01-FDT07-FAT28,36.85467902,43.01987315,Fiber Speed (Duhok)
PST-R01-FDT07-FAT29,36.85392366,43.01950962,Fiber Speed (Duhok)
PST-R01-FDT07-FAT30,36.8542044,43.01921128,Fiber Speed (Duhok)
PST-R01-FDT07-FAT31,36.85546892,43.02085817,Fiber Speed (Duhok)
PST-R01-FDT07-FAT32,36.85518515,43.02072964,Fiber Speed (Duhok)
PST-R01-FDT07-FAT33,36.85431137,43.02033416,Fiber Speed (Duhok)
PST-R01-FDT07-FAT34,36.85383324,43.02013262,Fiber Speed (Duhok)
PST-R01-FDT07-FAT35,36.85698778,43.02196633,Fiber Speed (Duhok)
PST-R01-FDT07-FAT36,36.85799599,43.02260368,Fiber Speed (Duhok)
PST-R01-FDT07-FAT37,36.85858122,43.02300091,Fiber Speed (Duhok)
PST-R01-FDT07-FAT38,36.85859459,43.02368206,Fiber Speed (Duhok)
PST-R01-FDT07-FAT39,36.85822095,43.02341514,Fiber Speed (Duhok)
PST-R01-FDT07-FAT40,36.85831025,43.02388561,Fiber Speed (Duhok)
PST-R01-FDT07-FAT41,36.85820455,43.02444433,Fiber Speed (Duhok)
PST-R01-FDT07-FAT42,36.85650941,43.02221302,Fiber Speed (Duhok)
PST-R01-FDT07-FAT43,36.85705902,43.02243494,Fiber Speed (Duhok)
PST-R01-FDT07-FAT44,36.85667752,43.02282988,Fiber Speed (Duhok)
PST-R01-FDT07-FAT45,36.85644825,43.02325116,Fiber Speed (Duhok)
PST-R01-FDT07-FAT46,36.85729477,43.02291536,Fiber Speed (Duhok)
PST-R01-FDT07-FAT47,36.85724132,43.02331985,Fiber Speed (Duhok)
PST-R01-FDT07-FAT48,36.85724675,43.0237783,Fiber Speed (Duhok)
PST-R01-FDT07-FAT49,36.85935127,43.02361131,Fiber Speed (Duhok)
PST-R01-FDT07-FAT50,36.85883656,43.02445165,Fiber Speed (Duhok)
PST-R01-FDT08-FAT01,36.856833,43.02016162,Fiber Speed (Duhok)
PST-R01-FDT08-FAT02,36.85698679,43.01960936,Fiber Speed (Duhok)
PST-R01-FDT08-FAT03,36.85706371,43.01967165,Fiber Speed (Duhok)
PST-R01-FDT08-FAT04,36.857096,43.01906684,Fiber Speed (Duhok)
PST-R01-FDT08-FAT05,36.85761423,43.01889767,Fiber Speed (Duhok)
PST-R01-FDT08-FAT06,36.85798852,43.01986652,Fiber Speed (Duhok)
PST-R01-FDT08-FAT07,36.85836954,43.02013127,Fiber Speed (Duhok)
PST-R01-FDT08-FAT08,36.85871925,43.01991333,Fiber Speed (Duhok)
PST-R01-FDT08-FAT09,36.85858065,43.02045493,Fiber Speed (Duhok)
PST-R01-FDT08-FAT10,36.85917916,43.02081224,Fiber Speed (Duhok)
PST-R01-FDT08-FAT11,36.85724635,43.01761583,Fiber Speed (Duhok)
PST-R01-FDT08-FAT12,36.85648475,43.0173087,Fiber Speed (Duhok)
PST-R01-FDT08-FAT13,36.8580511,43.01787507,Fiber Speed (Duhok)
PST-R01-FDT08-FAT14,36.85844424,43.01809741,Fiber Speed (Duhok)
PST-R01-FDT08-FAT15,36.8573418,43.01825634,Fiber Speed (Duhok)
PST-R01-FDT08-FAT16,36.85772833,43.01862378,Fiber Speed (Duhok)
PST-R01-FDT08-FAT17,36.85851781,43.0186553,Fiber Speed (Duhok)
PST-R01-FDT08-FAT18,36.85866209,43.01910814,Fiber Speed (Duhok)
PST-R01-FDT08-FAT19,36.85904421,43.01977834,Fiber Speed (Duhok)
PST-R01-FDT08-FAT20,36.85967938,43.01964641,Fiber Speed (Duhok)
PST-R01-FDT08-FAT21,36.86008759,43.01911103,Fiber Speed (Duhok)
PST-R01-FDT08-FAT22,36.85988366,43.01867956,Fiber Speed (Duhok)
PST-R01-FDT08-FAT23,36.86038928,43.01929486,Fiber Speed (Duhok)
PST-R01-FDT08-FAT24,36.85645271,43.02045939,Fiber Speed (Duhok)
PST-R01-FDT08-FAT25,36.85574905,43.01990155,Fiber Speed (Duhok)
PST-R01-FDT08-FAT26,36.85517453,43.0191892,Fiber Speed (Duhok)
PST-R01-FDT08-FAT27,36.85472203,43.01929488,Fiber Speed (Duhok)
PST-R01-FDT08-FAT28,36.85449053,43.01873077,Fiber Speed (Duhok)
PST-R01-FDT08-FAT29,36.85407579,43.01863972,Fiber Speed (Duhok)
PST-R01-FDT08-FAT30,36.85357608,43.01860159,Fiber Speed (Duhok)
PST-R01-FDT08-FAT31,36.85377311,43.01789182,Fiber Speed (Duhok)
PST-R01-FDT08-FAT32,36.85606574,43.01955231,Fiber Speed (Duhok)
PST-R01-FDT08-FAT33,36.85540626,43.01881796,Fiber Speed (Duhok)
PST-R01-FDT08-FAT34,36.85456831,43.01826253,Fiber Speed (Duhok)
PST-R01-FDT08-FAT35,36.85611229,43.01908267,Fiber Speed (Duhok)
PST-R01-FDT08-FAT36,36.85555676,43.01821195,Fiber Speed (Duhok)
PST-R01-FDT08-FAT37,36.85520307,43.0179556,Fiber Speed (Duhok)
PST-R01-FDT08-FAT38,36.85489993,43.01780653,Fiber Speed (Duhok)
PST-R01-FDT08-FAT39,36.85500501,43.01733542,Fiber Speed (Duhok)
PST-R01-FDT08-FAT40,36.8545371,43.01693619,Fiber Speed (Duhok)
PST-R01-FDT08-FAT41,36.85685998,43.01835901,Fiber Speed (Duhok)
PST-R01-FDT08-FAT42,36.85626805,43.0185608,Fiber Speed (Duhok)
PST-R01-FDT08-FAT43,36.85607313,43.01777748,Fiber Speed (Duhok)
PST-R01-FDT08-FAT44,36.85616014,43.01746133,Fiber Speed (Duhok)
PST-R01-FDT08-FAT45,36.85587859,43.01724917,Fiber Speed (Duhok)
PST-R01-FDT08-FAT46,36.85556986,43.01715664,Fiber Speed (Duhok)
PST-R01-FDT08-FAT47,36.85512565,43.0165276,Fiber Speed (Duhok)
PST-R01-FDT08-FAT48,36.85445484,43.01627308,Fiber Speed (Duhok)
PST-R01-FDT08-FAT49,36.8579272,43.01930455,Fiber Speed (Duhok)
PST-R01-FDT08-FAT50,36.85976077,43.02123209,Fiber Speed (Duhok)
PST-R01-FDT08-FAT51,36.85780658,43.02049255,Fiber Speed (Duhok)
PST-R01-FDT09-FAT01,36.85771074,43.01651047,Fiber Speed (Duhok)
PST-R01-FDT09-FAT02,36.85833346,43.01691512,Fiber Speed (Duhok)
PST-R01-FDT09-FAT03,36.85754166,43.01704529,Fiber Speed (Duhok)
PST-R01-FDT09-FAT04,36.85814054,43.01740839,Fiber Speed (Duhok)
PST-R01-FDT09-FAT05,36.8587709,43.01766887,Fiber Speed (Duhok)
PST-R01-FDT09-FAT06,36.8571469,43.01686687,Fiber Speed (Duhok)
PST-R01-FDT09-FAT07,36.85645223,43.01658579,Fiber Speed (Duhok)
PST-R01-FDT09-FAT08,36.85564033,43.0163822,Fiber Speed (Duhok)
PST-R01-FDT09-FAT09,36.85766129,43.01648955,Fiber Speed (Duhok)
PST-R01-FDT09-FAT10,36.85742558,43.01639209,Fiber Speed (Duhok)
PST-R01-FDT09-FAT11,36.85680415,43.01615723,Fiber Speed (Duhok)
PST-R01-FDT09-FAT12,36.85627729,43.01595526,Fiber Speed (Duhok)
PST-R01-FDT09-FAT13,36.85584756,43.01593698,Fiber Speed (Duhok)
PST-R01-FDT09-FAT14,36.85541525,43.01574853,Fiber Speed (Duhok)
PST-R01-FDT09-FAT15,36.85494283,43.01571719,Fiber Speed (Duhok)
PST-R01-FDT09-FAT16,36.85459255,43.01562855,Fiber Speed (Duhok)
PST-R01-FDT09-FAT17,36.85764475,43.01550135,Fiber Speed (Duhok)
PST-R01-FDT09-FAT18,36.85721952,43.01536846,Fiber Speed (Duhok)
PST-R01-FDT09-FAT19,36.85667168,43.01577009,Fiber Speed (Duhok)
PST-R01-FDT09-FAT20,36.85635053,43.01500001,Fiber Speed (Duhok)
PST-R01-FDT09-FAT21,36.85573979,43.01485473,Fiber Speed (Duhok)
PST-R01-FDT09-FAT22,36.85561128,43.01442193,Fiber Speed (Duhok)
PST-R01-FDT09-FAT23,36.85567996,43.01405629,Fiber Speed (Duhok)
PST-R01-FDT09-FAT24,36.8550843,43.01386763,Fiber Speed (Duhok)
PST-R01-FDT09-FAT25,36.85489659,43.01532044,Fiber Speed (Duhok)
PST-R01-FDT09-FAT26,36.85551342,43.01482457,Fiber Speed (Duhok)
PST-R01-FDT09-FAT27,36.85458007,43.01490045,Fiber Speed (Duhok)
PST-R01-FDT09-FAT28,36.85802066,43.01512566,Fiber Speed (Duhok)
PST-R01-FDT09-FAT29,36.85705953,43.01488724,Fiber Speed (Duhok)
PST-R01-FDT09-FAT30,36.85642174,43.01456757,Fiber Speed (Duhok)
PST-R01-FDT09-FAT31,36.85655519,43.01405406,Fiber Speed (Duhok)
PST-R01-FDT09-FAT32,36.85581216,43.01352934,Fiber Speed (Duhok)
PST-R01-FDT09-FAT33,36.85846816,43.01474834,Fiber Speed (Duhok)
PST-R01-FDT09-FAT34,36.85827575,43.01523455,Fiber Speed (Duhok)
PST-R01-FDT09-FAT35,36.85864231,43.01541865,Fiber Speed (Duhok)
PST-R01-FDT09-FAT36,36.85859619,43.0158463,Fiber Speed (Duhok)
PST-R01-FDT09-FAT37,36.85952047,43.01632731,Fiber Speed (Duhok)
PST-R01-FDT09-FAT38,36.85956744,43.01580828,Fiber Speed (Duhok)
PST-R01-FDT09-FAT39,36.86046351,43.01626204,Fiber Speed (Duhok)
PST-R01-FDT09-FAT40,36.85817819,43.0163001,Fiber Speed (Duhok)
PST-R01-FDT09-FAT41,36.85889548,43.01654337,Fiber Speed (Duhok)
PST-R01-FDT09-FAT42,36.85933568,43.01678095,Fiber Speed (Duhok)
PST-R01-FDT09-FAT43,36.85915104,43.01728246,Fiber Speed (Duhok)
PST-R01-FDT10-FAT01,36.85875509,43.01060235,Fiber Speed (Duhok)
PST-R01-FDT10-FAT02,36.8581211,43.01072188,Fiber Speed (Duhok)
PST-R01-FDT10-FAT03,36.85840352,43.01040077,Fiber Speed (Duhok)
PST-R01-FDT10-FAT04,36.85863308,43.01107877,Fiber Speed (Duhok)
PST-R01-FDT10-FAT05,36.85817797,43.01163373,Fiber Speed (Duhok)
PST-R01-FDT10-FAT06,36.85771129,43.01150079,Fiber Speed (Duhok)
PST-R01-FDT10-FAT07,36.85829602,43.01128249,Fiber Speed (Duhok)
PST-R01-FDT10-FAT08,36.8576602,43.0109756,Fiber Speed (Duhok)
PST-R01-FDT10-FAT09,36.85894767,43.01165152,Fiber Speed (Duhok)
PST-R01-FDT10-FAT10,36.8589383,43.01202884,Fiber Speed (Duhok)
PST-R01-FDT10-FAT11,36.85848499,43.01204436,Fiber Speed (Duhok)
PST-R01-FDT10-FAT12,36.85849765,43.01244422,Fiber Speed (Duhok)
PST-R01-FDT10-FAT13,36.85915819,43.01239157,Fiber Speed (Duhok)
PST-R01-FDT10-FAT14,36.85979746,43.01288435,Fiber Speed (Duhok)
PST-R01-FDT10-FAT15,36.85986218,43.0138224,Fiber Speed (Duhok)
PST-R01-FDT10-FAT16,36.85981597,43.01439837,Fiber Speed (Duhok)
PST-R01-FDT10-FAT17,36.85967295,43.01481105,Fiber Speed (Duhok)
PST-R01-FDT10-FAT18,36.85966352,43.01536035,Fiber Speed (Duhok)
PST-R01-FDT10-FAT19,36.85871634,43.01331565,Fiber Speed (Duhok)
PST-R01-FDT10-FAT20,36.8592464,43.01364936,Fiber Speed (Duhok)
PST-R01-FDT10-FAT21,36.85927308,43.01411174,Fiber Speed (Duhok)
PST-R01-FDT10-FAT22,36.8588533,43.01431508,Fiber Speed (Duhok)
PST-R01-FDT10-FAT23,36.8589969,43.01493982,Fiber Speed (Duhok)
PST-R01-FDT10-FAT24,36.85759013,43.01225005,Fiber Speed (Duhok)
PST-R01-FDT10-FAT25,36.85711835,43.01166959,Fiber Speed (Duhok)
PST-R01-FDT10-FAT26,36.85804792,43.01342565,Fiber Speed (Duhok)
PST-R01-FDT10-FAT27,36.85717202,43.01292773,Fiber Speed (Duhok)
PST-R01-FDT10-FAT28,36.85647431,43.01251021,Fiber Speed (Duhok)
PST-R01-FDT10-FAT29,36.85637379,43.01291624,Fiber Speed (Duhok)
PST-R01-FDT10-FAT30,36.85576151,43.01294674,Fiber Speed (Duhok)
PST-R01-FDT10-FAT31,36.85658036,43.01372346,Fiber Speed (Duhok)
PST-R01-FDT10-FAT32,36.85798851,43.01304164,Fiber Speed (Duhok)
PST-R01-FDT10-FAT33,36.85755653,43.01259761,Fiber Speed (Duhok)
PST-R01-FDT10-FAT34,36.85834713,43.01386328,Fiber Speed (Duhok)
PST-R01-FDT10-FAT35,36.8579039,43.01451058,Fiber Speed (Duhok)
PST-R01-FDT10-FAT36,36.85766577,43.01378199,Fiber Speed (Duhok)
PST-R01-FDT10-FAT37,36.85708498,43.01354361,Fiber Speed (Duhok)
PST-R01-FDT10-FAT38,36.8573495,43.01407731,Fiber Speed (Duhok)
PST-R01-FDT10-FAT39,36.8571787,43.01458167,Fiber Speed (Duhok)
PST-R01-FDT10-FAT40,36.85864399,43.009919,Fiber Speed (Duhok)
PST-R01-FDT10-FAT41,36.85784724,43.00994684,Fiber Speed (Duhok)
PST-R01-FDT10-FAT42,36.85957272,43.00996713,Fiber Speed (Duhok)
PST-R01-FDT10-FAT43,36.85946636,43.00926552,Fiber Speed (Duhok)
PST-R01-FDT10-FAT44,36.85973551,43.00915078,Fiber Speed (Duhok)
PST-R01-FDT10-FAT45,36.86009108,43.00953448,Fiber Speed (Duhok)
PST-R01-FDT10-FAT46,36.85944294,43.010345,Fiber Speed (Duhok)
PST-R01-FDT10-FAT47,36.85930992,43.01072622,Fiber Speed (Duhok)
PST-R01-FDT10-FAT48,36.85897459,43.01500418,Fiber Speed (Duhok)
PST-R01-FDT10-FAT49,36.86023285,43.01383709,Fiber Speed (Duhok)
PST-R01-FDT10-FAT50,36.85903136,43.00953793,Fiber Speed (Duhok)
PST-R01-FDT11-FAT01,36.85872131,43.00794595,O3 Areas Duhok
PST-R01-FDT11-FAT02,36.85871178,43.00796578,O3 Areas Duhok
PST-R01-FDT11-FAT03,36.85870379,43.00798615,O3 Areas Duhok
PST-R01-FDT11-FAT04,36.85870547,43.00793437,O3 Areas Duhok
PST-R01-FDT11-FAT05,36.85869567,43.00795315,O3 Areas Duhok
PST-R01-FDT11-FAT06,36.85868753,43.00797416,O3 Areas Duhok
PST-R01-FDT11-FAT07,36.85868888,43.00792365,O3 Areas Duhok
PST-R01-FDT11-FAT08,36.85867935,43.00794348,O3 Areas Duhok
PST-R01-FDT11-FAT09,36.85867136,43.00796385,O3 Areas Duhok
PST-R01-FDT11-FAT10,36.85824173,43.00764846,O3 Areas Duhok
PST-R01-FDT11-FAT11,36.8582322,43.00766829,O3 Areas Duhok
PST-R01-FDT11-FAT12,36.8582242,43.00768866,O3 Areas Duhok
PST-R01-FDT11-FAT13,36.85822589,43.00763688,O3 Areas Duhok
PST-R01-FDT11-FAT14,36.85821609,43.00765566,O3 Areas Duhok
PST-R01-FDT11-FAT15,36.85820795,43.00767667,O3 Areas Duhok
PST-R01-FDT11-FAT16,36.8582093,43.00762616,O3 Areas Duhok
PST-R01-FDT11-FAT17,36.85819977,43.00764599,O3 Areas Duhok
PST-R01-FDT11-FAT18,36.85819178,43.00766636,O3 Areas Duhok
PST-R01-FDT11-FAT19,36.85818272,43.00763325,O3 Areas Duhok
PST-R01-FDT11-FAT20,36.85801459,43.00807007,O3 Areas Duhok
PST-R01-FDT11-FAT21,36.85800506,43.0080899,O3 Areas Duhok
PST-R01-FDT11-FAT22,36.85799706,43.00811026,O3 Areas Duhok
PST-R01-FDT11-FAT23,36.85799875,43.00805849,O3 Areas Duhok
PST-R01-FDT11-FAT24,36.85798895,43.00807727,O3 Areas Duhok
PST-R01-FDT11-FAT25,36.85798081,43.00809828,O3 Areas Duhok
PST-R01-FDT11-FAT26,36.85798216,43.00804777,O3 Areas Duhok
PST-R01-FDT11-FAT27,36.85797263,43.0080676,O3 Areas Duhok
PST-R01-FDT11-FAT28,36.85796464,43.00808797,O3 Areas Duhok
PST-R01-FDT11-FAT29,36.85795672,43.00805572,O3 Areas Duhok
PST-R01-FDT11-FAT30,36.85869039,43.00795811,O3 Areas Duhok
PST-R02-FDT01-FAT01,36.83995441,43.02165156,3BG
PST-R02-FDT01-FAT02,36.84041529,43.02186506,3BG
PST-R02-FDT01-FAT03,36.84085216,43.02226623,3BG
PST-R02-FDT01-FAT04,36.84073915,43.02271461,3BG
PST-R02-FDT01-FAT05,36.84161509,43.02276933,3BG
PST-R02-FDT01-FAT06,36.84118146,43.02115445,3BG
PST-R02-FDT01-FAT07,36.84324478,43.02096753,3BG
PST-R02-FDT01-FAT08,36.84114838,43.02182415,3BG
PST-R02-FDT01-FAT09,36.84228692,43.02177982,3BG
PST-R02-FDT01-FAT10,36.84277959,43.02238761,3BG
PST-R02-FDT01-FAT11,36.84278205,43.02200091,3BG
PST-R02-FDT01-FAT12,36.843897,43.02207468,3BG
PST-R02-FDT01-FAT13,36.84391614,43.0215353,3BG
PST-R02-FDT01-FAT14,36.84392003,43.02137922,3BG
PST-R02-FDT01-FAT15,36.84437047,43.02159625,3BG
PST-R02-FDT01-FAT16,36.84480545,43.0225164,3BG
PST-R02-FDT01-FAT17,36.84484821,43.02122969,3BG
PST-R02-FDT01-FAT18,36.84548264,43.02148724,3BG
PST-R02-FDT01-FAT19,36.84607218,43.02180483,3BG
PST-R02-FDT01-FAT20,36.84601492,43.02065884,3BG
PST-R02-FDT01-FAT21,36.84580821,43.02003207,3BG
PST-R02-FDT01-FAT22,36.84603245,43.01941676,3BG
PST-R02-FDT01-FAT23,36.84199524,43.02693544,3BG
PST-R02-FDT01-FAT24,36.84006794,43.01974952,3BG
PST-R02-FDT01-FAT25,36.84051546,43.01918092,3BG
PST-R02-FDT01-FAT26,36.84052605,43.01889922,3BG
PST-R02-FDT01-FAT27,36.84093869,43.01851604,3BG
PST-R02-FDT01-FAT28,36.84185715,43.01828679,3BG
PST-R02-FDT01-FAT29,36.84188246,43.01898495,3BG
PST-R02-FDT01-FAT30,36.84084365,43.0203927,3BG
PST-R02-FDT01-FAT31,36.84140589,43.02039417,3BG
PST-R02-FDT01-FAT32,36.84184636,43.02038284,3BG
PST-R02-FDT01-FAT33,36.84231153,43.01968944,3BG
PST-R02-FDT01-FAT34,36.84278518,43.01979571,3BG
PST-R02-FDT01-FAT35,36.84315942,43.01999052,3BG
PST-R02-FDT01-FAT36,36.84321599,43.01981465,3BG
PST-R02-FDT01-FAT37,36.84324113,43.01889087,3BG
PST-R02-FDT01-FAT38,36.84363172,43.01907317,3BG
PST-R02-FDT01-FAT39,36.84463121,43.01908843,3BG
PST-R02-FDT01-FAT40,36.84474466,43.01986106,3BG
PST-R02-FDT01-FAT41,36.84473466,43.02043272,3BG
PST-R02-FDT01-FAT42,36.84408973,43.02042245,3BG
PST-R02-FDT01-FAT43,36.84464099,43.01834141,3BG
PST-R02-FDT01-FAT44,36.84524191,43.01846469,3BG
PST-R02-FDT01-FAT45,36.8456092,43.01814986,3BG
PST-R02-FDT01-FAT46,36.84608605,43.01797971,3BG
PST-R02-FDT01-FAT47,36.84620144,43.01739601,3BG
PST-R02-FDT01-FAT48,36.84609289,43.017152,3BG
PST-R02-FDT01-FAT49,36.8390388,43.02473469,3BG
PST-R02-FDT01-FAT50,36.83977452,43.02100213,3BG
PST-R02-FDT01-FAT51,36.83918121,43.02405212,3BG
PST-R02-FDT01-FAT52,36.83944251,43.01727414,3BG
PST-R02-FDT01-FAT53,36.84019057,43.02324897,3BG
PST-R02-FDT01-FAT54,36.84063048,43.02170178,3BG
PST-R02-FDT01-FAT55,36.8397309,43.02132782,3BG
PST-R02-FDT01-FAT56,36.83926785,43.0175648,3BG
PST-R02-FDT01-FAT57,36.83854305,43.02041789,3BG
PST-R02-FDT02-FAT01,36.8392484,43.03714052,3BG
PST-R02-FDT02-FAT02,36.84082923,43.0360928,3BG
PST-R02-FDT02-FAT03,36.84133699,43.0339594,3BG
PST-R02-FDT02-FAT04,36.84140389,43.03330785,3BG
PST-R02-FDT02-FAT05,36.84312421,43.03452214,3BG
PST-R02-FDT02-FAT06,36.843049,43.03343682,3BG
PST-R02-FDT02-FAT07,36.84313192,43.03201564,3BG
PST-R02-FDT02-FAT08,36.84431719,43.03124741,3BG
PST-R02-FDT02-FAT09,36.84490033,43.03086869,3BG
PST-R02-FDT02-FAT10,36.84066842,43.037786,3BG
PST-R02-FDT02-FAT11,36.84177638,43.03794136,3BG
PST-R02-FDT02-FAT12,36.84364797,43.0381678,3BG
PST-R02-FDT02-FAT13,36.84374966,43.03948969,3BG
PST-R02-FDT02-FAT14,36.84349786,43.03951793,3BG
PST-R02-FDT02-FAT15,36.84570267,43.03974716,3BG
PST-R02-FDT02-FAT16,36.84341206,43.03693768,3BG
PST-R02-FDT02-FAT17,36.84348474,43.03606706,3BG
PST-R02-FDT02-FAT18,36.84381149,43.03612185,3BG
PST-R02-FDT02-FAT19,36.84373647,43.03698366,3BG
PST-R02-FDT02-FAT20,36.84470156,43.03711872,3BG
PST-R02-FDT02-FAT21,36.84476525,43.0361254,3BG
PST-R02-FDT02-FAT22,36.84491136,43.03440055,3BG
PST-R02-FDT02-FAT23,36.84126222,43.037179,3BG
PST-R02-FDT02-FAT24,36.83930481,43.03955354,3BG
PST-R02-FDT02-FAT25,36.8398006,43.04153961,3BG
PST-R02-FDT02-FAT26,36.84439021,43.040869,3BG
PST-R02-FDT02-FAT27,36.84008737,43.03960209,3BG
PST-R02-FDT02-FAT28,36.83928265,43.03509223,3BG
PST-R02-FDT02-FAT29,36.83927274,43.03365487,3BG
PST-R02-FDT02-FAT30,36.84207043,43.04093869,3BG
PST-R02-FDT02-FAT31,36.84288081,43.04101846,3BG
PST-R02-FDT02-FAT32,36.84117369,43.04171759,3BG
PST-R02-FDT02-FAT33,36.84244683,43.0401093,3BG
PST-R02-FDT02-FAT34,36.84216331,43.04158588,3BG
PST-R02-FDT02-FAT35,36.84196078,43.04348114,3BG
PST-R02-FDT02-FAT36,36.84102167,43.04439019,3BG
PST-R02-FDT02-FAT37,36.84567842,43.02958023,3BG
PST-R02-FDT02-FAT38,36.84600949,43.03734251,3BG
PST-R02-FDT02-FAT39,36.84572575,43.03611119,3BG
PST-R02-FDT02-FAT40,36.84409786,43.034535,3BG
PST-R02-FDT02-FAT41,36.84571488,43.03324983,3BG
PST-R02-FDT02-FAT42,36.83786972,43.04375327,Fiber Speed (Duhok)
PST-R02-FDT02-FAT43,36.83719268,43.04461589,Fiber Speed (Duhok)
PST-R02-FDT02-FAT44,36.83655104,43.04416782,Fiber Speed (Duhok)
PST-R02-FDT02-FAT45,36.83698334,43.04540116,Fiber Speed (Duhok)
PST-R02-FDT02-FAT46,36.83685708,43.04631169,Fiber Speed (Duhok)
PST-R02-FDT02-FAT47,36.83757313,43.04628008,Fiber Speed (Duhok)
PST-R02-FDT02-FAT48,36.83705134,43.04832127,Fiber Speed (Duhok)
PST-R02-FDT02-FAT49,36.8368578,43.04905063,Fiber Speed (Duhok)
PST-R02-FDT02-FAT50,36.83641162,43.04951868,Fiber Speed (Duhok)
PST-R02-FDT02-FAT51,36.83760859,43.04947444,Fiber Speed (Duhok)
PST-R02-FDT02-FAT52,36.83761884,43.05231372,Fiber Speed (Duhok)
PST-R02-FDT02-FAT53,36.83686253,43.05361983,Fiber Speed (Duhok)
PST-R02-FDT02-FAT54,36.83717083,43.052793,Fiber Speed (Duhok)
PST-R02-FDT02-FAT55,36.83716172,43.0521724,Fiber Speed (Duhok)
PST-R02-FDT02-FAT56,36.83743178,43.04392765,Fiber Speed (Duhok)
PST-R02-FDT02-FAT57,36.83663048,43.04707615,Fiber Speed (Duhok)
PST-R02-FDT02-FAT58,36.83757876,43.0483061,Fiber Speed (Duhok)
PST-R02-FDT02-FAT59,36.83761151,43.05012789,Fiber Speed (Duhok)
PST-R02-FDT02-FAT60,36.83808931,43.05246003,Fiber Speed (Duhok)
PST-R02-FDT02-FAT61,36.83700306,43.04563659,Fiber Speed (Duhok)
PST-R02-FDT02-FAT62,36.83634724,43.0524935,Fiber Speed (Duhok)
PST-R02-FDT02-FAT63,36.83993631,43.03583398,3BG
PST-R02-FDT02-FAT64,36.84088639,43.0352313,3BG
PST-R02-FDT02-FAT65,36.84136538,43.03489264,3BG
PST-R02-FDT02-FAT66,36.84158634,43.03600912,3BG
PST-R02-FDT02-FAT67,36.84100613,43.0384066,3BG
PST-R02-FDT02-FAT68,36.84170789,43.03842152,3BG
PST-R02-FDT02-FAT69,36.84318113,43.03694449,3BG
PST-R02-FDT02-FAT70,36.84003081,43.03159756,3BG
PST-R02-FDT02-FAT71,36.84066623,43.03064776,3BG
PST-R02-FDT02-FAT72,36.84110083,43.03075353,3BG
PST-R02-FDT02-FAT73,36.83655404,43.04463374,Fiber Speed (Duhok)
PST-R02-FDT02-FAT74,36.83648645,43.0489611,Fiber Speed (Duhok)
PST-R02-FDT02-FAT75,36.83761648,43.05263112,Fiber Speed (Duhok)
PST-R02-FDT02-FAT76,36.83753248,43.04289729,Fiber Speed (Duhok)
PST-R02-FDT02-FAT77,36.83747847,43.04483858,Fiber Speed (Duhok)
PST-R02-FDT02-FAT78,36.83795924,43.04823696,Fiber Speed (Duhok)
PST-R02-FDT02-FAT79,36.83926491,43.03369209,Fiber Speed (Duhok)
PST-R02-FDT02-FAT80,36.83641974,43.05016652,Fiber Speed (Duhok)
PST-R02-FDT03-FAT01,36.84552059,43.04618926,3BG
PST-R02-FDT03-FAT02,36.84541903,43.04768123,3BG
PST-R02-FDT03-FAT03,36.84516477,43.04833667,3BG
PST-R02-FDT03-FAT04,36.84485109,43.04961702,3BG
PST-R02-FDT03-FAT05,36.84471844,43.04943727,3BG
PST-R02-FDT03-FAT06,36.84470069,43.04959042,3BG
PST-R02-FDT03-FAT07,36.84416467,43.05038629,3BG
PST-R02-FDT03-FAT08,36.84357102,43.05056684,3BG
PST-R02-FDT03-FAT09,36.84276855,43.04982407,3BG
PST-R02-FDT03-FAT10,36.84478552,43.04831622,3BG
PST-R02-FDT03-FAT11,36.84479699,43.04821859,3BG
PST-R02-FDT03-FAT12,36.84432782,43.04813031,3BG
PST-R02-FDT03-FAT13,36.84418897,43.04830054,3BG
PST-R02-FDT03-FAT14,36.84377613,43.04925403,3BG
PST-R02-FDT03-FAT15,36.84310409,43.04917405,3BG
PST-R02-FDT03-FAT16,36.84314615,43.04858706,3BG
PST-R02-FDT03-FAT17,36.84273657,43.04791052,3BG
PST-R02-FDT03-FAT18,36.84638195,43.04692497,3BG
PST-R02-FDT03-FAT19,36.84702709,43.04740111,3BG
PST-R02-FDT03-FAT20,36.84723474,43.04717645,3BG
PST-R02-FDT03-FAT21,36.84767167,43.04791501,3BG
PST-R02-FDT03-FAT22,36.84770897,43.04820505,3BG
PST-R02-FDT03-FAT23,36.8462384,43.04812812,3BG
PST-R02-FDT03-FAT24,36.84672192,43.04841002,3BG
PST-R02-FDT03-FAT25,36.84655941,43.04924573,3BG
PST-R02-FDT03-FAT26,36.84648605,43.04926971,3BG
PST-R02-FDT03-FAT27,36.84765244,43.04647909,3BG
PST-R02-FDT03-FAT28,36.84770944,43.04539901,3BG
PST-R02-FDT03-FAT29,36.84681863,43.04660269,3BG
PST-R02-FDT03-FAT30,36.84704562,43.04562376,3BG
PST-R02-FDT03-FAT31,36.84697362,43.04501956,3BG
PST-R02-FDT03-FAT32,36.84538965,43.04507584,3BG
PST-R02-FDT03-FAT33,36.84563517,43.04439533,3BG
PST-R02-FDT03-FAT34,36.84595581,43.04445875,3BG
PST-R02-FDT03-FAT35,36.8461862,43.04289624,3BG
PST-R02-FDT03-FAT36,36.84610097,43.04242134,3BG
PST-R02-FDT03-FAT37,36.84626347,43.04343043,3BG
PST-R02-FDT03-FAT38,36.8471969,43.04353276,3BG
PST-R02-FDT03-FAT39,36.84725923,43.04287628,3BG
PST-R02-FDT03-FAT40,36.84822174,43.0533347,3BG
PST-R02-FDT03-FAT41,36.84400921,43.04638967,Fiber Speed (Duhok)
PST-R02-FDT03-FAT42,36.84338048,43.04632186,Fiber Speed (Duhok)
PST-R02-FDT03-FAT43,36.84122834,43.04608976,Fiber Speed (Duhok)
PST-R02-FDT03-FAT44,36.8413917,43.04674082,Fiber Speed (Duhok)
PST-R02-FDT03-FAT45,36.84146909,43.04774172,Fiber Speed (Duhok)
PST-R02-FDT03-FAT46,36.84133994,43.04952684,Fiber Speed (Duhok)
PST-R02-FDT03-FAT47,36.84094693,43.04818106,Fiber Speed (Duhok)
PST-R02-FDT03-FAT48,36.84062267,43.04871873,Fiber Speed (Duhok)
PST-R02-FDT03-FAT49,36.83988532,43.04946425,Fiber Speed (Duhok)
PST-R02-FDT03-FAT50,36.83952198,43.04796635,Fiber Speed (Duhok)
PST-R02-FDT03-FAT51,36.84445523,43.0541356,Fiber Speed (Duhok)
PST-R02-FDT03-FAT52,36.84446675,43.05411444,Fiber Speed (Duhok)
PST-R02-FDT03-FAT53,36.84447983,43.05409334,Fiber Speed (Duhok)
PST-R02-FDT03-FAT54,36.84413626,43.05386453,Fiber Speed (Duhok)
PST-R02-FDT03-FAT55,36.84414777,43.05384337,Fiber Speed (Duhok)
PST-R02-FDT03-FAT56,36.84416085,43.05382228,Fiber Speed (Duhok)
PST-R02-FDT03-FAT57,36.843808,43.05359508,Fiber Speed (Duhok)
PST-R02-FDT03-FAT58,36.84381952,43.05357393,Fiber Speed (Duhok)
PST-R02-FDT03-FAT59,36.8438326,43.05355283,Fiber Speed (Duhok)
PST-R02-FDT03-FAT60,36.84402861,43.05311935,Fiber Speed (Duhok)
PST-R02-FDT03-FAT61,36.84404012,43.05309819,Fiber Speed (Duhok)
PST-R02-FDT03-FAT62,36.8440532,43.0530771,Fiber Speed (Duhok)
PST-R02-FDT03-FAT63,36.84436273,43.05331808,Fiber Speed (Duhok)
PST-R02-FDT03-FAT64,36.84440488,43.05336669,Fiber Speed (Duhok)
PST-R02-FDT03-FAT65,36.84442072,43.05338318,Fiber Speed (Duhok)
PST-R02-FDT03-FAT66,36.84468115,43.05362524,Fiber Speed (Duhok)
PST-R02-FDT03-FAT67,36.84469711,43.05364076,Fiber Speed (Duhok)
PST-R02-FDT03-FAT68,36.84471295,43.05365725,Fiber Speed (Duhok)
PST-R02-FDT03-FAT69,36.84144204,43.04610321,Fiber Speed (Duhok)
PST-R02-FDT03-FAT70,36.84017298,43.04866293,Fiber Speed (Duhok)
PST-R02-FDT03-FAT71,36.83896275,43.04926739,Fiber Speed (Duhok)
PST-R02-FDT03-FAT72,36.84097127,43.04762028,Fiber Speed (Duhok)
PST-R02-FDT03-FAT73,36.84438303,43.05410566,Fiber Speed (Duhok)
PST-R02-FDT03-FAT74,36.84411791,43.05380393,Fiber Speed (Duhok)
PST-R02-FDT03-FAT75,36.84375201,43.0534998,Fiber Speed (Duhok)
PST-R02-FDT03-FAT76,36.8439905,43.05301273,Fiber Speed (Duhok)
PST-R02-FDT03-FAT77,36.84434548,43.0533231,Fiber Speed (Duhok)
PST-R02-FDT03-FAT78,36.84469906,43.05364154,Fiber Speed (Duhok)
PST-R02-FDT03-FAT79,36.83982566,43.04599146,Fiber Speed (Duhok)
PST-R02-FDT03-FAT80,36.84272933,43.04690768,Fiber Speed (Duhok)
PST-R02-FDT03-FAT81,36.84041701,43.05005577,Fiber Speed (Duhok)
PST-R02-FDT03-FAT82,36.84120239,43.04966835,Fiber Speed (Duhok)
PST-R02-FDT03-FAT83,36.84115963,43.05015777,Fiber Speed (Duhok)
PST-R02-FDT03-FAT84,36.84017729,43.04824769,Fiber Speed (Duhok)
PST-R02-FDT03-FAT85,36.841015,43.04693501,Fiber Speed (Duhok)
PST-R02-FDT03-FAT86,36.84235681,43.05033396,Fiber Speed (Duhok)
PST-R02-FDT03-FAT87,36.84429628,43.04731463,Fiber Speed (Duhok)
PST-R02-FDT03-FAT88,36.83945768,43.04882989,Fiber Speed (Duhok)
PST-R02-FDT03-FAT89,36.84492843,43.05038841,3BG
PST-R03-FDT01-FAT01,36.85236368,43.03757813,Fiber Speed (Duhok)
PST-R03-FDT01-FAT02,36.85241705,43.03648393,Fiber Speed (Duhok)
PST-R03-FDT01-FAT03,36.85140368,43.03639633,Fiber Speed (Duhok)
PST-R03-FDT01-FAT04,36.85063812,43.03675657,Fiber Speed (Duhok)
PST-R03-FDT01-FAT05,36.8498463,43.03701628,Fiber Speed (Duhok)
PST-R03-FDT01-FAT06,36.85021214,43.03621685,Fiber Speed (Duhok)
PST-R03-FDT01-FAT07,36.85131009,43.03716066,Fiber Speed (Duhok)
PST-R03-FDT01-FAT08,36.8507727,43.03597569,Fiber Speed (Duhok)
PST-R03-FDT01-FAT09,36.84973373,43.03485528,Fiber Speed (Duhok)
PST-R03-FDT01-FAT10,36.85130754,43.03529712,Fiber Speed (Duhok)
PST-R03-FDT01-FAT11,36.85038402,43.03570342,Fiber Speed (Duhok)
PST-R03-FDT01-FAT12,36.85129828,43.0356779,Fiber Speed (Duhok)
PST-R03-FDT01-FAT13,36.85198945,43.03577849,Fiber Speed (Duhok)
PST-R03-FDT01-FAT14,36.85218614,43.04127226,Fiber Speed (Duhok)
PST-R03-FDT01-FAT15,36.85216105,43.04179741,Fiber Speed (Duhok)
PST-R03-FDT01-FAT16,36.85213626,43.04231625,Fiber Speed (Duhok)
PST-R03-FDT01-FAT17,36.8520761,43.03990513,Fiber Speed (Duhok)
PST-R03-FDT01-FAT18,36.85128422,43.03990246,Fiber Speed (Duhok)
PST-R03-FDT01-FAT19,36.85050386,43.03983552,Fiber Speed (Duhok)
PST-R03-FDT01-FAT20,36.85179423,43.04056164,Fiber Speed (Duhok)
PST-R03-FDT01-FAT21,36.85087594,43.04046267,Fiber Speed (Duhok)
PST-R03-FDT01-FAT22,36.85086004,43.04090601,Fiber Speed (Duhok)
PST-R03-FDT01-FAT23,36.85054677,43.04134646,Fiber Speed (Duhok)
PST-R03-FDT01-FAT24,36.85035282,43.04165632,Fiber Speed (Duhok)
PST-R03-FDT01-FAT25,36.85213603,43.03930596,Fiber Speed (Duhok)
PST-R03-FDT01-FAT26,36.85138563,43.03922357,Fiber Speed (Duhok)
PST-R03-FDT01-FAT27,36.8506609,43.03914802,Fiber Speed (Duhok)
PST-R03-FDT01-FAT28,36.8501876,43.03923258,Fiber Speed (Duhok)
PST-R03-FDT01-FAT29,36.85008235,43.03980316,Fiber Speed (Duhok)
PST-R03-FDT01-FAT30,36.84997348,43.0403934,Fiber Speed (Duhok)
PST-R03-FDT01-FAT31,36.84991209,43.04073882,Fiber Speed (Duhok)
PST-R03-FDT01-FAT32,36.84983031,43.04109683,Fiber Speed (Duhok)
PST-R03-FDT01-FAT33,36.84973733,43.04167361,Fiber Speed (Duhok)
PST-R03-FDT01-FAT34,36.85207691,43.03895766,Fiber Speed (Duhok)
PST-R03-FDT01-FAT35,36.85108429,43.03885737,Fiber Speed (Duhok)
PST-R03-FDT01-FAT36,36.85027619,43.03877921,Fiber Speed (Duhok)
PST-R03-FDT01-FAT37,36.85024549,43.03823047,Fiber Speed (Duhok)
PST-R03-FDT01-FAT38,36.85113122,43.03830183,Fiber Speed (Duhok)
PST-R03-FDT01-FAT39,36.85196782,43.03837009,Fiber Speed (Duhok)
PST-R03-FDT01-FAT40,36.85001633,43.03817682,Fiber Speed (Duhok)
PST-R03-FDT01-FAT41,36.84991039,43.03757772,Fiber Speed (Duhok)
PST-R03-FDT01-FAT42,36.85049146,43.03762887,Fiber Speed (Duhok)
PST-R03-FDT01-FAT43,36.85131006,43.03770832,Fiber Speed (Duhok)
PST-R03-FDT01-FAT44,36.85168585,43.0377598,Fiber Speed (Duhok)
PST-R03-FDT01-FAT45,36.8523915,43.03589155,Fiber Speed (Duhok)
PST-R03-FDT01-FAT46,36.85220264,43.04046117,Fiber Speed (Duhok)
PST-R03-FDT01-FAT47,36.8500619,43.03532614,Fiber Speed (Duhok)
PST-R03-FDT01-FAT48,36.85104111,43.03745361,Fiber Speed (Duhok)
PST-R03-FDT01-FAT49,36.85227912,43.03724608,Fiber Speed (Duhok)
PST-R03-FDT02-FAT01,36.85277392,43.04806301,Fiber Speed (Duhok)
PST-R03-FDT02-FAT02,36.85297669,43.04887382,Fiber Speed (Duhok)
PST-R03-FDT02-FAT03,36.85351651,43.04942742,Fiber Speed (Duhok)
PST-R03-FDT02-FAT04,36.85430865,43.0495683,Fiber Speed (Duhok)
PST-R03-FDT02-FAT05,36.85351024,43.05006471,Fiber Speed (Duhok)
PST-R03-FDT02-FAT06,36.85334807,43.05110768,Fiber Speed (Duhok)
PST-R03-FDT02-FAT07,36.85337953,43.05165597,Fiber Speed (Duhok)
PST-R03-FDT02-FAT08,36.8540344,43.05171744,Fiber Speed (Duhok)
PST-R03-FDT02-FAT09,36.85412851,43.05011071,Fiber Speed (Duhok)
PST-R03-FDT02-FAT10,36.85419862,43.05058245,Fiber Speed (Duhok)
PST-R03-FDT02-FAT11,36.85607647,43.05060962,Fiber Speed (Duhok)
PST-R03-FDT02-FAT12,36.85396381,43.05125588,Fiber Speed (Duhok)
PST-R03-FDT02-FAT13,36.85283781,43.05128941,Fiber Speed (Duhok)
PST-R03-FDT02-FAT14,36.85356765,43.05272078,Fiber Speed (Duhok)
PST-R03-FDT02-FAT15,36.85366236,43.05336753,Fiber Speed (Duhok)
PST-R03-FDT02-FAT16,36.85361614,43.05396168,Fiber Speed (Duhok)
PST-R03-FDT02-FAT17,36.85410851,43.05231141,Fiber Speed (Duhok)
PST-R03-FDT02-FAT18,36.85278141,43.05266142,Fiber Speed (Duhok)
PST-R03-FDT02-FAT19,36.85274315,43.05352885,Fiber Speed (Duhok)
PST-R03-FDT02-FAT20,36.85314146,43.05417973,Fiber Speed (Duhok)
PST-R03-FDT02-FAT21,36.85354459,43.05466086,Fiber Speed (Duhok)
PST-R03-FDT02-FAT22,36.85266189,43.05555371,Fiber Speed (Duhok)
PST-R03-FDT02-FAT23,36.85304338,43.05682913,Fiber Speed (Duhok)
PST-R03-FDT02-FAT24,36.8535828,43.05736334,Fiber Speed (Duhok)
PST-R03-FDT02-FAT25,36.8544349,43.05593842,Fiber Speed (Duhok)
PST-R03-FDT02-FAT26,36.85515198,43.05654416,Fiber Speed (Duhok)
PST-R03-FDT02-FAT27,36.85514695,43.05438203,Fiber Speed (Duhok)
PST-R03-FDT02-FAT28,36.85536583,43.05371375,Fiber Speed (Duhok)
PST-R03-FDT02-FAT29,36.85582155,43.05328151,Fiber Speed (Duhok)
PST-R03-FDT02-FAT30,36.85334586,43.04770476,Fiber Speed (Duhok)
PST-R03-FDT02-FAT31,36.85331921,43.04819939,Fiber Speed (Duhok)
PST-R03-FDT02-FAT32,36.8541524,43.04825709,Fiber Speed (Duhok)
PST-R03-FDT02-FAT33,36.85452168,43.04802246,Fiber Speed (Duhok)
PST-R03-FDT02-FAT34,36.85296644,43.05659226,Fiber Speed (Duhok)
PST-R03-FDT02-FAT35,36.85641755,43.05407971,Fiber Speed (Duhok)
PST-R03-FDT02-FAT36,36.85383668,43.05825808,Fiber Speed (Duhok)
PST-R03-FDT02-FAT37,36.85517635,43.05420576,Fiber Speed (Duhok)
PST-R03-FDT02-FAT38,36.85395788,43.04776885,Fiber Speed (Duhok)
PST-R03-FDT02-FAT39,36.85587931,43.05125898,Fiber Speed (Duhok)
PST-R03-FDT02-FAT40,36.85637577,43.05280199,Fiber Speed (Duhok)
PST-R03-FDT02-FAT41,36.85299084,43.05005966,Fiber Speed (Duhok)
PST-R03-FDT02-FAT42,36.85419597,43.05347826,Fiber Speed (Duhok)
PST-R03-FDT02-FAT43,36.85332437,43.05538928,Fiber Speed (Duhok)
PST-R03-FDT02-FAT44,36.85507618,43.05774485,Fiber Speed (Duhok)
PST-R03-FDT02-FAT45,36.85503032,43.05186589,Fiber Speed (Duhok)
PST-R03-FDT03-FAT01,36.85312813,43.04656495,Fiber Speed (Duhok)
PST-R03-FDT03-FAT02,36.85420609,43.04663751,Fiber Speed (Duhok)
PST-R03-FDT03-FAT03,36.85507701,43.04665065,Fiber Speed (Duhok)
PST-R03-FDT03-FAT04,36.85586935,43.04680241,Fiber Speed (Duhok)
PST-R03-FDT03-FAT05,36.8562526,43.0480572,Fiber Speed (Duhok)
PST-R03-FDT03-FAT06,36.85437327,43.04713201,Fiber Speed (Duhok)
PST-R03-FDT03-FAT07,36.85501845,43.04547756,Fiber Speed (Duhok)
PST-R03-FDT03-FAT08,36.85520794,43.04431482,Fiber Speed (Duhok)
PST-R03-FDT03-FAT09,36.85521091,43.04349727,Fiber Speed (Duhok)
PST-R03-FDT03-FAT10,36.8553971,43.04617178,Fiber Speed (Duhok)
PST-R03-FDT03-FAT11,36.85607338,43.04616687,Fiber Speed (Duhok)
PST-R03-FDT03-FAT12,36.85493664,43.04725749,Fiber Speed (Duhok)
PST-R03-FDT03-FAT13,36.85526224,43.04778776,Fiber Speed (Duhok)
PST-R03-FDT03-FAT14,36.85531903,43.04872814,Fiber Speed (Duhok)
PST-R03-FDT03-FAT15,36.85553907,43.04880825,Fiber Speed (Duhok)
PST-R03-FDT03-FAT16,36.85413401,43.04885841,Fiber Speed (Duhok)
PST-R03-FDT03-FAT17,36.85488121,43.04879403,Fiber Speed (Duhok)
PST-R03-FDT03-FAT18,36.85480446,43.04954877,Fiber Speed (Duhok)
PST-R03-FDT03-FAT19,36.85493913,43.05033316,Fiber Speed (Duhok)
PST-R03-FDT03-FAT20,36.856307,43.05041667,Fiber Speed (Duhok)
PST-R03-FDT03-FAT21,36.85232085,43.04722585,Fiber Speed (Duhok)
PST-R03-FDT03-FAT22,36.85221725,43.04722163,Fiber Speed (Duhok)
PST-R03-FDT03-FAT23,36.85288798,43.04546017,Fiber Speed (Duhok)
PST-R03-FDT03-FAT24,36.85246825,43.0454073,Fiber Speed (Duhok)
PST-R03-FDT03-FAT25,36.85221509,43.0453857,Fiber Speed (Duhok)
PST-R03-FDT03-FAT26,36.85277736,43.04455671,Fiber Speed (Duhok)
PST-R03-FDT03-FAT27,36.85626724,43.04606595,Fiber Speed (Duhok)
PST-R03-FDT03-FAT28,36.85346543,43.04401128,Fiber Speed (Duhok)
PST-R03-FDT03-FAT29,36.8528974,43.0434895,Fiber Speed (Duhok)
PST-R03-FDT03-FAT30,36.85231104,43.04347955,Fiber Speed (Duhok)
PST-R03-FDT03-FAT31,36.85375272,43.0451948,Fiber Speed (Duhok)
PST-R03-FDT03-FAT32,36.85340385,43.04464926,Fiber Speed (Duhok)
PST-R03-FDT03-FAT33,36.85393764,43.04458649,Fiber Speed (Duhok)
PST-R03-FDT03-FAT34,36.85454318,43.04463261,Fiber Speed (Duhok)
PST-R03-FDT03-FAT35,36.85443902,43.0440467,Fiber Speed (Duhok)
PST-R03-FDT03-FAT36,36.85388306,43.04551558,Fiber Speed (Duhok)
PST-R03-FDT03-FAT37,36.85332164,43.04604062,Fiber Speed (Duhok)
PST-R03-FDT03-FAT38,36.85411637,43.04600475,Fiber Speed (Duhok)
PST-R03-FDT03-FAT39,36.85459489,43.04599292,Fiber Speed (Duhok)
PST-R03-FDT03-FAT40,36.85652491,43.05042077,Fiber Speed (Duhok)
PST-R03-FDT03-FAT41,36.85637284,43.04699265,Fiber Speed (Duhok)
PST-R03-FDT03-FAT42,36.85512158,43.04492944,Fiber Speed (Duhok)
PST-R03-FDT03-FAT43,36.85604271,43.04948268,Fiber Speed (Duhok)
PST-R03-FDT03-FAT44,36.8549843,43.04591155,Fiber Speed (Duhok)
PST-R03-FDT03-FAT45,36.85583267,43.04386969,Fiber Speed (Duhok)
PST-R03-FDT03-FAT46,36.85553252,43.04780653,Fiber Speed (Duhok)
PST-R03-FDT03-FAT47,36.85597282,43.04776624,Fiber Speed (Duhok)
PST-R03-FDT03-FAT48,36.85691686,43.04369666,Fiber Speed (Duhok)
PST-R03-FDT03-FAT49,36.85449005,43.04888944,Fiber Speed (Duhok)
PST-R03-FDT04-FAT01,36.85416651,43.04175102,Fiber Speed (Duhok)
PST-R03-FDT04-FAT02,36.85460492,43.04238791,Fiber Speed (Duhok)
PST-R03-FDT04-FAT03,36.85458979,43.04339151,Fiber Speed (Duhok)
PST-R03-FDT04-FAT04,36.85410003,43.04350402,Fiber Speed (Duhok)
PST-R03-FDT04-FAT05,36.85539166,43.04297931,Fiber Speed (Duhok)
PST-R03-FDT04-FAT06,36.85508341,43.04178315,Fiber Speed (Duhok)
PST-R03-FDT04-FAT07,36.8563955,43.04266348,Fiber Speed (Duhok)
PST-R03-FDT04-FAT08,36.85662056,43.04207712,Fiber Speed (Duhok)
PST-R03-FDT04-FAT09,36.85664563,43.04203799,Fiber Speed (Duhok)
PST-R03-FDT04-FAT10,36.85689637,43.04217518,Fiber Speed (Duhok)
PST-R03-FDT04-FAT11,36.8569184,43.04213408,Fiber Speed (Duhok)
PST-R03-FDT04-FAT12,36.85709548,43.04179883,Fiber Speed (Duhok)
PST-R03-FDT04-FAT13,36.85711549,43.0417583,Fiber Speed (Duhok)
PST-R03-FDT04-FAT14,36.8567086,43.04281685,Fiber Speed (Duhok)
PST-R03-FDT04-FAT15,36.85670264,43.0428824,Fiber Speed (Duhok)
PST-R03-FDT04-FAT16,36.85668254,43.04326105,Fiber Speed (Duhok)
PST-R03-FDT04-FAT17,36.85667476,43.04330656,Fiber Speed (Duhok)
PST-R03-FDT04-FAT18,36.85675714,43.04390267,Fiber Speed (Duhok)
PST-R03-FDT04-FAT19,36.85674656,43.04395526,Fiber Speed (Duhok)
PST-R03-FDT04-FAT20,36.85667284,43.04432065,Fiber Speed (Duhok)
PST-R03-FDT04-FAT21,36.85666075,43.04437043,Fiber Speed (Duhok)
PST-R03-FDT04-FAT22,36.85637889,43.04383165,Fiber Speed (Duhok)
PST-R03-FDT04-FAT23,36.85346795,43.04238981,Fiber Speed (Duhok)
PST-R03-FDT04-FAT24,36.85345216,43.04286072,Fiber Speed (Duhok)
PST-R03-FDT04-FAT25,36.85299253,43.04157798,Fiber Speed (Duhok)
PST-R03-FDT04-FAT26,36.853049,43.04045383,Fiber Speed (Duhok)
PST-R03-FDT04-FAT27,36.8524416,43.04032213,Fiber Speed (Duhok)
PST-R03-FDT04-FAT28,36.85304994,43.03988175,Fiber Speed (Duhok)
PST-R03-FDT04-FAT29,36.85389389,43.04063203,Fiber Speed (Duhok)
PST-R03-FDT04-FAT30,36.85386498,43.03998991,Fiber Speed (Duhok)
PST-R03-FDT04-FAT31,36.85395024,43.039247,Fiber Speed (Duhok)
PST-R03-FDT04-FAT32,36.85294843,43.03907276,Fiber Speed (Duhok)
PST-R03-FDT04-FAT33,36.85252566,43.03886819,Fiber Speed (Duhok)
PST-R03-FDT04-FAT34,36.85449189,43.0401338,Fiber Speed (Duhok)
PST-R03-FDT04-FAT35,36.85371647,43.03950654,Fiber Speed (Duhok)
PST-R03-FDT04-FAT36,36.85288013,43.03935925,Fiber Speed (Duhok)
PST-R03-FDT04-FAT37,36.8545259,43.03966221,Fiber Speed (Duhok)
PST-R03-FDT04-FAT38,36.85455943,43.03936357,Fiber Speed (Duhok)
PST-R03-FDT04-FAT39,36.85510627,43.03975257,Fiber Speed (Duhok)
PST-R03-FDT04-FAT40,36.85522447,43.04000829,Fiber Speed (Duhok)
PST-R03-FDT04-FAT41,36.85548198,43.04168818,Fiber Speed (Duhok)
PST-R03-FDT04-FAT42,36.85421761,43.04315587,Fiber Speed (Duhok)
PST-R03-FDT04-FAT43,36.85517254,43.04046476,Fiber Speed (Duhok)
PST-R03-FDT04-FAT44,36.85484548,43.04179924,Fiber Speed (Duhok)
PST-R03-FDT04-FAT45,36.85500593,43.04268349,Fiber Speed (Duhok)
PST-R03-FDT05-FAT01,36.85540196,43.03671358,Fiber Speed (Duhok)
PST-R03-FDT05-FAT02,36.85453708,43.03657429,Fiber Speed (Duhok)
PST-R03-FDT05-FAT03,36.85385975,43.03646521,Fiber Speed (Duhok)
PST-R03-FDT05-FAT04,36.85309543,43.03634846,Fiber Speed (Duhok)
PST-R03-FDT05-FAT05,36.85306902,43.03670779,Fiber Speed (Duhok)
PST-R03-FDT05-FAT06,36.85545005,43.03618163,Fiber Speed (Duhok)
PST-R03-FDT05-FAT07,36.85466872,43.03605797,Fiber Speed (Duhok)
PST-R03-FDT05-FAT08,36.85368898,43.03590609,Fiber Speed (Duhok)
PST-R03-FDT05-FAT09,36.85308572,43.03581288,Fiber Speed (Duhok)
PST-R03-FDT05-FAT10,36.85549197,43.0356442,Fiber Speed (Duhok)
PST-R03-FDT05-FAT11,36.85461137,43.03560192,Fiber Speed (Duhok)
PST-R03-FDT05-FAT12,36.85372322,43.03546862,Fiber Speed (Duhok)
PST-R03-FDT05-FAT13,36.85312758,43.03527508,Fiber Speed (Duhok)
PST-R03-FDT05-FAT14,36.85315369,43.0349188,Fiber Speed (Duhok)
PST-R03-FDT05-FAT15,36.85462306,43.03506895,Fiber Speed (Duhok)
PST-R03-FDT05-FAT16,36.8540424,43.03498188,Fiber Speed (Duhok)
PST-R03-FDT05-FAT17,36.85564273,43.03501146,Fiber Speed (Duhok)
PST-R03-FDT05-FAT18,36.85625542,43.03517389,Fiber Speed (Duhok)
PST-R03-FDT05-FAT19,36.8553019,43.03474178,Fiber Speed (Duhok)
PST-R03-FDT05-FAT20,36.85435745,43.03458907,Fiber Speed (Duhok)
PST-R03-FDT05-FAT21,36.8534776,43.03452541,Fiber Speed (Duhok)
PST-R03-FDT05-FAT22,36.85599336,43.03681885,Fiber Speed (Duhok)
PST-R03-FDT05-FAT23,36.85686759,43.03720628,Fiber Speed (Duhok)
PST-R03-FDT05-FAT24,36.85676413,43.03665579,Fiber Speed (Duhok)
PST-R03-FDT05-FAT25,36.85572272,43.03725187,Fiber Speed (Duhok)
PST-R03-FDT05-FAT26,36.85478485,43.03754793,Fiber Speed (Duhok)
PST-R03-FDT05-FAT27,36.8547471,43.03790879,Fiber Speed (Duhok)
PST-R03-FDT05-FAT28,36.85408107,43.03788484,Fiber Speed (Duhok)
PST-R03-FDT05-FAT29,36.85482826,43.0370079,Fiber Speed (Duhok)
PST-R03-FDT05-FAT30,36.85413871,43.03698367,Fiber Speed (Duhok)
PST-R03-FDT05-FAT31,36.85411166,43.0373354,Fiber Speed (Duhok)
PST-R03-FDT05-FAT32,36.85572683,43.03819096,Fiber Speed (Duhok)
PST-R03-FDT05-FAT33,36.85535227,43.03856033,Fiber Speed (Duhok)
PST-R03-FDT05-FAT34,36.85528737,43.03930214,Fiber Speed (Duhok)
PST-R03-FDT05-FAT35,36.8546084,43.03881835,Fiber Speed (Duhok)
PST-R03-FDT05-FAT36,36.85399297,43.03880134,Fiber Speed (Duhok)
PST-R03-FDT05-FAT37,36.85494265,43.03836146,Fiber Speed (Duhok)
PST-R03-FDT05-FAT38,36.85404628,43.03822245,Fiber Speed (Duhok)
PST-R03-FDT05-FAT39,36.85339348,43.03809792,Fiber Speed (Duhok)
PST-R03-FDT05-FAT40,36.85316622,43.03865968,Fiber Speed (Duhok)
PST-R03-FDT05-FAT41,36.85546364,43.03705852,Fiber Speed (Duhok)
PST-R03-FDT05-FAT42,36.85537048,43.03813725,Fiber Speed (Duhok)
PST-R03-FDT05-FAT43,36.85651803,43.03520675,Fiber Speed (Duhok)
PST-R03-FDT05-FAT44,36.85580249,43.0324927,Fiber Speed (Duhok)
PST-R03-FDT05-FAT45,36.85621389,43.03581131,Fiber Speed (Duhok)
PST-R03-FDT06-FAT01,36.85585687,43.032012,Fiber Speed (Duhok)
PST-R03-FDT06-FAT02,36.85580526,43.03275186,Fiber Speed (Duhok)
PST-R03-FDT06-FAT03,36.85505662,43.03336635,Fiber Speed (Duhok)
PST-R03-FDT06-FAT04,36.85426218,43.03312414,Fiber Speed (Duhok)
PST-R03-FDT06-FAT05,36.85507108,43.03280153,Fiber Speed (Duhok)
PST-R03-FDT06-FAT06,36.85447902,43.03281123,Fiber Speed (Duhok)
PST-R03-FDT06-FAT07,36.85512461,43.03236141,Fiber Speed (Duhok)
PST-R03-FDT06-FAT08,36.85452093,43.03236062,Fiber Speed (Duhok)
PST-R03-FDT06-FAT09,36.85576198,43.03338451,Fiber Speed (Duhok)
PST-R03-FDT06-FAT10,36.85567649,43.03448288,Fiber Speed (Duhok)
PST-R03-FDT06-FAT11,36.85535754,43.03438861,Fiber Speed (Duhok)
PST-R03-FDT06-FAT12,36.85480874,43.03431777,Fiber Speed (Duhok)
PST-R03-FDT06-FAT13,36.8556154,43.03394867,Fiber Speed (Duhok)
PST-R03-FDT06-FAT14,36.85442553,43.03377915,Fiber Speed (Duhok)
PST-R03-FDT06-FAT15,36.85378088,43.03350254,Fiber Speed (Duhok)
PST-R03-FDT06-FAT16,36.85383558,43.03412918,Fiber Speed (Duhok)
PST-R03-FDT06-FAT17,36.85322172,43.03391196,Fiber Speed (Duhok)
PST-R03-FDT06-FAT18,36.85274521,43.03431568,Fiber Speed (Duhok)
PST-R03-FDT06-FAT19,36.85643379,43.0339947,Fiber Speed (Duhok)
PST-R03-FDT06-FAT20,36.85654039,43.03469687,Fiber Speed (Duhok)
PST-R03-FDT06-FAT21,36.85741373,43.0348284,Fiber Speed (Duhok)
PST-R03-FDT06-FAT22,36.85750425,43.03431765,Fiber Speed (Duhok)
PST-R03-FDT06-FAT23,36.85528729,43.03205447,Fiber Speed (Duhok)
PST-R03-FDT06-FAT24,36.8545532,43.03191717,Fiber Speed (Duhok)
PST-R03-FDT06-FAT25,36.85388218,43.03181942,Fiber Speed (Duhok)
PST-R03-FDT06-FAT26,36.85518522,43.03156788,Fiber Speed (Duhok)
PST-R03-FDT06-FAT27,36.85458264,43.03145975,Fiber Speed (Duhok)
PST-R03-FDT06-FAT28,36.85370157,43.0313021,Fiber Speed (Duhok)
PST-R03-FDT06-FAT29,36.85590181,43.03141056,Fiber Speed (Duhok)
PST-R03-FDT06-FAT30,36.85503157,43.03108196,Fiber Speed (Duhok)
PST-R03-FDT06-FAT31,36.85434389,43.03096,Fiber Speed (Duhok)
PST-R03-FDT06-FAT32,36.85351354,43.03081273,Fiber Speed (Duhok)
PST-R03-FDT06-FAT33,36.85354777,43.03036503,Fiber Speed (Duhok)
PST-R03-FDT06-FAT34,36.85524703,43.0306723,Fiber Speed (Duhok)
PST-R03-FDT06-FAT35,36.85464916,43.0305643,Fiber Speed (Duhok)
PST-R03-FDT06-FAT36,36.85634161,43.03110261,Fiber Speed (Duhok)
PST-R03-FDT06-FAT37,36.85697295,43.03161106,Fiber Speed (Duhok)
PST-R03-FDT06-FAT38,36.85584892,43.03068409,Fiber Speed (Duhok)
PST-R03-FDT06-FAT39,36.85597047,43.0302661,Fiber Speed (Duhok)
PST-R03-FDT06-FAT40,36.85600821,43.02975788,Fiber Speed (Duhok)
PST-R03-FDT06-FAT41,36.85544932,43.02975317,Fiber Speed (Duhok)
PST-R03-FDT06-FAT42,36.85499491,43.03007962,Fiber Speed (Duhok)
PST-R03-FDT06-FAT43,36.85607944,43.03182573,Fiber Speed (Duhok)
PST-R03-FDT06-FAT44,36.85593699,43.03086914,Fiber Speed (Duhok)
PST-R03-FDT06-FAT45,36.85717555,43.03169283,Fiber Speed (Duhok)
PST-R03-FDT06-FAT46,36.85721568,43.03544976,Fiber Speed (Duhok)
PST-R03-FDT06-FAT47,36.85761972,43.03398225,Fiber Speed (Duhok)
PST-R03-FDT06-FAT48,36.85502879,43.03374609,Fiber Speed (Duhok)
PST-R03-FDT07-FAT01,36.85582386,43.02717477,Fiber Speed (Duhok)
PST-R03-FDT07-FAT02,36.85618382,43.02713419,Fiber Speed (Duhok)
PST-R03-FDT07-FAT03,36.85622016,43.02661329,Fiber Speed (Duhok)
PST-R03-FDT07-FAT04,36.85706376,43.02675176,Fiber Speed (Duhok)
PST-R03-FDT07-FAT05,36.85678638,43.02708144,Fiber Speed (Duhok)
PST-R03-FDT07-FAT06,36.85762752,43.02737205,Fiber Speed (Duhok)
PST-R03-FDT07-FAT07,36.85781232,43.02689483,Fiber Speed (Duhok)
PST-R03-FDT07-FAT08,36.85812145,43.02633314,Fiber Speed (Duhok)
PST-R03-FDT07-FAT09,36.85648551,43.02769174,Fiber Speed (Duhok)
PST-R03-FDT07-FAT10,36.85703543,43.0278023,Fiber Speed (Duhok)
PST-R03-FDT07-FAT11,36.85595086,43.02756558,Fiber Speed (Duhok)
PST-R03-FDT07-FAT12,36.85602842,43.02789676,Fiber Speed (Duhok)
PST-R03-FDT07-FAT13,36.85611864,43.0281012,Fiber Speed (Duhok)
PST-R03-FDT07-FAT14,36.85626808,43.02855338,Fiber Speed (Duhok)
PST-R03-FDT07-FAT15,36.85698583,43.0286382,Fiber Speed (Duhok)
PST-R03-FDT07-FAT16,36.85591204,43.02855166,Fiber Speed (Duhok)
PST-R03-FDT07-FAT17,36.85601422,43.02811841,Fiber Speed (Duhok)
PST-R03-FDT07-FAT18,36.85699603,43.0281287,Fiber Speed (Duhok)
PST-R03-FDT07-FAT19,36.85637351,43.02905269,Fiber Speed (Duhok)
PST-R03-FDT07-FAT20,36.85595953,43.02897288,Fiber Speed (Duhok)
PST-R03-FDT07-FAT21,36.856031,43.02942766,Fiber Speed (Duhok)
PST-R03-FDT07-FAT22,36.85662271,43.0294192,Fiber Speed (Duhok)
PST-R03-FDT07-FAT23,36.8548699,43.02700124,Fiber Speed (Duhok)
PST-R03-FDT07-FAT24,36.85484687,43.02736482,Fiber Speed (Duhok)
PST-R03-FDT07-FAT25,36.85481775,43.0278223,Fiber Speed (Duhok)
PST-R03-FDT07-FAT26,36.85479385,43.02824321,Fiber Speed (Duhok)
PST-R03-FDT07-FAT27,36.85476286,43.02878883,Fiber Speed (Duhok)
PST-R03-FDT07-FAT28,36.85541866,43.02890033,Fiber Speed (Duhok)
PST-R03-FDT07-FAT29,36.85538729,43.02930275,Fiber Speed (Duhok)
PST-R03-FDT07-FAT30,36.85399621,43.02683284,Fiber Speed (Duhok)
PST-R03-FDT07-FAT31,36.85419728,43.02737885,Fiber Speed (Duhok)
PST-R03-FDT07-FAT32,36.85426122,43.02781849,Fiber Speed (Duhok)
PST-R03-FDT07-FAT33,36.85414878,43.02824112,Fiber Speed (Duhok)
PST-R03-FDT07-FAT34,36.85392819,43.02855231,Fiber Speed (Duhok)
PST-R03-FDT07-FAT35,36.85304294,43.02848653,Fiber Speed (Duhok)
PST-R03-FDT07-FAT36,36.85323794,43.02808647,Fiber Speed (Duhok)
PST-R03-FDT07-FAT37,36.85409962,43.02897928,Fiber Speed (Duhok)
PST-R03-FDT07-FAT38,36.85364161,43.02897721,Fiber Speed (Duhok)
PST-R03-FDT07-FAT39,36.85337009,43.02941057,Fiber Speed (Duhok)
PST-R03-FDT07-FAT40,36.85412776,43.02991067,Fiber Speed (Duhok)
PST-R03-FDT07-FAT41,36.85376933,43.02996131,Fiber Speed (Duhok)
PST-R03-FDT07-FAT42,36.85325942,43.02974685,Fiber Speed (Duhok)
PST-R03-FDT07-FAT43,36.85296592,43.03025615,Fiber Speed (Duhok)
PST-R03-FDT07-FAT44,36.85552252,43.02655576,Fiber Speed (Duhok)
PST-R03-FDT07-FAT45,36.85544716,43.02620823,Fiber Speed (Duhok)
PST-R03-FDT07-FAT46,36.85613837,43.02633624,Fiber Speed (Duhok)
PST-R03-FDT07-FAT47,36.85680013,43.02604358,Fiber Speed (Duhok)
PST-R03-FDT07-FAT48,36.8579384,43.02810634,Fiber Speed (Duhok)
PST-R03-FDT07-FAT49,36.85607213,43.0272075,Fiber Speed (Duhok)
PST-R03-FDT07-FAT50,36.85689057,43.02911286,Fiber Speed (Duhok)
PST-R03-FDT08-FAT01,36.85296004,43.02598952,Fiber Speed (Duhok)
PST-R03-FDT08-FAT02,36.85299756,43.02515547,Fiber Speed (Duhok)
PST-R03-FDT08-FAT03,36.85301926,43.02467296,Fiber Speed (Duhok)
PST-R03-FDT08-FAT04,36.85304027,43.02420579,Fiber Speed (Duhok)
PST-R03-FDT08-FAT05,36.85305329,43.02391608,Fiber Speed (Duhok)
PST-R03-FDT08-FAT06,36.85306015,43.0237637,Fiber Speed (Duhok)
PST-R03-FDT08-FAT07,36.85308834,43.02312597,Fiber Speed (Duhok)
PST-R03-FDT08-FAT08,36.85310262,43.02272766,Fiber Speed (Duhok)
PST-R03-FDT08-FAT09,36.85255725,43.02331483,Fiber Speed (Duhok)
PST-R03-FDT08-FAT10,36.85279462,43.02343799,Fiber Speed (Duhok)
PST-R03-FDT08-FAT11,36.85203143,43.02324913,Fiber Speed (Duhok)
PST-R03-FDT08-FAT12,36.85146479,43.02247893,Fiber Speed (Duhok)
PST-R03-FDT08-FAT13,36.85164129,43.02222495,Fiber Speed (Duhok)
PST-R03-FDT08-FAT14,36.85195934,43.02187423,Fiber Speed (Duhok)
PST-R03-FDT08-FAT15,36.85270325,43.02269236,Fiber Speed (Duhok)
PST-R03-FDT08-FAT16,36.85246514,43.02268682,Fiber Speed (Duhok)
PST-R03-FDT08-FAT17,36.85215988,43.02270357,Fiber Speed (Duhok)
PST-R03-FDT08-FAT18,36.85285382,43.02187849,Fiber Speed (Duhok)
PST-R03-FDT08-FAT19,36.85226727,43.02145798,Fiber Speed (Duhok)
PST-R03-FDT08-FAT20,36.8528958,43.02136523,Fiber Speed (Duhok)
PST-R03-FDT08-FAT21,36.85303476,43.02075097,Fiber Speed (Duhok)
PST-R03-FDT08-FAT22,36.85217686,43.02046785,Fiber Speed (Duhok)
PST-R03-FDT08-FAT23,36.85223537,43.02085566,Fiber Speed (Duhok)
PST-R03-FDT08-FAT24,36.85205817,43.01988194,Fiber Speed (Duhok)
PST-R03-FDT08-FAT25,36.85323058,43.02022192,Fiber Speed (Duhok)
PST-R03-FDT08-FAT26,36.85327788,43.01920069,Fiber Speed (Duhok)
PST-R03-FDT08-FAT27,36.85280799,43.02006752,Fiber Speed (Duhok)
PST-R03-FDT08-FAT28,36.85238405,43.01970157,Fiber Speed (Duhok)
PST-R03-FDT08-FAT29,36.85161574,43.01952205,Fiber Speed (Duhok)
PST-R03-FDT08-FAT30,36.85238827,43.02789316,Fiber Speed (Duhok)
PST-R03-FDT08-FAT31,36.85236414,43.03095707,Fiber Speed (Duhok)
PST-R03-FDT08-FAT32,36.85267268,43.03157493,Fiber Speed (Duhok)
PST-R03-FDT08-FAT33,36.85262588,43.03223775,Fiber Speed (Duhok)
PST-R03-FDT08-FAT34,36.85225106,43.02987282,Fiber Speed (Duhok)
PST-R03-FDT08-FAT35,36.85232879,43.03021646,Fiber Speed (Duhok)
PST-R03-FDT08-FAT36,36.85177138,43.03046317,Fiber Speed (Duhok)
PST-R03-FDT08-FAT37,36.85159024,43.03148236,Fiber Speed (Duhok)
PST-R03-FDT08-FAT38,36.85208261,43.03286844,Fiber Speed (Duhok)
PST-R03-FDT08-FAT39,36.85201402,43.0322081,Fiber Speed (Duhok)
PST-R03-FDT08-FAT40,36.85123915,43.03278203,Fiber Speed (Duhok)
PST-R03-FDT08-FAT41,36.85109243,43.03356897,Fiber Speed (Duhok)
PST-R03-FDT08-FAT42,36.85135971,43.03426591,Fiber Speed (Duhok)
PST-R03-FDT08-FAT43,36.852164,43.03434387,Fiber Speed (Duhok)
PST-R03-FDT08-FAT44,36.85219024,43.03369785,Fiber Speed (Duhok)
PST-R03-FDT08-FAT45,36.85256339,43.03373269,Fiber Speed (Duhok)
PST-R03-FDT08-FAT46,36.85096933,43.03489052,Fiber Speed (Duhok)
PST-R03-FDT08-FAT47,36.85168413,43.03494966,Fiber Speed (Duhok)
PST-R03-FDT08-FAT48,36.85239486,43.03512183,Fiber Speed (Duhok)
PST-R03-FDT08-FAT49,36.85236614,43.0190544,Fiber Speed (Duhok)
PST-R03-FDT08-FAT50,36.85233406,43.0251463,Fiber Speed (Duhok)
PST-R03-FDT09-FAT01,36.85054984,43.02899528,Fiber Speed (Duhok)
PST-R03-FDT09-FAT02,36.8503092,43.03087353,Fiber Speed (Duhok)
PST-R03-FDT09-FAT03,36.84987177,43.03104026,Fiber Speed (Duhok)
PST-R03-FDT09-FAT04,36.84924872,43.03061848,Fiber Speed (Duhok)
PST-R03-FDT09-FAT05,36.84872293,43.03100799,Fiber Speed (Duhok)
PST-R03-FDT09-FAT06,36.84820012,43.0310772,Fiber Speed (Duhok)
PST-R03-FDT09-FAT07,36.84917751,43.0324575,Fiber Speed (Duhok)
PST-R03-FDT09-FAT08,36.84851942,43.03154996,Fiber Speed (Duhok)
PST-R03-FDT09-FAT09,36.85001647,43.03307613,Fiber Speed (Duhok)
PST-R03-FDT09-FAT10,36.84907745,43.03297505,Fiber Speed (Duhok)
PST-R03-FDT09-FAT11,36.84839065,43.03292765,Fiber Speed (Duhok)
PST-R03-FDT09-FAT12,36.84823568,43.0338841,Fiber Speed (Duhok)
PST-R03-FDT09-FAT13,36.84740064,43.03429591,Fiber Speed (Duhok)
PST-R03-FDT09-FAT14,36.84779858,43.03364065,Fiber Speed (Duhok)
PST-R03-FDT09-FAT15,36.84784701,43.03275784,Fiber Speed (Duhok)
PST-R03-FDT09-FAT16,36.84954828,43.03352232,Fiber Speed (Duhok)
PST-R03-FDT09-FAT17,36.84891164,43.0341545,Fiber Speed (Duhok)
PST-R03-FDT09-FAT18,36.84826957,43.03447486,Fiber Speed (Duhok)
PST-R03-FDT09-FAT19,36.84733579,43.03509358,Fiber Speed (Duhok)
PST-R03-FDT09-FAT20,36.84891822,43.03538289,Fiber Speed (Duhok)
PST-R03-FDT09-FAT21,36.84827841,43.03569537,Fiber Speed (Duhok)
PST-R03-FDT09-FAT22,36.84854189,43.03496315,Fiber Speed (Duhok)
PST-R03-FDT09-FAT23,36.84790087,43.03527309,Fiber Speed (Duhok)
PST-R03-FDT09-FAT24,36.84924842,43.03522686,Fiber Speed (Duhok)
PST-R03-FDT09-FAT25,36.84913176,43.03600346,Fiber Speed (Duhok)
PST-R03-FDT09-FAT26,36.84851967,43.03630309,Fiber Speed (Duhok)
PST-R03-FDT09-FAT27,36.84838716,43.03709076,Fiber Speed (Duhok)
PST-R03-FDT09-FAT28,36.84769001,43.03679383,Fiber Speed (Duhok)
PST-R03-FDT09-FAT29,36.85008944,43.02876092,Fiber Speed (Duhok)
PST-R03-FDT09-FAT30,36.84983903,43.02956943,Fiber Speed (Duhok)
PST-R03-FDT09-FAT31,36.84972552,43.02841191,Fiber Speed (Duhok)
PST-R03-FDT09-FAT32,36.84904099,43.02865608,Fiber Speed (Duhok)
PST-R03-FDT09-FAT33,36.85005378,43.02791025,Fiber Speed (Duhok)
PST-R03-FDT09-FAT34,36.84858473,43.02861356,Fiber Speed (Duhok)
PST-R03-FDT09-FAT35,36.84858092,43.02984088,Fiber Speed (Duhok)
PST-R03-FDT09-FAT36,36.84892866,43.0298936,Fiber Speed (Duhok)
PST-R03-FDT09-FAT37,36.84981314,43.0301145,Fiber Speed (Duhok)
PST-R03-FDT09-FAT38,36.84819466,43.02890591,Fiber Speed (Duhok)
PST-R03-FDT09-FAT39,36.84813362,43.02980553,Fiber Speed (Duhok)
PST-R03-FDT09-FAT40,36.84810168,43.03037066,Fiber Speed (Duhok)
PST-R03-FDT09-FAT41,36.84763159,43.02878265,Fiber Speed (Duhok)
PST-R03-FDT09-FAT42,36.84759506,43.02940486,Fiber Speed (Duhok)
PST-R03-FDT09-FAT43,36.84758202,43.0309051,Fiber Speed (Duhok)
PST-R03-FDT09-FAT44,36.85027058,43.02680576,Fiber Speed (Duhok)
PST-R03-FDT09-FAT45,36.84997708,43.0275782,Fiber Speed (Duhok)
PST-R03-FDT09-FAT46,36.8486753,43.02771339,Fiber Speed (Duhok)
PST-R03-FDT09-FAT47,36.84926554,43.02683475,Fiber Speed (Duhok)
PST-R03-FDT09-FAT48,36.84787817,43.02607145,Fiber Speed (Duhok)
PST-R03-FDT09-FAT49,36.850746,43.02730256,Fiber Speed (Duhok)
PST-R03-FDT09-FAT50,36.84834402,43.03154394,Fiber Speed (Duhok)
PST-R03-FDT09-FAT51,36.84747365,43.03282046,Fiber Speed (Duhok)
PST-R03-FDT09-FAT52,36.84859704,43.03694856,Fiber Speed (Duhok)
PST-R03-FDT09-FAT53,36.84954217,43.02943511,Fiber Speed (Duhok)
SHA-R01-FDT01-FAT01,36.79096706,42.97664983,Waarpak
SHA-R01-FDT01-FAT02,36.79262349,42.97821422,Waarpak
SHA-R01-FDT01-FAT03,36.79314823,42.97916989,Waarpak
SHA-R01-FDT01-FAT04,36.79328008,42.97843966,Waarpak
SHA-R01-FDT01-FAT05,36.79394147,42.97807844,Waarpak
SHA-R01-FDT01-FAT06,36.79390909,42.97741744,Waarpak
SHA-R01-FDT01-FAT07,36.79398663,42.97708583,Waarpak
SHA-R01-FDT01-FAT08,36.7938642,42.97924497,Waarpak
SHA-R01-FDT01-FAT09,36.79327229,42.97955789,Waarpak
SHA-R01-FDT01-FAT10,36.79414423,42.9786096,Waarpak
SHA-R01-FDT01-FAT11,36.7944337,42.97829842,Waarpak
SHA-R01-FDT01-FAT12,36.79510036,42.97725874,Waarpak
SHA-R01-FDT01-FAT13,36.79470884,42.97728563,Waarpak
SHA-R01-FDT01-FAT14,36.79433488,42.97626825,Waarpak
SHA-R01-FDT01-FAT15,36.79451551,42.97958351,Waarpak
SHA-R01-FDT01-FAT16,36.79414375,42.98029476,Waarpak
SHA-R01-FDT01-FAT17,36.79351845,42.98007137,Waarpak
SHA-R01-FDT01-FAT18,36.79463494,42.97884436,Waarpak
SHA-R01-FDT01-FAT19,36.79498727,42.97983269,Waarpak
SHA-R01-FDT01-FAT20,36.79500633,42.97919271,Waarpak
SHA-R01-FDT01-FAT21,36.79547496,42.97844307,Waarpak
SHA-R01-FDT01-FAT22,36.79562675,42.97776777,Waarpak
SHA-R01-FDT01-FAT23,36.79562137,42.9771476,Waarpak
SHA-R01-FDT01-FAT24,36.79530905,42.97627522,Waarpak
SHA-R01-FDT01-FAT25,36.7956942,42.97606454,Waarpak
SHA-R01-FDT01-FAT26,36.79618518,42.97856804,Waarpak
SHA-R01-FDT01-FAT27,36.79636017,42.97909091,Waarpak
SHA-R01-FDT01-FAT28,36.79049363,42.97483474,Waarpak
SHA-R01-FDT01-FAT29,36.79116747,42.97393506,Waarpak
SHA-R01-FDT01-FAT30,36.7916675,42.9740599,Waarpak
SHA-R01-FDT01-FAT31,36.79157647,42.97321243,Waarpak
SHA-R01-FDT01-FAT32,36.79212591,42.97344988,Waarpak
SHA-R01-FDT01-FAT33,36.79309242,42.97330026,Waarpak
SHA-R01-FDT01-FAT34,36.79195434,42.97523901,Waarpak
SHA-R01-FDT01-FAT35,36.7923282,42.97466881,Waarpak
SHA-R01-FDT01-FAT36,36.79273992,42.97469015,Waarpak
SHA-R01-FDT01-FAT37,36.79301111,42.97422563,Waarpak
SHA-R01-FDT01-FAT38,36.79340507,42.97358074,Waarpak
SHA-R01-FDT01-FAT39,36.79342663,42.97290133,Waarpak
SHA-R01-FDT01-FAT40,36.79325645,42.97242509,Waarpak
SHA-R01-FDT01-FAT41,36.7937355,42.97253981,Waarpak
SHA-R01-FDT01-FAT42,36.79333641,42.97483986,Waarpak
SHA-R01-FDT01-FAT43,36.79411862,42.97488117,Waarpak
SHA-R01-FDT01-FAT44,36.7943169,42.97542374,Waarpak
SHA-R01-FDT01-FAT45,36.79470409,42.9753522,Waarpak
SHA-R01-FDT01-FAT46,36.7948743,42.97588627,Waarpak
SHA-R01-FDT01-FAT47,36.79461223,42.97480045,Waarpak
SHA-R01-FDT01-FAT48,36.79413882,42.97423221,Waarpak
SHA-R01-FDT01-FAT49,36.79453716,42.97403271,Waarpak
SHA-R01-FDT01-FAT50,36.79411609,42.97309437,Waarpak
SHA-R01-FDT01-FAT51,36.79461613,42.97300881,Waarpak
SHA-R01-FDT01-FAT52,36.79080932,42.9758616,Waarpak
SHA-R01-FDT01-FAT53,36.79143854,42.97559612,Waarpak
SHA-R01-FDT01-FAT54,36.79131896,42.9761574,Waarpak
SHA-R01-FDT01-FAT55,36.79213915,42.97647215,Waarpak
SHA-R01-FDT02-FAT01,36.7870752,42.98193298,Waarpak
SHA-R01-FDT02-FAT02,36.78788451,42.98146263,Waarpak
SHA-R01-FDT02-FAT03,36.78818847,42.98225031,Waarpak
SHA-R01-FDT02-FAT04,36.78847779,42.98171667,Waarpak
SHA-R01-FDT02-FAT05,36.78882434,42.98267393,Waarpak
SHA-R01-FDT02-FAT06,36.78863458,42.98349353,Waarpak
SHA-R01-FDT02-FAT07,36.78788033,42.98333866,Waarpak
SHA-R01-FDT02-FAT08,36.78880937,42.9820986,Waarpak
SHA-R01-FDT02-FAT09,36.78930083,42.98158875,Waarpak
SHA-R01-FDT02-FAT10,36.78972444,42.98133533,Waarpak
SHA-R01-FDT02-FAT11,36.79040052,42.98180408,Waarpak
SHA-R01-FDT02-FAT12,36.79012102,42.98238196,Waarpak
SHA-R01-FDT02-FAT13,36.78959396,42.98295503,Waarpak
SHA-R01-FDT02-FAT14,36.79057473,42.98097622,Waarpak
SHA-R01-FDT02-FAT15,36.79099714,42.98146451,Waarpak
SHA-R01-FDT02-FAT16,36.7910095,42.98208879,Waarpak
SHA-R01-FDT02-FAT17,36.7916683,42.98172525,Waarpak
SHA-R01-FDT02-FAT18,36.79199361,42.9810618,Waarpak
SHA-R01-FDT02-FAT19,36.79209893,42.98026529,Waarpak
SHA-R01-FDT02-FAT20,36.7866544,42.98313732,Waarpak
SHA-R01-FDT02-FAT21,36.78679593,42.98359151,Waarpak
SHA-R01-FDT02-FAT22,36.78764295,42.98398718,Waarpak
SHA-R01-FDT02-FAT23,36.78653906,42.98167232,Waarpak
SHA-R01-FDT02-FAT24,36.78539933,42.98295996,Waarpak
SHA-R01-FDT02-FAT25,36.7859825,42.98264661,Waarpak
SHA-R01-FDT02-FAT26,36.78487191,42.98263648,Waarpak
SHA-R01-FDT02-FAT27,36.78464842,42.98321819,Waarpak
SHA-R01-FDT02-FAT28,36.78486758,42.98380819,Waarpak
SHA-R01-FDT02-FAT29,36.78464681,42.98463294,Waarpak
SHA-R01-FDT02-FAT30,36.78517166,42.98349824,Waarpak
SHA-R01-FDT02-FAT31,36.78519678,42.98469083,Waarpak
SHA-R01-FDT02-FAT32,36.78577609,42.98509058,Waarpak
SHA-R01-FDT02-FAT33,36.785751,42.98453742,Waarpak
SHA-R01-FDT02-FAT34,36.78771258,42.98098056,Waarpak
SHA-R01-FDT02-FAT35,36.78845442,42.98114711,Waarpak
SHA-R01-FDT02-FAT36,36.78890964,42.9805667,Waarpak
SHA-R01-FDT02-FAT37,36.78956748,42.98091667,Waarpak
SHA-R01-FDT02-FAT38,36.79040935,42.98056049,Waarpak
SHA-R01-FDT02-FAT39,36.78914478,42.97984823,Waarpak
SHA-R01-FDT02-FAT40,36.79013831,42.97999204,Waarpak
SHA-R01-FDT02-FAT41,36.78944582,42.9792644,Waarpak
SHA-R01-FDT02-FAT42,36.78988519,42.97960901,Waarpak
SHA-R01-FDT03-FAT01,36.78550071,42.97823482,Waarpak
SHA-R01-FDT03-FAT02,36.78622458,42.97789845,Waarpak
SHA-R01-FDT03-FAT03,36.78703903,42.97741735,Waarpak
SHA-R01-FDT03-FAT04,36.78692758,42.97678524,Waarpak
SHA-R01-FDT03-FAT05,36.78747507,42.97595912,Waarpak
SHA-R01-FDT03-FAT06,36.78746024,42.97535056,Waarpak
SHA-R01-FDT03-FAT07,36.78765352,42.97646181,Waarpak
SHA-R01-FDT03-FAT08,36.78802539,42.97686542,Waarpak
SHA-R01-FDT03-FAT09,36.78676268,42.97635798,Waarpak
SHA-R01-FDT03-FAT10,36.78651985,42.97571343,Waarpak
SHA-R01-FDT03-FAT11,36.78705589,42.97484785,Waarpak
SHA-R01-FDT03-FAT12,36.7863834,42.97473282,Waarpak
SHA-R01-FDT03-FAT13,36.78589755,42.97409421,Waarpak
SHA-R01-FDT03-FAT14,36.78510353,42.97908549,Waarpak
SHA-R01-FDT03-FAT15,36.78598788,42.97919187,Waarpak
SHA-R01-FDT03-FAT16,36.78787972,42.97809039,Waarpak
SHA-R01-FDT03-FAT17,36.7864112,42.97840813,Waarpak
SHA-R01-FDT03-FAT18,36.78721927,42.97793191,Waarpak
SHA-R01-FDT03-FAT19,36.7879947,42.97739682,Waarpak
SHA-R01-FDT03-FAT20,36.78464455,42.97761098,Waarpak
SHA-R01-FDT03-FAT21,36.78403009,42.97735252,Waarpak
SHA-R01-FDT03-FAT22,36.78429029,42.97646659,Waarpak
SHA-R01-FDT03-FAT23,36.7837348,42.97618001,Waarpak
SHA-R01-FDT03-FAT24,36.78338431,42.97522179,Waarpak
SHA-R01-FDT03-FAT25,36.78500993,42.97790738,Waarpak
SHA-R01-FDT03-FAT26,36.78525427,42.97724966,Waarpak
SHA-R01-FDT03-FAT27,36.78502797,42.97664522,Waarpak
SHA-R01-FDT03-FAT28,36.78484375,42.97615673,Waarpak
SHA-R01-FDT03-FAT29,36.78471537,42.97560368,Waarpak
SHA-R01-FDT03-FAT30,36.78417722,42.97537743,Waarpak
SHA-R01-FDT03-FAT31,36.78600427,42.97732176,Waarpak
SHA-R01-FDT03-FAT32,36.78621548,42.97657976,Waarpak
SHA-R01-FDT03-FAT33,36.78601265,42.97606612,Waarpak
SHA-R01-FDT03-FAT34,36.7860104,42.9754507,Waarpak
SHA-R01-FDT03-FAT35,36.78579691,42.97492927,Waarpak
SHA-R01-FDT03-FAT36,36.78560294,42.97443121,Waarpak
SHA-R01-FDT04-FAT01,36.78199732,42.97558369,Waarpak
SHA-R01-FDT04-FAT02,36.78179387,42.97592594,Waarpak
SHA-R01-FDT04-FAT03,36.78223837,42.97629516,Waarpak
SHA-R01-FDT04-FAT04,36.78237425,42.97686185,Waarpak
SHA-R01-FDT04-FAT05,36.78222894,42.97711099,Waarpak
SHA-R01-FDT04-FAT06,36.78203232,42.97765084,Waarpak
SHA-R01-FDT04-FAT07,36.78279954,42.97832495,Waarpak
SHA-R01-FDT04-FAT08,36.78299494,42.97761305,Waarpak
SHA-R01-FDT04-FAT09,36.78259617,42.97783497,Waarpak
SHA-R01-FDT04-FAT10,36.78297462,42.97883886,Waarpak
SHA-R01-FDT04-FAT11,36.78306411,42.97930475,Waarpak
SHA-R01-FDT04-FAT12,36.78299838,42.9802507,Waarpak
SHA-R01-FDT04-FAT13,36.78339889,42.98132861,Waarpak
SHA-R01-FDT04-FAT14,36.78145373,42.97527397,Waarpak
SHA-R01-FDT04-FAT15,36.78162537,42.97455732,Waarpak
SHA-R01-FDT04-FAT16,36.7814721,42.97412057,Waarpak
SHA-R01-FDT04-FAT17,36.7811383,42.97359974,Waarpak
SHA-R01-FDT04-FAT18,36.78044145,42.97348143,Waarpak
SHA-R01-FDT04-FAT19,36.78407738,42.97353149,Waarpak
SHA-R01-FDT04-FAT20,36.78362717,42.97364078,Waarpak
SHA-R01-FDT04-FAT21,36.78327812,42.97298326,Waarpak
SHA-R01-FDT04-FAT22,36.78248585,42.97280888,Waarpak
SHA-R01-FDT04-FAT23,36.78333131,42.97740247,Waarpak
SHA-R01-FDT04-FAT24,36.78393669,42.97756017,Waarpak
SHA-R01-FDT04-FAT25,36.78366411,42.97828876,Waarpak
SHA-R01-FDT04-FAT26,36.78389898,42.97890856,Waarpak
SHA-R01-FDT04-FAT27,36.78367049,42.97937929,Waarpak
SHA-R01-FDT04-FAT28,36.78416084,42.98069628,Waarpak
SHA-R01-FDT04-FAT29,36.78381403,42.9812887,Waarpak
SHA-R01-FDT04-FAT30,36.78357792,42.98046329,Waarpak
SHA-R01-FDT04-FAT31,36.78470493,42.98101792,Waarpak
SHA-R01-FDT04-FAT32,36.78454299,42.98170803,Waarpak
SHA-R01-FDT05-FAT01,36.78273686,42.97177896,Waarpak
SHA-R01-FDT05-FAT02,36.78247652,42.97106303,Waarpak
SHA-R01-FDT05-FAT03,36.78232066,42.97063168,Waarpak
SHA-R01-FDT05-FAT04,36.782085,42.96996739,Waarpak
SHA-R01-FDT05-FAT05,36.78182221,42.96951647,Waarpak
SHA-R01-FDT05-FAT06,36.78132044,42.96932458,Waarpak
SHA-R01-FDT05-FAT07,36.78124531,42.9691193,Waarpak
SHA-R01-FDT05-FAT08,36.78105419,42.96860292,Waarpak
SHA-R01-FDT05-FAT09,36.78096747,42.96836021,Waarpak
SHA-R01-FDT05-FAT10,36.78061963,42.96876329,Waarpak
SHA-R01-FDT05-FAT11,36.78097459,42.96972237,Waarpak
SHA-R01-FDT05-FAT12,36.78162975,42.97261337,Waarpak
SHA-R01-FDT05-FAT13,36.78139148,42.97195741,Waarpak
SHA-R01-FDT05-FAT14,36.78112939,42.97123591,Waarpak
SHA-R01-FDT05-FAT15,36.78103162,42.97096674,Waarpak
SHA-R01-FDT05-FAT16,36.78027233,42.97049534,Waarpak
SHA-R01-FDT05-FAT17,36.78032293,42.97107915,Waarpak
SHA-R01-FDT05-FAT18,36.78022698,42.97174426,Waarpak
SHA-R01-FDT05-FAT19,36.77982746,42.97173677,Waarpak
SHA-R01-FDT05-FAT20,36.78056854,42.96969163,Waarpak
SHA-R01-FDT05-FAT21,36.78036936,42.96914294,Waarpak
SHA-R01-FDT05-FAT22,36.77999388,42.9686896,Waarpak
SHA-R01-FDT05-FAT23,36.78495083,42.96894279,Waarpak
SHA-R01-FDT05-FAT24,36.78448963,42.96773686,Waarpak
SHA-R01-FDT05-FAT25,36.78468161,42.96678751,Waarpak
SHA-R01-FDT05-FAT26,36.78456616,42.96924395,Waarpak
SHA-R01-FDT05-FAT27,36.78423784,42.96836223,Waarpak
SHA-R01-FDT05-FAT28,36.78395613,42.96760282,Waarpak
SHA-R01-FDT05-FAT29,36.78347285,42.96742897,Waarpak
SHA-R01-FDT05-FAT30,36.78394074,42.96866742,Waarpak
SHA-R01-FDT05-FAT31,36.7835162,42.9664391,Waarpak
SHA-R01-FDT05-FAT32,36.78402572,42.96645195,Waarpak
SHA-R01-FDT05-FAT33,36.78447556,42.96618577,Waarpak
SHA-R01-FDT05-FAT34,36.78470234,42.96539112,Waarpak
SHA-R01-FDT05-FAT35,36.78515392,42.96959755,Waarpak
SHA-R01-FDT05-FAT36,36.7855481,42.9688571,Waarpak
SHA-R01-FDT05-FAT37,36.7861262,42.96895589,Waarpak
SHA-R01-FDT05-FAT38,36.7864088,42.96833969,Waarpak
SHA-R01-FDT05-FAT39,36.78607138,42.96761796,Waarpak
SHA-R01-FDT05-FAT40,36.78564263,42.96647119,Waarpak
SHA-R01-FDT05-FAT41,36.78595122,42.9659571,Waarpak
SHA-R01-FDT05-FAT42,36.78653439,42.96751731,Waarpak
SHA-R01-FDT05-FAT43,36.78521523,42.96642974,Waarpak
SHA-R01-FDT05-FAT44,36.78564233,42.9675881,Waarpak
SHA-R01-FDT05-FAT45,36.78552884,42.96593234,Waarpak
SHA-R01-FDT06-FAT01,36.78691505,42.96746277,Waarpak
SHA-R01-FDT06-FAT02,36.78686874,42.96660561,Waarpak
SHA-R01-FDT06-FAT03,36.78663309,42.96597224,Waarpak
SHA-R01-FDT06-FAT04,36.78669836,42.96506746,Waarpak
SHA-R01-FDT06-FAT05,36.78728295,42.96632864,Waarpak
SHA-R01-FDT06-FAT06,36.78746333,42.96574182,Waarpak
SHA-R01-FDT06-FAT07,36.78731526,42.9653412,Waarpak
SHA-R01-FDT06-FAT08,36.78840624,42.96653466,Waarpak
SHA-R01-FDT06-FAT09,36.78886694,42.96571849,Waarpak
SHA-R01-FDT06-FAT10,36.78860134,42.96502503,Waarpak
SHA-R01-FDT06-FAT11,36.78891527,42.96435258,Waarpak
SHA-R01-FDT06-FAT12,36.78868111,42.96374622,Waarpak
SHA-R01-FDT06-FAT13,36.78788092,42.9663365,Waarpak
SHA-R01-FDT06-FAT14,36.78780889,42.96531706,Waarpak
SHA-R01-FDT06-FAT15,36.78843552,42.96567868,Waarpak
SHA-R01-FDT06-FAT16,36.78809805,42.96481689,Waarpak
SHA-R01-FDT06-FAT17,36.78782864,42.96412893,Waarpak
SHA-R01-FDT06-FAT18,36.78944258,42.96572635,Waarpak
SHA-R01-FDT06-FAT19,36.79003173,42.96476846,Waarpak
SHA-R01-FDT06-FAT20,36.789628,42.96476604,Waarpak
SHA-R01-FDT06-FAT21,36.78982855,42.96427979,Waarpak
SHA-R01-FDT06-FAT22,36.7900238,42.96577212,Waarpak
SHA-R01-FDT06-FAT23,36.79046567,42.96588427,Waarpak
SHA-R01-FDT06-FAT24,36.79063289,42.96629834,Waarpak
SHA-R01-FDT06-FAT25,36.79115488,42.96660274,Waarpak
SHA-R01-FDT06-FAT26,36.78612282,42.96602349,Waarpak
SHA-R01-FDT06-FAT27,36.78615444,42.96466906,Waarpak
SHA-R01-FDT06-FAT28,36.78741286,42.9638249,Waarpak
SHA-R01-FDT06-FAT29,36.788117,42.96379487,Waarpak
SHA-R01-FDT06-FAT30,36.78892043,42.96296527,Waarpak
SHA-R01-FDT06-FAT31,36.7892285,42.96375522,Waarpak
SHA-R01-FDT06-FAT32,36.78940701,42.96315578,Waarpak
SHA-R01-FDT07-FAT01,36.78868763,42.970695,Waarpak
SHA-R01-FDT07-FAT02,36.78957036,42.97033238,Waarpak
SHA-R01-FDT07-FAT03,36.78972484,42.97083242,Waarpak
SHA-R01-FDT07-FAT04,36.79026439,42.97093109,Waarpak
SHA-R01-FDT07-FAT05,36.79069839,42.97015558,Waarpak
SHA-R01-FDT07-FAT06,36.79002709,42.97018279,Waarpak
SHA-R01-FDT07-FAT07,36.7903842,42.96958852,Waarpak
SHA-R01-FDT07-FAT08,36.79075505,42.96931553,Waarpak
SHA-R01-FDT07-FAT09,36.79119396,42.96944512,Waarpak
SHA-R01-FDT07-FAT10,36.79155841,42.9690506,Waarpak
SHA-R01-FDT07-FAT11,36.79242839,42.96898677,Waarpak
SHA-R01-FDT07-FAT12,36.79304206,42.97008758,Waarpak
SHA-R01-FDT07-FAT13,36.7921407,42.96930194,Waarpak
SHA-R01-FDT07-FAT14,36.79264324,42.97013136,Waarpak
SHA-R01-FDT07-FAT15,36.79130252,42.96863587,Waarpak
SHA-R01-FDT07-FAT16,36.79095489,42.96799103,Waarpak
SHA-R01-FDT07-FAT17,36.79184659,42.96821422,Waarpak
SHA-R01-FDT07-FAT18,36.79225566,42.96801782,Waarpak
SHA-R01-FDT07-FAT19,36.7927713,42.96810404,Waarpak
SHA-R01-FDT07-FAT20,36.79298904,42.96863849,Waarpak
SHA-R01-FDT07-FAT21,36.79360712,42.97021191,Waarpak
SHA-R01-FDT07-FAT22,36.78940171,42.97164817,Waarpak
SHA-R01-FDT07-FAT23,36.78948751,42.9717404,Waarpak
SHA-R01-FDT07-FAT24,36.79031451,42.97178159,Waarpak
SHA-R01-FDT07-FAT25,36.79063444,42.97146888,Waarpak
SHA-R01-FDT07-FAT26,36.79064401,42.97219788,Waarpak
SHA-R01-FDT07-FAT27,36.79109291,42.97228103,Waarpak
SHA-R01-FDT07-FAT28,36.79078798,42.97074074,Waarpak
SHA-R01-FDT07-FAT29,36.7914482,42.97029567,Waarpak
SHA-R01-FDT07-FAT30,36.7921403,42.97033051,Waarpak
SHA-R01-FDT07-FAT31,36.79180596,42.9707068,Waarpak
SHA-R01-FDT07-FAT32,36.78810837,42.97058853,Waarpak
SHA-R01-FDT07-FAT33,36.78808821,42.97165496,Waarpak
SHA-R01-FDT07-FAT34,36.78867886,42.97227294,Waarpak
SHA-R01-FDT07-FAT35,36.78917897,42.97282796,Waarpak
SHA-R01-FDT07-FAT36,36.78981107,42.97331329,Waarpak
SHA-R01-FDT07-FAT37,36.79028764,42.97333325,Waarpak
SHA-R01-FDT07-FAT38,36.78838578,42.97122102,Waarpak
SHA-R01-FDT07-FAT39,36.78948589,42.97240873,Waarpak
SHA-R01-FDT07-FAT40,36.7874313,42.97164216,Waarpak
SHA-R01-FDT07-FAT41,36.78695167,42.97217351,Waarpak
SHA-R01-FDT07-FAT42,36.78658825,42.972852,Waarpak
SHA-R01-FDT07-FAT43,36.78808208,42.97447085,Waarpak
SHA-R01-FDT07-FAT44,36.78811468,42.97239893,Waarpak
SHA-R01-FDT07-FAT45,36.78896768,42.97334657,Waarpak
SHA-R01-FDT07-FAT46,36.78739616,42.97239963,Waarpak
SHA-R01-FDT07-FAT47,36.78769986,42.97273442,Waarpak
SHA-R01-FDT07-FAT48,36.78807009,42.9731355,Waarpak
SHA-R01-FDT07-FAT49,36.78849351,42.97360077,Waarpak
SHA-R01-FDT07-FAT50,36.78874821,42.97387512,Waarpak
SHA-R01-FDT07-FAT51,36.7889684,42.97441272,Waarpak
SHA-R01-FDT07-FAT52,36.78922329,42.97493915,Waarpak
SHA-R01-FDT07-FAT53,36.78750765,42.96958248,Waarpak
SHA-R01-FDT07-FAT54,36.78699293,42.97035098,Waarpak
SHA-R01-FDT07-FAT55,36.78740418,42.97063582,Waarpak
SHA-R01-FDT07-FAT56,36.78667319,42.97168577,Waarpak
SHA-R01-FDT07-FAT57,36.78632576,42.9705468,Waarpak
SHA-R01-FDT07-FAT58,36.78632556,42.97149019,Waarpak
SHZ-R01-FDT01-FAT01,37.03501819,43.76707283,Waarpak
SHZ-R01-FDT01-FAT02,37.03370381,43.76816776,Waarpak
SHZ-R01-FDT01-FAT03,37.03308368,43.76810362,Waarpak
SHZ-R01-FDT01-FAT04,37.03264262,43.7701349,Waarpak
SHZ-R01-FDT01-FAT05,37.03275449,43.77113422,Waarpak
SHZ-R01-FDT01-FAT06,37.03390496,43.77134945,Waarpak
SHZ-R01-FDT01-FAT07,37.03478269,43.7705099,Waarpak
SHZ-R01-FDT01-FAT08,37.03587695,43.77118416,Waarpak
SHZ-R01-FDT01-FAT09,37.03687389,43.77104199,Waarpak
SHZ-R01-FDT01-FAT10,37.03121242,43.772352,Waarpak
SHZ-R01-FDT01-FAT11,37.03046385,43.7729251,Waarpak
SHZ-R01-FDT01-FAT12,37.03192832,43.7749983,Waarpak
SHZ-R01-FDT01-FAT13,37.03042742,43.7762248,Waarpak
SHZ-R01-FDT01-FAT14,37.03316011,43.77445454,Waarpak
SHZ-R01-FDT01-FAT15,37.03664125,43.77588207,Waarpak
SHZ-R01-FDT01-FAT16,37.03823069,43.77998403,Waarpak
SHZ-R01-FDT01-FAT17,37.0390241,43.78271408,Waarpak
SHZ-R01-FDT01-FAT18,37.03494772,43.76300812,Waarpak
SHZ-R01-FDT01-FAT19,37.0345751,43.75980077,Waarpak
SHZ-R01-FDT01-FAT20,37.03715675,43.75953512,Waarpak
SHZ-R01-FDT01-FAT21,37.03886928,43.76364428,Waarpak
SHZ-R01-FDT01-FAT22,37.03736293,43.75777243,Waarpak
SHZ-R01-FDT01-FAT23,37.03872904,43.75784012,Waarpak
SHZ-R01-FDT01-FAT24,37.03442245,43.75532548,Waarpak
SHZ-R01-FDT01-FAT25,37.0356533,43.75100785,Waarpak
SHZ-R01-FDT01-FAT26,37.03367363,43.7501268,Waarpak
SHZ-R01-FDT01-FAT27,37.03616794,43.74738973,Waarpak
SHZ-R01-FDT01-FAT28,37.03717031,43.74411245,Waarpak
SHZ-R01-FDT01-FAT29,37.04162813,43.74816757,Waarpak
SHZ-R01-FDT01-FAT30,37.04303374,43.74822872,Waarpak
SHZ-R01-FDT01-FAT31,37.03501819,43.76707283,Waarpak
SHZ-R01-FDT01-FAT32,37.03314128,43.76754021,Waarpak
SHZ-R01-FDT01-FAT33,37.03249266,43.77067922,Waarpak
SHZ-R01-FDT01-FAT34,37.03613319,43.77108033,Waarpak
SHZ-R01-FDT01-FAT35,37.03061886,43.77289797,Waarpak
SHZ-R01-FDT01-FAT36,37.03316011,43.77445454,Waarpak
SHZ-R01-FDT01-FAT37,37.03513266,43.76385874,Waarpak
SHZ-R01-FDT01-FAT38,37.03460617,43.76026233,Waarpak
SHZ-R01-FDT01-FAT39,37.03921815,43.76362451,Waarpak
SHZ-R01-FDT01-FAT40,37.03769995,43.75775066,Waarpak
SHZ-R01-FDT01-FAT41,37.03850654,43.75779315,Waarpak
SHZ-R01-FDT01-FAT42,37.03411435,43.75614669,Waarpak
SHZ-R01-FDT01-FAT43,37.04303374,43.74822872,Waarpak
SHZ-R01-FDT01-FAT44,37.02927038,43.775166,Waarpak
SHZ-R01-FDT01-FAT45,37.03833278,43.75618029,Waarpak
SHZ-R01-FDT01-FAT46,37.03738863,43.7564796,Waarpak
SHZ-R01-FDT01-FAT47,37.04232851,43.74598856,Waarpak
SHZ-R01-FDT01-FAT48,37.03346651,43.76916287,Waarpak
SHZ-R01-FDT01-FAT49,37.03770391,43.77667863,Waarpak
SHZ-R01-FDT01-FAT50,37.03891553,43.78109218,Waarpak
SHZ-R01-FDT01-FAT51,37.04220198,43.74742527,Waarpak
SHZ-R01-FDT01-FAT52,37.03846703,43.75882939,Waarpak
SHZ-R01-FDT01-FAT53,37.03844875,43.76064506,Waarpak
SHZ-R01-FDT01-FAT54,37.03568948,43.76509366,Waarpak
SHZ-R01-FDT01-FAT55,37.0347263,43.7620057,Waarpak
SHZ-R01-FDT01-FAT56,37.03616201,43.75973215,Waarpak
SHZ-R01-FDT01-FAT57,37.03464172,43.74909061,Waarpak
SHZ-R01-FDT01-FAT58,37.04350723,43.74684116,Waarpak
SHZ-R01-FDT01-FAT59,37.03432983,43.76885099,Waarpak
SHZ-R01-FDT01-FAT60,37.03280412,43.76902576,Waarpak
SHZ-R01-FDT01-FAT61,37.03460559,43.77202491,Waarpak
SHZ-R01-FDT01-FAT62,37.0355986,43.77357599,Waarpak
SHZ-R01-FDT01-FAT63,37.03162106,43.7715982,Waarpak
SHZ-R01-FDT01-FAT64,37.03010547,43.77287225,Waarpak
SHZ-R01-FDT01-FAT65,37.03088908,43.77622927,Waarpak
SHZ-R01-FDT01-FAT66,37.03425651,43.77475778,Waarpak
SHZ-R01-FDT01-FAT67,37.03808906,43.78098021,Waarpak
SHZ-R01-FDT01-FAT68,37.03958102,43.78092437,Waarpak
SHZ-R01-FDT02-FAT01,37.03081058,43.78033646,Waarpak
SHZ-R01-FDT02-FAT02,37.03067187,43.77951698,Waarpak
SHZ-R01-FDT02-FAT03,37.03042487,43.77856077,Waarpak
SHZ-R01-FDT02-FAT04,37.02989756,43.7817165,Waarpak
SHZ-R01-FDT02-FAT05,37.02998964,43.78321042,Waarpak
SHZ-R01-FDT02-FAT06,37.03091667,43.7836759,Waarpak
SHZ-R01-FDT02-FAT07,37.03088376,43.78418449,Waarpak
SHZ-R01-FDT02-FAT08,37.02930052,43.78598393,Waarpak
SHZ-R01-FDT02-FAT09,37.02770853,43.7869173,Waarpak
SHZ-R01-FDT02-FAT10,37.02797607,43.78634631,Waarpak
SHZ-R01-FDT02-FAT11,37.02779795,43.78769422,Waarpak
SHZ-R01-FDT02-FAT12,37.02698536,43.78859711,Waarpak
SHZ-R01-FDT02-FAT13,37.0257615,43.78841185,Waarpak
SHZ-R01-FDT02-FAT14,37.02701055,43.78912514,Waarpak
SHZ-R01-FDT02-FAT15,37.03196405,43.77935233,Waarpak
SHZ-R01-FDT02-FAT16,37.03203984,43.77692287,Waarpak
SHZ-R01-FDT02-FAT17,37.0322279,43.78018948,Waarpak
SHZ-R01-FDT02-FAT18,37.03439801,43.77988176,Waarpak
SHZ-R01-FDT02-FAT19,37.03385546,43.78142588,Waarpak
SHZ-R01-FDT02-FAT20,37.03357436,43.77894915,Waarpak
SHZ-R01-FDT02-FAT21,37.03397511,43.77833146,Waarpak
SHZ-R01-FDT02-FAT22,37.03238032,43.78196639,Waarpak
SHZ-R01-FDT02-FAT23,37.03337608,43.78356514,Waarpak
SHZ-R01-FDT02-FAT24,37.03256538,43.78341731,Waarpak
SHZ-R01-FDT02-FAT25,37.03255635,43.78509468,Waarpak
SHZ-R01-FDT02-FAT26,37.03153016,43.78543712,Waarpak
SHZ-R01-FDT02-FAT27,37.03231982,43.78718906,Waarpak
SHZ-R01-FDT02-FAT28,37.03343868,43.78692523,Waarpak
SHZ-R01-FDT02-FAT29,37.03016401,43.78179703,Waarpak
SHZ-R01-FDT02-FAT30,37.02753888,43.78614814,Waarpak
SHZ-R01-FDT02-FAT31,37.02655554,43.78839798,Waarpak
SHZ-R01-FDT02-FAT32,37.03216711,43.77992124,Waarpak
SHZ-R01-FDT02-FAT33,37.03185576,43.77766289,Waarpak
SHZ-R01-FDT02-FAT34,37.03336815,43.77884973,Waarpak
SHZ-R01-FDT02-FAT35,37.03241818,43.78222165,Waarpak
SHZ-R01-FDT02-FAT36,37.02891993,43.78408574,Waarpak
SHZ-R01-FDT02-FAT37,37.02712297,43.78804406,Waarpak
SHZ-R01-FDT02-FAT38,37.02684374,43.78652172,Waarpak
SHZ-R01-FDT02-FAT39,37.03395378,43.78094453,Waarpak
SHZ-R01-FDT02-FAT40,37.03036525,43.78078624,Waarpak
SHZ-R01-FDT02-FAT41,37.03082222,43.7786403,Waarpak
SHZ-R01-FDT02-FAT42,37.03229191,43.7794824,Waarpak
SHZ-R01-FDT02-FAT43,37.03380337,43.77897956,Waarpak
SHZ-R01-FDT02-FAT44,37.03188126,43.78260831,Waarpak
SHZ-R01-FDT02-FAT45,37.03282098,43.78429,Waarpak
SHZ-R01-FDT02-FAT46,37.03045734,43.77769926,Waarpak
SHZ-R01-FDT02-FAT47,37.03388609,43.78272638,Waarpak
SHZ-R01-FDT02-FAT48,37.0331086,43.78003079,Waarpak
SHZ-R01-FDT02-FAT49,37.03248367,43.77857423,Waarpak
SHZ-R01-FDT02-FAT50,37.03399798,43.77800025,Waarpak
SHZ-R01-FDT02-FAT51,37.03318147,43.7821793,Waarpak
SHZ-R01-FDT02-FAT52,37.03125274,43.78202613,Waarpak
SHZ-R01-FDT02-FAT53,37.03197855,43.78453697,Waarpak
SHZ-R01-FDT02-FAT54,37.03152196,43.78311323,Waarpak
SHZ-R01-FDT02-FAT55,37.03220301,43.78613956,Waarpak
SHZ-R01-FDT02-FAT56,37.03084489,43.78484761,Waarpak
SHZ-R01-FDT02-FAT57,37.03332021,43.78771387,Waarpak
SHZ-R01-FDT02-FAT58,37.03379915,43.78534214,Waarpak
SHZ-R01-FDT02-FAT59,37.02924524,43.78333705,Waarpak
SHZ-R01-FDT02-FAT60,37.0286977,43.78735323,Waarpak
SHZ-R01-FDT02-FAT61,37.02801432,43.78548407,Waarpak
SHZ-R01-FDT02-FAT62,37.02673033,43.78789482,Waarpak
SHZ-R01-FDT02-FAT63,37.02578412,43.78791554,Waarpak
SHZ-R01-FDT03-FAT01,37.03900052,43.72981592,Waarpak
SHZ-R01-FDT03-FAT02,37.03941379,43.72921483,Waarpak
SHZ-R01-FDT03-FAT03,37.03943951,43.72970827,Waarpak
SHZ-R01-FDT03-FAT04,37.0389635,43.72913492,Waarpak
SHZ-R01-FDT03-FAT05,37.03890179,43.72792613,Waarpak
SHZ-R01-FDT03-FAT06,37.03893017,43.72701662,Waarpak
SHZ-R01-FDT03-FAT07,37.03888797,43.72565468,Waarpak
SHZ-R01-FDT03-FAT08,37.03881564,43.72430305,Waarpak
SHZ-R01-FDT03-FAT09,37.03973181,43.72594663,Waarpak
SHZ-R01-FDT03-FAT10,37.03849557,43.72602045,Waarpak
SHZ-R01-FDT03-FAT11,37.03840533,43.7251904,Waarpak
SHZ-R01-FDT03-FAT12,37.03747759,43.72473833,Waarpak
SHZ-R01-FDT03-FAT13,37.03700186,43.72442777,Waarpak
SHZ-R01-FDT03-FAT14,37.03913608,43.73081487,Waarpak
SHZ-R01-FDT03-FAT15,37.03966733,43.73109676,Waarpak
SHZ-R01-FDT03-FAT16,37.03943285,43.73314369,Waarpak
SHZ-R01-FDT03-FAT17,37.03967511,43.73320158,Waarpak
SHZ-R01-FDT03-FAT18,37.03901236,43.73682396,Waarpak
SHZ-R01-FDT03-FAT19,37.03932192,43.7395414,Waarpak
SHZ-R01-FDT03-FAT20,37.03812056,43.73881603,Waarpak
SHZ-R01-FDT03-FAT21,37.03728848,43.74017518,Waarpak
SHZ-R01-FDT03-FAT22,37.03860867,43.73097293,Waarpak
SHZ-R01-FDT03-FAT23,37.038217,43.7309001,Waarpak
SHZ-R01-FDT03-FAT24,37.03772438,43.73157956,Waarpak
SHZ-R01-FDT03-FAT25,37.03728075,43.73146275,Waarpak
SHZ-R01-FDT03-FAT26,37.03676163,43.73077049,Waarpak
SHZ-R01-FDT03-FAT27,37.0376804,43.73089867,Waarpak
SHZ-R01-FDT03-FAT28,37.03732203,43.7321156,Waarpak
SHZ-R01-FDT03-FAT29,37.03690606,43.73167097,Waarpak
SHZ-R01-FDT03-FAT30,37.0366714,43.73234362,Waarpak
SHZ-R01-FDT03-FAT31,37.03760987,43.72975913,Waarpak
SHZ-R01-FDT03-FAT32,37.03728109,43.72989965,Waarpak
SHZ-R01-FDT03-FAT33,37.03679513,43.72993014,Waarpak
SHZ-R01-FDT03-FAT34,37.03640994,43.73043613,Waarpak
SHZ-R01-FDT03-FAT35,37.0366765,43.72870979,Waarpak
SHZ-R01-FDT03-FAT36,37.03630062,43.72873728,Waarpak
SHZ-R01-FDT03-FAT37,37.03623855,43.72741901,Waarpak
SHZ-R01-FDT03-FAT38,37.03577562,43.72674341,Waarpak
SHZ-R01-FDT03-FAT39,37.03521501,43.72676228,Waarpak
SHZ-R01-FDT03-FAT40,37.03854266,43.7297804,Waarpak
SHZ-R01-FDT03-FAT41,37.03854219,43.72805263,Waarpak
SHZ-R01-FDT03-FAT42,37.03757037,43.72874879,Waarpak
SHZ-R01-FDT03-FAT43,37.03751699,43.7274638,Waarpak
SHZ-R01-FDT03-FAT44,37.03684169,43.72730873,Waarpak
SHZ-R01-FDT03-FAT45,37.03715011,43.72820555,Waarpak
SHZ-R01-FDT03-FAT46,37.0371095,43.72614185,Waarpak
SHZ-R01-FDT03-FAT47,37.03726046,43.72662772,Waarpak
SHZ-R01-FDT03-FAT48,37.03617429,43.7256527,Waarpak
SHZ-R02-FDT01-FAT01,37.02815789,43.78971453,Waarpak
SHZ-R02-FDT01-FAT02,37.02643503,43.79068907,Waarpak
SHZ-R02-FDT01-FAT03,37.02549064,43.79113402,Waarpak
SHZ-R02-FDT01-FAT04,37.02724904,43.78984418,Waarpak
SHZ-R02-FDT01-FAT05,37.02615277,43.79174313,Waarpak
SHZ-R02-FDT01-FAT06,37.02755517,43.79213424,Waarpak
SHZ-R02-FDT01-FAT07,37.02660302,43.79373674,Waarpak
SHZ-R02-FDT01-FAT08,37.02535999,43.79484818,Waarpak
SHZ-R02-FDT01-FAT09,37.02485511,43.79398813,Waarpak
SHZ-R02-FDT01-FAT10,37.02729694,43.7956938,Waarpak
SHZ-R02-FDT01-FAT11,37.02889828,43.79327399,Waarpak
SHZ-R02-FDT01-FAT12,37.03096029,43.7939349,Waarpak
SHZ-R02-FDT01-FAT13,37.03035909,43.7957269,Waarpak
SHZ-R02-FDT01-FAT14,37.02958912,43.78821242,Waarpak
SHZ-R02-FDT01-FAT15,37.02978784,43.78944804,Waarpak
SHZ-R02-FDT01-FAT16,37.03000647,43.78865462,Waarpak
SHZ-R02-FDT01-FAT17,37.03111334,43.78883452,Waarpak
SHZ-R02-FDT01-FAT18,37.03078436,43.79023308,Waarpak
SHZ-R02-FDT01-FAT19,37.03247347,43.79004477,Waarpak
SHZ-R02-FDT01-FAT20,37.03344107,43.79201213,Waarpak
SHZ-R02-FDT01-FAT21,37.03296991,43.79297173,Waarpak
SHZ-R02-FDT01-FAT22,37.03486198,43.79145696,Waarpak
SHZ-R02-FDT01-FAT23,37.03536603,43.79304039,Waarpak
SHZ-R02-FDT01-FAT24,37.03652354,43.79272271,Waarpak
SHZ-R02-FDT01-FAT25,37.02875932,43.78828344,Waarpak
SHZ-R02-FDT01-FAT26,37.02829733,43.79108747,Waarpak
SHZ-R02-FDT01-FAT27,37.02897146,43.79026876,Waarpak
SHZ-R02-FDT01-FAT28,37.02925365,43.79233141,Waarpak
SHZ-R02-FDT01-FAT29,37.03003801,43.79075625,Waarpak
SHZ-R02-FDT01-FAT30,37.03192566,43.79155803,Waarpak
SHZ-R02-FDT01-FAT31,37.03100181,43.79236589,Waarpak
SHZ-R02-FDT01-FAT32,37.02823287,43.78929131,Waarpak
SHZ-R02-FDT01-FAT33,37.02719378,43.79006475,Waarpak
SHZ-R02-FDT01-FAT34,37.02604147,43.79182655,Waarpak
SHZ-R02-FDT01-FAT35,37.0265818,43.79392489,Waarpak
SHZ-R02-FDT01-FAT36,37.02539227,43.79479986,Waarpak
SHZ-R02-FDT01-FAT37,37.0250247,43.79389349,Waarpak
SHZ-R02-FDT01-FAT38,37.02728803,43.79495698,Waarpak
SHZ-R02-FDT01-FAT39,37.02949385,43.78841068,Waarpak
SHZ-R02-FDT01-FAT40,37.03099537,43.78919859,Waarpak
SHZ-R02-FDT01-FAT41,37.03274141,43.79027694,Waarpak
SHZ-R02-FDT01-FAT42,37.03314525,43.79202398,Waarpak
SHZ-R02-FDT01-FAT43,37.03491924,43.7916225,Waarpak
SHZ-R02-FDT01-FAT44,37.03531741,43.79274628,Waarpak
SHZ-R02-FDT01-FAT45,37.03612858,43.79255165,Waarpak
SHZ-R02-FDT01-FAT46,37.02861214,43.78866587,Waarpak
SHZ-R02-FDT01-FAT47,37.02910761,43.79032443,Waarpak
SHZ-R02-FDT01-FAT48,37.03162741,43.79135933,Waarpak
SHZ-R02-FDT01-FAT49,37.02582568,43.80147161,Waarpak
SHZ-R02-FDT01-FAT50,37.03179179,43.79020375,Waarpak
SHZ-R02-FDT01-FAT51,37.02988246,43.79161462,Waarpak
SHZ-R02-FDT01-FAT52,37.02575969,43.78959831,Waarpak
SHZ-R02-FDT01-FAT53,37.02762854,43.79122918,Waarpak
SHZ-R02-FDT01-FAT54,37.02899423,43.79389261,Waarpak
SHZ-R02-FDT01-FAT55,37.03570935,43.79262148,Waarpak
SHZ-R02-FDT01-FAT56,37.03361038,43.7907453,Waarpak
SHZ-R02-FDT01-FAT57,37.03411395,43.79213795,Waarpak
SHZ-R02-FDT01-FAT58,37.03366531,43.79366141,Waarpak
SHZ-R02-FDT01-FAT59,37.0324618,43.79239912,Waarpak
SHZ-R02-FDT01-FAT60,37.03713296,43.79288516,Waarpak
SHZ-R02-FDT01-FAT61,37.02859426,43.78981269,Waarpak
SHZ-R02-FDT01-FAT62,37.02874482,43.7912729,Waarpak
SHZ-R02-FDT01-FAT63,37.0299555,43.79317669,Waarpak
SHZ-R02-FDT01-FAT64,37.02498885,43.79049515,Waarpak
SHZ-R02-FDT01-FAT65,37.02687768,43.79177582,Waarpak
SHZ-R02-FDT01-FAT66,37.02560536,43.79194136,Waarpak
SHZ-R02-FDT01-FAT67,37.02423442,43.79446987,Waarpak
SHZ-R02-FDT01-FAT68,37.03014373,43.79619804,Waarpak
SHZ-R03-FDT01-FAT01,37.01848463,43.81432903,Waarpak
SHZ-R03-FDT01-FAT02,37.01965363,43.81347655,Waarpak
SHZ-R03-FDT01-FAT03,37.01965357,43.81209283,Waarpak
SHZ-R03-FDT01-FAT04,37.01828654,43.8119232,Waarpak
SHZ-R03-FDT01-FAT05,37.01958875,43.8151812,Waarpak
SHZ-R03-FDT01-FAT06,37.01985881,43.81444062,Waarpak
SHZ-R03-FDT01-FAT07,37.02050853,43.81266675,Waarpak
SHZ-R03-FDT01-FAT08,37.01839883,43.80531659,Waarpak
SHZ-R03-FDT01-FAT09,37.01777357,43.80507258,Waarpak
SHZ-R03-FDT01-FAT10,37.01868435,43.80286835,Waarpak
SHZ-R03-FDT01-FAT11,37.0179336,43.81647602,Waarpak
SHZ-R03-FDT01-FAT12,37.01717902,43.81703917,Waarpak
SHZ-R03-FDT01-FAT13,37.01670721,43.81867209,Waarpak
SHZ-R03-FDT01-FAT14,37.01760951,43.81886712,Waarpak
SHZ-R03-FDT01-FAT15,37.01815933,43.81896831,Waarpak
SHZ-R03-FDT01-FAT16,37.01712422,43.8159611,Waarpak
SHZ-R03-FDT01-FAT17,37.01621208,43.81561125,Waarpak
SHZ-R03-FDT01-FAT18,37.0161467,43.81626041,Waarpak
SHZ-R03-FDT01-FAT19,37.01537589,43.81674584,Waarpak
SHZ-R03-FDT01-FAT20,37.01577136,43.81826332,Waarpak
SHZ-R03-FDT01-FAT21,37.01799607,43.8050902,Waarpak
SHZ-R03-FDT01-FAT22,37.0191576,43.81213064,Waarpak
SHZ-R03-FDT01-FAT23,37.01834843,43.8054371,Waarpak
SHZ-R03-FDT01-FAT24,37.01809851,43.80514364,Waarpak
SHZ-R03-FDT01-FAT25,37.01871582,43.80303959,Waarpak
SHZ-R03-FDT01-FAT26,37.01740158,43.81704417,Waarpak
SHZ-R03-FDT01-FAT27,37.01730099,43.81877321,Waarpak
SHZ-R03-FDT01-FAT28,37.0161536,43.8157388,Waarpak
SHZ-R03-FDT01-FAT29,37.01667069,43.81586284,Waarpak
SHZ-R03-FDT01-FAT30,37.01637424,43.80593665,Waarpak
SHZ-R03-FDT01-FAT31,37.02008934,43.81375809,Waarpak
SHZ-R03-FDT01-FAT32,37.01540055,43.81776384,Waarpak
SHZ-R03-FDT01-FAT33,37.01808249,43.81521606,Waarpak
SHZ-R03-FDT01-FAT34,37.01891848,43.81452066,Waarpak
SHZ-R03-FDT01-FAT35,37.0179175,43.81335538,Waarpak
SHZ-R03-FDT01-FAT36,37.02093501,43.81454027,Waarpak
SHZ-R03-FDT01-FAT37,37.02091619,43.81194679,Waarpak
SHZ-R03-FDT01-FAT38,37.01617626,43.81473766,Waarpak
SHZ-R03-FDT01-FAT39,37.01497977,43.81708171,Waarpak
SHZ-R03-FDT01-FAT40,37.01453752,43.81821115,Waarpak
SHZ-R03-FDT01-FAT41,37.01638538,43.81782172,Waarpak
SHZ-R03-FDT02-FAT01,37.0178622,43.82032776,Waarpak
SHZ-R03-FDT02-FAT02,37.01822942,43.82046004,Waarpak
SHZ-R03-FDT02-FAT03,37.01893474,43.82298342,Waarpak
SHZ-R03-FDT02-FAT04,37.01778277,43.82324872,Waarpak
SHZ-R03-FDT02-FAT05,37.01734823,43.82601781,Waarpak
SHZ-R03-FDT02-FAT06,37.01722815,43.828845,Waarpak
SHZ-R03-FDT02-FAT07,37.01761369,43.82975834,Waarpak
SHZ-R03-FDT02-FAT08,37.0212459,43.83350861,Waarpak
SHZ-R03-FDT02-FAT09,37.02310306,43.83369431,Waarpak
SHZ-R03-FDT02-FAT10,37.02165195,43.83516782,Waarpak
SHZ-R03-FDT02-FAT11,37.02066923,43.83651341,Waarpak
SHZ-R03-FDT02-FAT12,37.01709519,43.82174415,Waarpak
SHZ-R03-FDT02-FAT13,37.01696599,43.82017545,Waarpak
SHZ-R03-FDT02-FAT14,37.01643569,43.82107501,Waarpak
SHZ-R03-FDT02-FAT15,37.01545074,43.82131245,Waarpak
SHZ-R03-FDT02-FAT16,37.01381458,43.8209832,Waarpak
SHZ-R03-FDT02-FAT17,37.01405099,43.82000578,Waarpak
SHZ-R03-FDT02-FAT18,37.01403866,43.81953841,Waarpak
SHZ-R03-FDT02-FAT19,37.01654405,43.82321726,Waarpak
SHZ-R03-FDT02-FAT20,37.015443,43.82324427,Waarpak
SHZ-R03-FDT02-FAT21,37.01502205,43.82436359,Waarpak
SHZ-R03-FDT02-FAT22,37.01505292,43.82474859,Waarpak
SHZ-R03-FDT02-FAT23,37.01600872,43.82023198,Waarpak
SHZ-R03-FDT02-FAT24,37.01580536,43.81904674,Waarpak
SHZ-R03-FDT02-FAT25,37.02276657,43.83371384,Waarpak
SHZ-R03-FDT02-FAT26,37.02056327,43.83613473,Waarpak
SHZ-R03-FDT02-FAT27,37.01557848,43.82131558,Waarpak
SHZ-R03-FDT02-FAT28,37.01396339,43.81980379,Waarpak
SHZ-R03-FDT02-FAT29,37.01554767,43.82353811,Waarpak
SHZ-R03-FDT02-FAT30,37.01617982,43.81976398,Waarpak
SHZ-R03-FDT02-FAT31,37.01664829,43.82786501,Waarpak
SHZ-R03-FDT02-FAT32,37.01909521,43.82656089,Waarpak
SHZ-R03-FDT02-FAT33,37.02105034,43.83070653,Waarpak
SHZ-R03-FDT02-FAT34,37.02289711,43.83500091,Waarpak
SHZ-R03-FDT02-FAT35,37.02290129,43.83826418,Waarpak
SHZ-R03-FDT02-FAT36,37.01857191,43.82286875,Waarpak
SHZ-R03-FDT02-FAT37,37.02304534,43.83430041,Waarpak
SHZ-R03-FDT02-FAT38,37.02071509,43.83675202,Waarpak
SHZ-R03-FDT02-FAT39,37.01650799,43.82346392,Waarpak
SHZ-R03-FDT02-FAT40,37.01496569,43.82472141,Waarpak
SHZ-R03-FDT02-FAT41,37.01668302,43.82164534,Waarpak
SHZ-R03-FDT02-FAT42,37.0163234,43.82480199,Waarpak
SHZ-R03-FDT02-FAT43,37.01348253,43.82423502,Waarpak
SHZ-R03-FDT02-FAT44,37.01437853,43.82359515,Waarpak
SHZ-R03-FDT02-FAT45,37.01867485,43.82222602,Waarpak
SHZ-R03-FDT02-FAT46,37.0207017,43.8343672,Waarpak
SHZ-R03-FDT02-FAT47,37.01985373,43.83572616,Waarpak
SML-R01-FDT01-FAT01,36.86073257,42.85012253,Waarpak
SML-R01-FDT01-FAT02,36.86067649,42.85064498,Waarpak
SML-R01-FDT01-FAT03,36.86037705,42.85097877,Waarpak
SML-R01-FDT01-FAT04,36.86062643,42.85126478,Waarpak
SML-R01-FDT01-FAT05,36.86078093,42.85290667,Waarpak
SML-R01-FDT01-FAT06,36.85984408,42.85381915,Waarpak
SML-R01-FDT01-FAT07,36.86124297,42.85177561,Waarpak
SML-R01-FDT01-FAT08,36.8611798,42.85271098,Waarpak
SML-R01-FDT01-FAT09,36.86076197,42.85452777,Waarpak
SML-R01-FDT01-FAT10,36.86031691,42.85538943,Waarpak
SML-R01-FDT01-FAT11,36.85980344,42.85540552,Waarpak
SML-R01-FDT01-FAT12,36.85978536,42.85660516,Waarpak
SML-R01-FDT01-FAT13,36.85953194,42.85714828,Waarpak
SML-R01-FDT01-FAT14,36.85909099,42.85696256,Waarpak
SML-R01-FDT01-FAT15,36.85855287,42.85804475,Waarpak
SML-R01-FDT01-FAT16,36.85827485,42.85857508,Waarpak
SML-R01-FDT01-FAT17,36.85815258,42.8590185,Waarpak
SML-R01-FDT01-FAT18,36.85977814,42.8503848,Waarpak
SML-R01-FDT01-FAT19,36.85920142,42.8519652,Waarpak
SML-R01-FDT01-FAT20,36.85902166,42.85463029,Waarpak
SML-R01-FDT01-FAT21,36.85917838,42.85474673,Waarpak
SML-R01-FDT01-FAT22,36.8589078,42.85572893,#N/A
SML-R01-FDT01-FAT23,36.85883796,42.85585391,Waarpak
SML-R01-FDT01-FAT24,36.85695057,42.85469224,Waarpak
SML-R01-FDT01-FAT25,36.85397272,42.85421652,Waarpak
SML-R01-FDT01-FAT26,36.85786605,42.85665536,Waarpak
SML-R01-FDT01-FAT27,36.85753709,42.85600378,Waarpak
SML-R01-FDT01-FAT28,36.85738484,42.85741273,Waarpak
SML-R01-FDT01-FAT29,36.85732049,42.85799741,Waarpak
SML-R01-FDT01-FAT30,36.85716728,42.85754989,Waarpak
SML-R01-FDT01-FAT31,36.85708591,42.85822343,Waarpak
SML-R01-FDT01-FAT32,36.85660303,42.85815284,Waarpak
SML-R01-FDT01-FAT33,36.85939375,42.84986935,Waarpak
SML-R01-FDT01-FAT34,36.85910587,42.85060765,Waarpak
SML-R01-FDT01-FAT35,36.85926288,42.85085025,Waarpak
SML-R01-FDT01-FAT36,36.85857364,42.84979996,Waarpak
SML-R01-FDT01-FAT37,36.85837726,42.84948652,Waarpak
SML-R01-FDT01-FAT38,36.86143575,42.84975776,Waarpak
SML-R01-FDT01-FAT39,36.86168942,42.85014601,Waarpak
SML-R01-FDT01-FAT40,36.86162901,42.85072283,Waarpak
SML-R01-FDT02-FAT01,36.85315988,42.86584793,Waarpak
SML-R01-FDT02-FAT02,36.85351666,42.86568171,Waarpak
SML-R01-FDT02-FAT03,36.85388553,42.86466054,Waarpak
SML-R01-FDT02-FAT04,36.85357384,42.86402905,Waarpak
SML-R01-FDT02-FAT05,36.85373909,42.86331827,Waarpak
SML-R01-FDT02-FAT06,36.8540434,42.86301977,Waarpak
SML-R01-FDT02-FAT07,36.85381341,42.86239579,Waarpak
SML-R01-FDT02-FAT08,36.85460855,42.86251009,Waarpak
SML-R01-FDT02-FAT09,36.85447501,42.86226127,Waarpak
SML-R01-FDT02-FAT10,36.85462099,42.86171499,Waarpak
SML-R01-FDT02-FAT11,36.85494302,42.86118703,Waarpak
SML-R01-FDT02-FAT12,36.85540964,42.86124708,Waarpak
SML-R01-FDT02-FAT13,36.85418961,42.86118482,Waarpak
SML-R01-FDT02-FAT14,36.85443374,42.8594971,Waarpak
SML-R01-FDT02-FAT15,36.85382657,42.85963957,Waarpak
SML-R01-FDT02-FAT16,36.8537965,42.85776676,Waarpak
SML-R01-FDT02-FAT17,36.85442196,42.86053415,Waarpak
SML-R01-FDT02-FAT18,36.85490635,42.8605965,Waarpak
SML-R01-FDT02-FAT19,36.85527049,42.86064294,Waarpak
SML-R01-FDT02-FAT20,36.85581928,42.86013266,Waarpak
SML-R01-FDT02-FAT21,36.85584744,42.85983357,Waarpak
SML-R01-FDT02-FAT22,36.85482336,42.86570194,Waarpak
SML-R01-FDT02-FAT23,36.8549015,42.86474245,Waarpak
SML-R01-FDT02-FAT24,36.85492522,42.86448331,Waarpak
SML-R01-FDT02-FAT25,36.8543418,42.86580125,Waarpak
SML-R01-FDT02-FAT26,36.85448826,42.86526907,Waarpak
SML-R01-FDT02-FAT27,36.85531007,42.86564544,Waarpak
SML-R01-FDT02-FAT28,36.85537371,42.86496435,Waarpak
SML-R01-FDT02-FAT29,36.85548951,42.86367888,Waarpak
SML-R01-FDT02-FAT30,36.85501829,42.86363683,Waarpak
SML-R01-FDT02-FAT31,36.85522587,42.86259526,Waarpak
SML-R01-FDT02-FAT32,36.85162737,42.8651528,Waarpak
SML-R01-FDT02-FAT33,36.85174965,42.86494631,Waarpak
SML-R01-FDT02-FAT34,36.85179563,42.86446619,Waarpak
SML-R01-FDT02-FAT35,36.85123977,42.86404544,Waarpak
SML-R01-FDT02-FAT36,36.85094573,42.86392793,Waarpak
SML-R01-FDT02-FAT37,36.85088234,42.86342785,Waarpak
SML-R01-FDT02-FAT38,36.85132008,42.86339495,Waarpak
SML-R01-FDT02-FAT39,36.85149171,42.86280018,Waarpak
SML-R01-FDT02-FAT40,36.85129763,42.86205488,Waarpak
SML-R01-FDT02-FAT41,36.85101987,42.86183452,Waarpak
SML-R01-FDT02-FAT42,36.85116596,42.86126588,Waarpak
SML-R01-FDT02-FAT43,36.85191677,42.86088423,Waarpak
SML-R01-FDT02-FAT44,36.85157811,42.86029912,Waarpak
SML-R01-FDT02-FAT45,36.85119788,42.85982413,Waarpak
SML-R01-FDT02-FAT46,36.85125926,42.85914285,Waarpak
SML-R01-FDT02-FAT47,36.85254965,42.86554878,Waarpak
SML-R01-FDT02-FAT48,36.85270602,42.86389048,Waarpak
SML-R01-FDT02-FAT49,36.85307716,42.86395839,Waarpak
SML-R01-FDT02-FAT50,36.85270944,42.86165686,Waarpak
SML-R01-FDT02-FAT51,36.85210872,42.86217917,Waarpak
SML-R01-FDT02-FAT52,36.85333905,42.86240912,Waarpak
SML-R01-FDT02-FAT53,36.85319339,42.86162356,Waarpak
SML-R01-FDT02-FAT54,36.85321047,42.86143165,Waarpak
SML-R01-FDT02-FAT55,36.85325268,42.86095758,Waarpak
SML-R01-FDT02-FAT56,36.85281697,42.86030208,Waarpak
SML-R01-FDT02-FAT57,36.85318772,42.86035987,Waarpak
SML-R01-FDT02-FAT58,36.85276446,42.85967013,Waarpak
SML-R01-FDT02-FAT59,36.85229672,42.85970515,Waarpak
SML-R01-FDT02-FAT60,36.85172262,42.85950356,Waarpak
SML-R01-FDT03-FAT01,36.84860882,42.86502816,Waarpak
SML-R01-FDT03-FAT02,36.8474823,42.86564482,Waarpak
SML-R01-FDT03-FAT03,36.84611972,42.8658995,Waarpak
SML-R01-FDT03-FAT04,36.84596611,42.86651015,Waarpak
SML-R01-FDT03-FAT05,36.84552577,42.86717276,Waarpak
SML-R01-FDT03-FAT06,36.84497017,42.86803288,Waarpak
SML-R01-FDT03-FAT07,36.84366674,42.86210802,Waarpak
SML-R01-FDT03-FAT08,36.84635376,42.86488068,Waarpak
SML-R01-FDT03-FAT09,36.84582385,42.86539524,Waarpak
SML-R01-FDT03-FAT10,36.84804942,42.86274105,Waarpak
SML-R01-FDT03-FAT11,36.8480752,42.86240291,Waarpak
SML-R01-FDT03-FAT12,36.84814961,42.86142682,Waarpak
SML-R01-FDT03-FAT13,36.84820158,42.86074497,Waarpak
SML-R01-FDT03-FAT14,36.84753786,42.86295366,Waarpak
SML-R01-FDT03-FAT15,36.84762242,42.86184111,Waarpak
SML-R01-FDT03-FAT16,36.84773475,42.86044608,Waarpak
SML-R01-FDT03-FAT17,36.84699724,42.86378783,Waarpak
SML-R01-FDT03-FAT18,36.84712634,42.86202914,Waarpak
SML-R01-FDT03-FAT19,36.84706186,42.86157514,Waarpak
SML-R01-FDT03-FAT20,36.8466963,42.86153795,Waarpak
SML-R01-FDT03-FAT21,36.84637801,42.86088361,Waarpak
SML-R01-FDT03-FAT22,36.84629543,42.86029792,Waarpak
SML-R01-FDT03-FAT23,36.84612114,42.86207173,Waarpak
SML-R01-FDT03-FAT24,36.84602136,42.86250149,Waarpak
SML-R01-FDT03-FAT25,36.84605907,42.86188993,Waarpak
SML-R01-FDT03-FAT26,36.84597833,42.86143567,Waarpak
SML-R01-FDT03-FAT27,36.84718153,42.86129608,Waarpak
SML-R01-FDT03-FAT28,36.84727082,42.86007928,Waarpak
SML-R01-FDT03-FAT29,36.84733866,42.85908979,Waarpak
SML-R01-FDT03-FAT30,36.84696347,42.85896945,Waarpak
SML-R01-FDT03-FAT31,36.84666949,42.85820271,Waarpak
SML-R01-FDT03-FAT32,36.84634598,42.85949734,Waarpak
SML-R01-FDT03-FAT33,36.84624068,42.85938556,Waarpak
SML-R01-FDT03-FAT34,36.84626097,42.85903547,Waarpak
SML-R01-FDT03-FAT35,36.84566332,42.85907809,Waarpak
SML-R01-FDT03-FAT36,36.84854368,42.86568742,Waarpak
SML-R01-FDT03-FAT37,36.8479584,42.8659251,Waarpak
SML-R01-FDT03-FAT38,36.84914798,42.86649152,Waarpak
SML-R01-FDT03-FAT39,36.8486832,42.86641906,Waarpak
SML-R01-FDT03-FAT40,36.84900223,42.86924224,Waarpak
SML-R01-FDT03-FAT41,36.84838169,42.86946101,Waarpak
SML-R01-FDT03-FAT42,36.84736098,42.86798796,Waarpak
SML-R01-FDT03-FAT43,36.84636452,42.86840729,Waarpak
SML-R01-FDT03-FAT44,36.84722747,42.8692772,Waarpak
SML-R01-FDT03-FAT45,36.84716733,42.8698518,Waarpak
SML-R01-FDT03-FAT46,36.84371531,42.861162,Waarpak
SML-R01-FDT03-FAT47,36.84572633,42.86894856,Waarpak
SML-R01-FDT03-FAT48,36.84389767,42.85932272,Waarpak
SML-R01-FDT03-FAT49,36.84153936,42.85829798,Waarpak
SML-R01-FDT04-FAT01,36.85042658,42.85813526,Waarpak
SML-R01-FDT04-FAT02,36.85028102,42.85859205,Waarpak
SML-R01-FDT04-FAT03,36.85021154,42.859428,Waarpak
SML-R01-FDT04-FAT04,36.84999452,42.85992751,Waarpak
SML-R01-FDT04-FAT05,36.84980055,42.8587858,Waarpak
SML-R01-FDT04-FAT06,36.84951677,42.85897825,Waarpak
SML-R01-FDT04-FAT07,36.8507856,42.85842995,Waarpak
SML-R01-FDT04-FAT08,36.85065882,42.8600023,Waarpak
SML-R01-FDT04-FAT09,36.85007895,42.86055726,Waarpak
SML-R01-FDT04-FAT10,36.84959161,42.86049599,Waarpak
SML-R01-FDT04-FAT11,36.85001904,42.86114028,Waarpak
SML-R01-FDT04-FAT12,36.84985461,42.86242536,Waarpak
SML-R01-FDT04-FAT13,36.8493222,42.86163305,Waarpak
SML-R01-FDT04-FAT14,36.85049257,42.86203898,Waarpak
SML-R01-FDT04-FAT15,36.8504261,42.86288817,Waarpak
SML-R01-FDT04-FAT16,36.85032733,42.85766162,Waarpak
SML-R01-FDT04-FAT17,36.84920692,42.85751189,Waarpak
SML-R01-FDT04-FAT18,36.84897978,42.85830239,Waarpak
SML-R01-FDT04-FAT19,36.84886765,42.85969076,Waarpak
SML-R01-FDT04-FAT20,36.84848206,42.85788472,Waarpak
SML-R01-FDT04-FAT21,36.84859421,42.85743,Waarpak
SML-R01-FDT04-FAT22,36.84655197,42.85618847,Waarpak
SML-R01-FDT04-FAT23,36.84593376,42.85638444,Waarpak
SML-R01-FDT04-FAT24,36.84601541,42.85547057,Waarpak
SML-R01-FDT04-FAT25,36.8465846,42.85487361,Waarpak
SML-R01-FDT04-FAT26,36.84616156,42.85376214,Waarpak
SML-R01-FDT04-FAT27,36.84636347,42.85322485,Waarpak
SML-R01-FDT04-FAT28,36.8464204,42.85263851,#N/A
SML-R01-FDT04-FAT29,36.846478,42.85204654,Waarpak
SML-R01-FDT04-FAT30,36.85032175,42.85712465,Waarpak
SML-R01-FDT04-FAT31,36.84983898,42.85682507,Waarpak
SML-R01-FDT04-FAT32,36.8493364,42.85660093,Waarpak
SML-R01-FDT04-FAT33,36.84935322,42.8563606,Waarpak
SML-R01-FDT04-FAT34,36.84879545,42.85615568,Waarpak
SML-R01-FDT04-FAT35,36.84843423,42.85587747,Waarpak
SML-R01-FDT04-FAT36,36.84801183,42.85551544,Waarpak
SML-R01-FDT04-FAT37,36.84855063,42.85486907,Waarpak
SML-R01-FDT04-FAT38,36.84780529,42.85477266,Waarpak
SML-R01-FDT04-FAT39,36.84893563,42.85464398,Waarpak
SML-R01-FDT04-FAT40,36.84824761,42.85437114,Waarpak
SML-R01-FDT04-FAT41,36.85090229,42.8571756,Waarpak
SML-R01-FDT04-FAT42,36.85060836,42.85636205,Waarpak
SML-R01-FDT04-FAT43,36.84477261,42.85266385,Waarpak
SML-R01-FDT04-FAT44,36.84517585,42.85100451,Waarpak
SML-R01-FDT04-FAT45,36.84449048,42.84961011,Waarpak
SML-R01-FDT04-FAT46,36.8435694,42.84948513,Waarpak
SML-R01-FDT04-FAT47,36.84295716,42.84832541,Waarpak
SML-R01-FDT04-FAT48,36.84480962,42.85471685,Waarpak
SML-R01-FDT04-FAT49,36.84527655,42.84985735,Waarpak
SML-R01-FDT04-FAT50,36.84359361,42.85622199,Waarpak
SML-R01-FDT04-FAT51,36.8421458,42.84825923,Waarpak
SML-R01-FDT05-FAT01,36.8489299,42.85113739,Waarpak
SML-R01-FDT05-FAT02,36.84898341,42.85167766,Waarpak
SML-R01-FDT05-FAT03,36.84895953,42.85197638,Waarpak
SML-R01-FDT05-FAT04,36.84795263,42.85174642,Waarpak
SML-R01-FDT05-FAT05,36.84971741,42.85030054,Waarpak
SML-R01-FDT05-FAT06,36.8488862,42.8527496,Waarpak
SML-R01-FDT05-FAT07,36.84940583,42.84977186,Waarpak
SML-R01-FDT05-FAT08,36.84947076,42.84898735,Waarpak
SML-R01-FDT05-FAT09,36.84866948,42.84957223,Waarpak
SML-R01-FDT05-FAT10,36.84895516,42.85056902,Waarpak
SML-R01-FDT05-FAT11,36.84867642,42.85073044,Waarpak
SML-R01-FDT05-FAT12,36.84871004,42.8488699,Waarpak
SML-R01-FDT05-FAT13,36.84855035,42.84842072,Waarpak
SML-R01-FDT05-FAT14,36.84918782,42.84834419,Waarpak
SML-R01-FDT05-FAT15,36.84897628,42.84800703,Waarpak
SML-R01-FDT05-FAT16,36.84878203,42.84734912,Waarpak
SML-R01-FDT05-FAT17,36.85159733,42.84807876,Waarpak
SML-R01-FDT05-FAT18,36.85179064,42.84697155,Waarpak
SML-R01-FDT05-FAT19,36.85196346,42.84557357,Waarpak
SML-R01-FDT05-FAT20,36.85205861,42.84481178,Waarpak
SML-R01-FDT05-FAT21,36.85218748,42.84377,Waarpak
SML-R01-FDT05-FAT22,36.85070708,42.84914147,Waarpak
SML-R01-FDT05-FAT23,36.85022657,42.84852812,Waarpak
SML-R01-FDT05-FAT24,36.85003247,42.84795952,Waarpak
SML-R01-FDT05-FAT25,36.85104917,42.84871282,Waarpak
SML-R01-FDT05-FAT26,36.85109271,42.84823323,Waarpak
SML-R01-FDT05-FAT27,36.85093559,42.84763081,Waarpak
SML-R01-FDT05-FAT28,36.8506649,42.84770211,Waarpak
SML-R01-FDT05-FAT29,36.85027747,42.84764613,Waarpak
SML-R01-FDT05-FAT30,36.84981846,42.84697227,Waarpak
SML-R01-FDT05-FAT31,36.85129913,42.85260961,Waarpak
SML-R01-FDT05-FAT32,36.85105107,42.85424201,Waarpak
SML-R01-FDT05-FAT33,36.85097459,42.85364644,Waarpak
SML-R01-FDT05-FAT34,36.85023988,42.85366004,Waarpak
SML-R01-FDT05-FAT35,36.85027084,42.85206181,Waarpak
SML-R01-FDT05-FAT36,36.84947146,42.85195738,Waarpak
SML-R01-FDT05-FAT37,36.84930132,42.85235961,Waarpak
SML-R01-FDT05-FAT38,36.84924997,42.85296294,Waarpak
SML-R01-FDT05-FAT39,36.85057911,42.85258332,Waarpak
SML-R01-FDT05-FAT40,36.85029424,42.8525471,Waarpak
SML-R01-FDT05-FAT41,36.84971004,42.85308612,Waarpak
SML-R01-FDT05-FAT42,36.84965233,42.85376429,Waarpak
SML-R01-FDT05-FAT43,36.84792582,42.8452726,Waarpak
SML-R01-FDT05-FAT44,36.84784247,42.84324943,Waarpak
SML-R01-FDT05-FAT45,36.84463631,42.84618415,Waarpak
SML-R01-FDT05-FAT46,36.84700157,42.84516428,Waarpak
SML-R01-FDT05-FAT47,36.84472794,42.84496996,Waarpak
SML-R01-FDT05-FAT48,36.84423014,42.84568983,Waarpak
SML-R01-FDT06-FAT01,36.85244413,42.85108626,Waarpak
SML-R01-FDT06-FAT02,36.85252951,42.85046755,Waarpak
SML-R01-FDT06-FAT03,36.85273078,42.85058666,Waarpak
SML-R01-FDT06-FAT04,36.85260541,42.8498866,Waarpak
SML-R01-FDT06-FAT05,36.85294071,42.8484804,Waarpak
SML-R01-FDT06-FAT06,36.85365874,42.84860253,Waarpak
SML-R01-FDT06-FAT07,36.85379624,42.84808771,Waarpak
SML-R01-FDT06-FAT08,36.85397408,42.84790644,Waarpak
SML-R01-FDT06-FAT09,36.85383489,42.84757131,Waarpak
SML-R01-FDT06-FAT10,36.85310166,42.84905635,Waarpak
SML-R01-FDT06-FAT11,36.85396264,42.84919445,Waarpak
SML-R01-FDT06-FAT12,36.85330975,42.84953983,Waarpak
SML-R01-FDT06-FAT13,36.85395108,42.84974198,Waarpak
SML-R01-FDT06-FAT14,36.85288004,42.84783557,Waarpak
SML-R01-FDT06-FAT15,36.85298346,42.84708603,Waarpak
SML-R01-FDT06-FAT16,36.85363091,42.84530719,Waarpak
SML-R01-FDT06-FAT17,36.85381661,42.84523352,Waarpak
SML-R01-FDT06-FAT18,36.85351634,42.84684772,Waarpak
SML-R01-FDT06-FAT19,36.85442881,42.84702895,Waarpak
SML-R01-FDT06-FAT20,36.85439213,42.84645697,Waarpak
SML-R01-FDT06-FAT21,36.85454845,42.84594645,Waarpak
SML-R01-FDT06-FAT22,36.85481574,42.84599834,Waarpak
SML-R01-FDT06-FAT23,36.85345782,42.85186026,Waarpak
SML-R01-FDT06-FAT24,36.85326731,42.8512592,Waarpak
SML-R01-FDT06-FAT25,36.85360762,42.85124609,Waarpak
SML-R01-FDT06-FAT26,36.85368169,42.8507266,Waarpak
SML-R01-FDT06-FAT27,36.85374961,42.85018873,Waarpak
SML-R01-FDT06-FAT28,36.85350444,42.85013834,Waarpak
SML-R01-FDT07-FAT01,36.85593283,42.85129018,Waarpak
SML-R01-FDT07-FAT02,36.85628411,42.85002501,Waarpak
SML-R01-FDT07-FAT03,36.85651466,42.84977282,Waarpak
SML-R01-FDT07-FAT04,36.85668956,42.85058796,Waarpak
SML-R01-FDT07-FAT05,36.85730774,42.85047124,Waarpak
SML-R01-FDT07-FAT06,36.85712731,42.84967189,Waarpak
SML-R01-FDT07-FAT07,36.8572714,42.84979803,Waarpak
SML-R01-FDT07-FAT08,36.85754658,42.84962485,Waarpak
SML-R01-FDT07-FAT09,36.85773073,42.84844407,Waarpak
SML-R01-FDT07-FAT10,36.85657804,42.84889425,Waarpak
SML-R01-FDT07-FAT11,36.85652906,42.84865491,Waarpak
SML-R01-FDT07-FAT12,36.85636174,42.84846566,Waarpak
SML-R01-FDT07-FAT13,36.85731522,42.84922614,Waarpak
SML-R01-FDT07-FAT14,36.85719481,42.8482225,Waarpak
SML-R01-FDT07-FAT15,36.85743519,42.84786755,Waarpak
SML-R01-FDT07-FAT16,36.85757873,42.84760847,Waarpak
SML-R01-FDT07-FAT17,36.85823935,42.84773407,Waarpak
SML-R01-FDT07-FAT18,36.858249,42.847509,Waarpak
SML-R01-FDT07-FAT19,36.85684612,42.85135083,Waarpak
SML-R01-FDT07-FAT20,36.85701602,42.85122758,Waarpak
SML-R01-FDT07-FAT21,36.85727419,42.8514004,Waarpak
SML-R01-FDT07-FAT22,36.85729921,42.8527343,Waarpak
SML-R01-FDT07-FAT23,36.85782441,42.85154697,Waarpak
SML-R01-FDT07-FAT24,36.85787355,42.85109582,Waarpak
SML-R01-FDT07-FAT25,36.85789799,42.85087971,Waarpak
SML-R01-FDT07-FAT26,36.8579832,42.84940192,Waarpak
SML-R01-FDT07-FAT27,36.85501004,42.85103093,Waarpak
SML-R01-FDT07-FAT28,36.85540719,42.8516054,Waarpak
SML-R01-FDT07-FAT29,36.8555171,42.85075172,Waarpak
SML-R01-FDT07-FAT30,36.85560498,42.85009177,Waarpak
SML-R01-FDT07-FAT31,36.85577177,42.84962265,Waarpak
SML-R01-FDT07-FAT32,36.85562723,42.84902275,Waarpak
SML-R01-FDT07-FAT33,36.85532073,42.84890999,Waarpak
SML-R01-FDT07-FAT34,36.85535787,42.84780747,Waarpak
SML-R01-FDT07-FAT35,36.85620869,42.84756011,Waarpak
SML-R01-FDT07-FAT36,36.85636339,42.84792369,Waarpak
SML-R01-FDT08-FAT01,36.85748285,42.87213141,Waarpak
SML-R01-FDT08-FAT02,36.85628753,42.87217296,Waarpak
SML-R01-FDT08-FAT03,36.8561832,42.87363374,Waarpak
SML-R01-FDT08-FAT04,36.85823539,42.87501858,Waarpak
SML-R01-FDT08-FAT05,36.85751177,42.8734272,Waarpak
SML-R01-FDT08-FAT06,36.86572515,42.84277329,Waarpak
SML-R01-FDT08-FAT07,36.87017792,42.84178331,Waarpak
SML-R01-FDT08-FAT08,36.87003439,42.84664524,Waarpak
SML-R01-FDT08-FAT09,36.86659296,42.85264453,Waarpak
SML-R01-FDT08-FAT10,36.86720785,42.85135626,Waarpak
SML-R01-FDT08-FAT11,36.86741789,42.85253948,Waarpak
SML-R01-FDT08-FAT12,36.8683638,42.83979241,Waarpak
SML-R02-FDT01-FAT01,36.8538281,42.84135509,Waarpak
SML-R02-FDT01-FAT02,36.85420537,42.84051879,Waarpak
SML-R02-FDT01-FAT03,36.85420103,42.83924783,Waarpak
SML-R02-FDT01-FAT04,36.85466155,42.84169096,Waarpak
SML-R02-FDT01-FAT05,36.8547191,42.84132115,Waarpak
SML-R02-FDT01-FAT06,36.85464625,42.84102674,Waarpak
SML-R02-FDT01-FAT07,36.85481052,42.84101727,Waarpak
SML-R02-FDT01-FAT08,36.85508508,42.84090076,Waarpak
SML-R02-FDT01-FAT09,36.85507512,42.84054687,Waarpak
SML-R02-FDT01-FAT10,36.85548732,42.84009278,Waarpak
SML-R02-FDT01-FAT11,36.85590996,42.84050891,Waarpak
SML-R02-FDT01-FAT12,36.85595478,42.83935243,Waarpak
SML-R02-FDT01-FAT13,36.85637447,42.84004155,Waarpak
SML-R02-FDT01-FAT14,36.85678661,42.83994278,Waarpak
SML-R02-FDT01-FAT15,36.85705069,42.841174,Waarpak
SML-R02-FDT01-FAT16,36.8567264,42.84158309,Waarpak
SML-R02-FDT01-FAT17,36.85565137,42.84186466,Waarpak
SML-R02-FDT01-FAT18,36.85574993,42.84200305,Waarpak
SML-R02-FDT01-FAT19,36.85637116,42.84296232,Waarpak
SML-R02-FDT01-FAT20,36.85641716,42.84209193,Waarpak
SML-R02-FDT01-FAT21,36.85654226,42.84223595,Waarpak
SML-R02-FDT01-FAT22,36.85475274,42.84289518,Waarpak
SML-R02-FDT01-FAT23,36.85516555,42.84269607,Waarpak
SML-R02-FDT01-FAT24,36.85545142,42.84292933,Waarpak
SML-R02-FDT01-FAT25,36.85604776,42.84345785,Waarpak
SML-R02-FDT01-FAT26,36.85540396,42.84382245,Waarpak
SML-R02-FDT01-FAT27,36.85606899,42.84450244,Waarpak
SML-R02-FDT01-FAT28,36.85593702,42.84409772,Waarpak
SML-R02-FDT01-FAT29,36.85566525,42.84568488,Waarpak
SML-R02-FDT01-FAT30,36.85355975,42.84141353,Waarpak
SML-R02-FDT01-FAT31,36.85239395,42.84128351,Waarpak
SML-R02-FDT01-FAT32,36.85231612,42.84188433,Waarpak
SML-R02-FDT02-FAT01,36.85581277,42.83383074,Waarpak
SML-R02-FDT02-FAT02,36.85768344,42.83481632,Waarpak
SML-R02-FDT02-FAT03,36.85865423,42.83557317,Waarpak
SML-R02-FDT02-FAT04,36.85870329,42.83463741,Waarpak
SML-R02-FDT02-FAT05,36.85883988,42.83399072,Waarpak
SML-R02-FDT02-FAT06,36.85900433,42.83366431,Waarpak
SML-R02-FDT02-FAT07,36.85618569,42.83373437,Waarpak
SML-R02-FDT02-FAT08,36.85677861,42.83333143,Waarpak
SML-R02-FDT02-FAT09,36.85731059,42.83303099,Waarpak
SML-R02-FDT02-FAT10,36.85762053,42.8333857,Waarpak
SML-R02-FDT02-FAT11,36.85811457,42.83336583,Waarpak
SML-R02-FDT02-FAT12,36.85821487,42.83282044,Waarpak
SML-R02-FDT02-FAT13,36.85737095,42.83228902,Waarpak
SML-R02-FDT02-FAT14,36.85789536,42.83211565,Waarpak
SML-R02-FDT02-FAT15,36.85880125,42.83239648,Waarpak
SML-R02-FDT02-FAT16,36.85661465,42.8350758,Waarpak
SML-R02-FDT02-FAT17,36.85700591,42.83535238,Waarpak
SML-R02-FDT02-FAT18,36.85729578,42.83668713,Waarpak
SML-R02-FDT02-FAT19,36.85617078,42.83505497,Waarpak
SML-R02-FDT02-FAT20,36.85600362,42.83577358,Waarpak
SML-R02-FDT02-FAT21,36.85560954,42.83600216,Waarpak
SML-R02-FDT02-FAT22,36.85648695,42.83734995,Waarpak
SML-R02-FDT02-FAT23,36.85479424,42.83395925,Waarpak
SML-R02-FDT02-FAT24,36.85516421,42.83474828,Waarpak
SML-R02-FDT02-FAT25,36.85552504,42.83531468,Waarpak
SML-R02-FDT02-FAT26,36.8548864,42.83620869,Waarpak
SML-R02-FDT02-FAT27,36.85444586,42.83661806,Waarpak
SML-R02-FDT02-FAT28,36.85440852,42.83688383,Waarpak
SML-R02-FDT02-FAT29,36.85463542,42.83781473,Waarpak
SML-R02-FDT02-FAT30,36.85440429,42.834562,Waarpak
SML-R02-FDT02-FAT31,36.85388812,42.83417327,Waarpak
SML-R02-FDT02-FAT32,36.85416215,42.83292797,Waarpak
SML-R02-FDT02-FAT33,36.85422334,42.83594038,Waarpak
SML-R02-FDT02-FAT34,36.85365836,42.83651265,Waarpak
SML-R02-FDT02-FAT35,36.85368264,42.836308,Waarpak
SML-R02-FDT02-FAT36,36.85312764,42.83697206,Waarpak
SML-R02-FDT02-FAT37,36.85499417,42.8320738,Waarpak
SML-R02-FDT02-FAT38,36.85554545,42.83185606,Waarpak
SML-R02-FDT02-FAT39,36.85617335,42.83158853,Waarpak
SML-R02-FDT02-FAT40,36.85684269,42.83227548,Waarpak
SML-R02-FDT02-FAT41,36.85922103,42.83156747,Waarpak
SML-R02-FDT02-FAT42,36.85962791,42.82885842,Waarpak
SML-R02-FDT02-FAT43,36.85849024,42.83196316,Waarpak
SML-R02-FDT02-FAT44,36.85893127,42.83027021,Waarpak
SML-R02-FDT02-FAT45,36.85861083,42.82923476,Waarpak
SML-R02-FDT02-FAT46,36.85713775,42.82842026,Waarpak
SML-R02-FDT02-FAT47,36.85676333,42.83078969,Waarpak
SML-R02-FDT02-FAT48,36.85724026,42.83033566,Waarpak
SML-R02-FDT02-FAT49,36.85398408,42.82913581,Waarpak
SML-R02-FDT02-FAT50,36.85361473,42.82758806,Waarpak
SML-R02-FDT02-FAT51,36.85496924,42.8274196,Waarpak
SML-R02-FDT02-FAT52,36.85408726,42.82455014,Waarpak
SML-R02-FDT02-FAT53,36.8537941,42.83044796,Waarpak
SML-R02-FDT02-FAT54,36.85245326,42.83036277,Waarpak
SML-R02-FDT02-FAT55,36.85305473,42.82856574,Waarpak
SML-R02-FDT02-FAT56,36.85288967,42.82773177,Waarpak
SML-R02-FDT02-FAT57,36.85163782,42.82448512,Waarpak
SML-R02-FDT02-FAT58,36.85050504,42.82809673,Waarpak
SML-R02-FDT03-FAT01,36.86373348,42.83348533,Waarpak
SML-R02-FDT03-FAT02,36.86397869,42.83232053,Waarpak
SML-R02-FDT03-FAT03,36.86422398,42.83116637,Waarpak
SML-R02-FDT03-FAT04,36.86425232,42.83152293,Waarpak
SML-R02-FDT03-FAT05,36.86472095,42.83167536,Waarpak
SML-R02-FDT03-FAT06,36.86494156,42.83060112,Waarpak
SML-R02-FDT03-FAT07,36.86483391,42.83113356,Waarpak
SML-R02-FDT03-FAT08,36.86437042,42.83050501,Waarpak
SML-R02-FDT03-FAT09,36.86490877,42.82954559,Waarpak
SML-R02-FDT03-FAT10,36.86442712,42.82913671,Waarpak
SML-R02-FDT03-FAT11,36.8645846,42.82841095,Waarpak
SML-R02-FDT03-FAT12,36.86414523,42.82963131,Waarpak
SML-R02-FDT03-FAT13,36.86407685,42.82993705,Waarpak
SML-R02-FDT03-FAT14,36.86516412,42.83012485,Waarpak
SML-R02-FDT03-FAT15,36.86548758,42.82900601,Waarpak
SML-R02-FDT03-FAT16,36.86569525,42.82805377,Waarpak
SML-R02-FDT03-FAT17,36.86549924,42.82799261,Waarpak
SML-R02-FDT03-FAT18,36.86438976,42.82764644,Waarpak
SML-R02-FDT03-FAT19,36.86464489,42.8338345,Waarpak
SML-R02-FDT03-FAT20,36.86507439,42.83356359,Waarpak
SML-R02-FDT03-FAT21,36.8649683,42.83288462,Waarpak
SML-R02-FDT03-FAT22,36.86542357,42.83162346,Waarpak
SML-R02-FDT03-FAT23,36.86576386,42.83096465,Waarpak
SML-R02-FDT03-FAT24,36.86622511,42.83152761,Waarpak
SML-R02-FDT03-FAT25,36.8669309,42.83211576,Waarpak
SML-R02-FDT03-FAT26,36.86508023,42.83414576,Waarpak
SML-R02-FDT03-FAT27,36.86581219,42.83290878,Waarpak
SML-R02-FDT03-FAT28,36.86592066,42.83294649,Waarpak
SML-R02-FDT03-FAT29,36.86642256,42.83313129,Waarpak
SML-R02-FDT03-FAT30,36.86663655,42.83400149,Waarpak
SML-R02-FDT03-FAT31,36.86607832,42.83410696,Waarpak
SML-R02-FDT03-FAT32,36.86681727,42.83278279,Waarpak
SML-R02-FDT03-FAT33,36.86337045,42.83325568,Waarpak
SML-R02-FDT03-FAT34,36.86294375,42.83309932,Waarpak
SML-R02-FDT03-FAT35,36.86318033,42.8319935,Waarpak
SML-R02-FDT03-FAT36,36.86350792,42.83165961,Waarpak
SML-R02-FDT04-FAT01,36.86378417,42.83575081,Waarpak
SML-R02-FDT04-FAT02,36.86444399,42.8360463,Waarpak
SML-R02-FDT04-FAT03,36.86450124,42.83630425,Waarpak
SML-R02-FDT04-FAT04,36.8635992,42.8367312,Waarpak
SML-R02-FDT04-FAT05,36.86363056,42.83724244,Waarpak
SML-R02-FDT04-FAT06,36.86329974,42.83759251,Waarpak
SML-R02-FDT04-FAT07,36.8627995,42.83812598,Waarpak
SML-R02-FDT04-FAT08,36.86432748,42.83500224,Waarpak
SML-R02-FDT04-FAT09,36.86476429,42.83540489,Waarpak
SML-R02-FDT04-FAT10,36.86486191,42.83579748,Waarpak
SML-R02-FDT04-FAT11,36.86575142,42.83495459,Waarpak
SML-R02-FDT04-FAT12,36.8635004,42.83532029,Waarpak
SML-R02-FDT04-FAT13,36.86298024,42.83587669,Waarpak
SML-R02-FDT04-FAT14,36.86210185,42.83672895,Waarpak
SML-R02-FDT04-FAT15,36.86179287,42.83642141,Waarpak
SML-R02-FDT04-FAT16,36.86264273,42.83735056,Waarpak
SML-R02-FDT04-FAT17,36.86190564,42.83703862,Waarpak
SML-R02-FDT04-FAT18,36.86158856,42.83739065,Waarpak
SML-R02-FDT04-FAT19,36.862453,42.83787425,Waarpak
SML-R02-FDT04-FAT20,36.86352849,42.83443141,Waarpak
SML-R02-FDT04-FAT21,36.86280384,42.83457356,Waarpak
SML-R02-FDT04-FAT22,36.86244197,42.83410717,Waarpak
SML-R02-FDT04-FAT23,36.86231175,42.8342341,Waarpak
SML-R02-FDT04-FAT24,36.86386787,42.83404989,Waarpak
SML-R02-FDT04-FAT25,36.86292292,42.83375092,Waarpak
SML-R02-FDT04-FAT26,36.86197187,42.83368808,Waarpak
SML-R02-FDT04-FAT27,36.86125016,42.83369904,Waarpak
SML-R02-FDT04-FAT28,36.86134467,42.83442183,Waarpak
SML-R02-FDT04-FAT29,36.86124453,42.83488635,Waarpak
SML-R02-FDT04-FAT30,36.860755,42.83613128,Waarpak
SML-R02-FDT04-FAT31,36.86173994,42.83479918,Waarpak
SML-R02-FDT04-FAT32,36.86085328,42.83308027,Waarpak
SML-R02-FDT04-FAT33,36.86014117,42.83284544,Waarpak
SML-R02-FDT04-FAT34,36.86044529,42.83303007,Waarpak
SML-R02-FDT04-FAT35,36.86019609,42.83420981,Waarpak
SML-R02-FDT04-FAT36,36.8600858,42.83473358,Waarpak
SML-R02-FDT04-FAT37,36.86034267,42.83511007,Waarpak
SML-R02-FDT04-FAT38,36.85990681,42.83328065,Waarpak
SML-R02-FDT04-FAT39,36.85964569,42.83397229,Waarpak
SML-R02-FDT05-FAT01,36.85991552,42.84055663,Waarpak
SML-R02-FDT05-FAT02,36.85949725,42.84068981,Waarpak
SML-R02-FDT05-FAT03,36.8586061,42.83900885,Waarpak
SML-R02-FDT05-FAT04,36.85814257,42.83807674,Waarpak
SML-R02-FDT05-FAT05,36.859137,42.83899812,Waarpak
SML-R02-FDT05-FAT06,36.85882584,42.83835863,Waarpak
SML-R02-FDT05-FAT07,36.85809881,42.83889929,Waarpak
SML-R02-FDT05-FAT08,36.85750175,42.83893174,Waarpak
SML-R02-FDT05-FAT09,36.85681667,42.83877304,Waarpak
SML-R02-FDT05-FAT10,36.85691202,42.83812992,Waarpak
SML-R02-FDT05-FAT11,36.85665547,42.83873058,Waarpak
SML-R02-FDT05-FAT12,36.8567102,42.83933019,Waarpak
SML-R02-FDT05-FAT13,36.85611335,42.8385878,Waarpak
SML-R02-FDT05-FAT14,36.85581913,42.83877801,Waarpak
SML-R02-FDT05-FAT15,36.85534324,42.83707323,Waarpak
SML-R02-FDT05-FAT16,36.85560793,42.8376334,Waarpak
SML-R02-FDT05-FAT17,36.85531519,42.83852286,Waarpak
SML-R02-FDT05-FAT18,36.85510196,42.83897853,Waarpak
SML-R02-FDT05-FAT19,36.86074023,42.8403836,Waarpak
SML-R02-FDT05-FAT20,36.85948397,42.83863406,Waarpak
SML-R02-FDT05-FAT21,36.858854,42.83714954,Waarpak
SML-R02-FDT05-FAT22,36.85808948,42.83705571,Waarpak
SML-R02-FDT05-FAT23,36.85776954,42.83719163,Waarpak
SML-R02-FDT05-FAT24,36.85827054,42.83626138,Waarpak
SML-R02-FDT05-FAT25,36.8609883,42.83987822,Waarpak
SML-R02-FDT05-FAT26,36.86110304,42.83936868,Waarpak
SML-R02-FDT05-FAT27,36.86025338,42.83882569,Waarpak
SML-R02-FDT05-FAT28,36.86027187,42.83861452,Waarpak
SML-R02-FDT05-FAT29,36.8617048,42.83935831,Waarpak
SML-R02-FDT05-FAT30,36.86276607,42.8404475,Waarpak
SML-R02-FDT05-FAT31,36.86226765,42.8410059,Waarpak
SML-R02-FDT06-FAT01,36.85893314,42.84359508,#N/A
SML-R02-FDT06-FAT02,36.85911076,42.8439176,Waarpak
SML-R02-FDT06-FAT03,36.85857371,42.84350792,Waarpak
SML-R02-FDT06-FAT04,36.85815607,42.84285387,Waarpak
SML-R02-FDT06-FAT05,36.85792796,42.84285402,Waarpak
SML-R02-FDT06-FAT06,36.85769349,42.84273971,Waarpak
SML-R02-FDT06-FAT07,36.85740123,42.84191878,Waarpak
SML-R02-FDT06-FAT08,36.85805526,42.84318966,Waarpak
SML-R02-FDT06-FAT09,36.85735618,42.84294634,Waarpak
SML-R02-FDT06-FAT10,36.8568117,42.84298495,Waarpak
SML-R02-FDT06-FAT11,36.85784884,42.84386331,Waarpak
SML-R02-FDT06-FAT12,36.85783457,42.84366858,Waarpak
SML-R02-FDT06-FAT13,36.85756365,42.84380111,Waarpak
SML-R02-FDT06-FAT14,36.85696945,42.84459894,Waarpak
SML-R02-FDT06-FAT15,36.85662897,42.84425576,Waarpak
SML-R02-FDT06-FAT16,36.85843844,42.84455323,Waarpak
SML-R02-FDT06-FAT17,36.8574824,42.84473512,Waarpak
SML-R02-FDT06-FAT18,36.85735661,42.84529201,Waarpak
SML-R02-FDT06-FAT19,36.85690825,42.84536735,Waarpak
SML-R02-FDT06-FAT20,36.85645052,42.84523041,Waarpak
SML-R02-FDT06-FAT21,36.85594347,42.84599241,Waarpak
SML-R02-FDT06-FAT22,36.85846614,42.84559194,Waarpak
SML-R02-FDT06-FAT23,36.8584364,42.84594402,Waarpak
SML-R02-FDT06-FAT24,36.8576529,42.84641243,Waarpak
SML-R02-FDT06-FAT25,36.85795872,42.84660385,Waarpak
SML-R02-FDT06-FAT26,36.85799392,42.84687714,Waarpak
SML-R02-FDT06-FAT27,36.85667844,42.84588797,Waarpak
SML-R02-FDT06-FAT28,36.8573415,42.84635203,Waarpak
SML-R02-FDT06-FAT29,36.85740874,42.84704744,Waarpak
SML-R02-FDT06-FAT30,36.8569673,42.84666199,Waarpak
SML-R02-FDT06-FAT31,36.85635972,42.84652068,Waarpak
SML-R02-FDT06-FAT32,36.85901874,42.84335427,Waarpak
SML-R02-FDT06-FAT33,36.85918164,42.84312465,Waarpak
SML-R02-FDT06-FAT34,36.85962758,42.84256786,Waarpak
SML-R02-FDT06-FAT35,36.85938268,42.84209803,Waarpak
SML-R02-FDT06-FAT36,36.85853608,42.84165637,Waarpak
SML-R02-FDT07-FAT01,36.86037206,42.84623977,Waarpak
SML-R02-FDT07-FAT02,36.8599086,42.84535651,Waarpak
SML-R02-FDT07-FAT03,36.85938495,42.84524006,Waarpak
SML-R02-FDT07-FAT04,36.85910172,42.84518039,Waarpak
SML-R02-FDT07-FAT05,36.86003726,42.84467929,Waarpak
SML-R02-FDT07-FAT06,36.85960007,42.8442976,Waarpak
SML-R02-FDT07-FAT07,36.86027873,42.84354693,Waarpak
SML-R02-FDT07-FAT08,36.8603451,42.84594815,Waarpak
SML-R02-FDT07-FAT09,36.85944344,42.84578632,Waarpak
SML-R02-FDT07-FAT10,36.86065046,42.84444172,Waarpak
SML-R02-FDT07-FAT11,36.86077318,42.84418748,Waarpak
SML-R02-FDT07-FAT12,36.86129535,42.84394258,Waarpak
SML-R02-FDT07-FAT13,36.86148895,42.84331102,Waarpak
SML-R02-FDT07-FAT14,36.86190033,42.84218202,Waarpak
SML-R02-FDT07-FAT15,36.86249089,42.84160881,Waarpak
SML-R02-FDT07-FAT16,36.86274926,42.84135803,Waarpak
SML-R02-FDT07-FAT17,36.86068551,42.84800295,Waarpak
SML-R02-FDT07-FAT18,36.86118763,42.84675561,Waarpak
SML-R02-FDT07-FAT19,36.86144479,42.84622892,Waarpak
SML-R02-FDT07-FAT20,36.86172106,42.84552496,Waarpak
SML-R02-FDT07-FAT21,36.86157464,42.84728171,Waarpak
SML-R02-FDT07-FAT22,36.86163538,42.84736207,Waarpak
SML-R02-FDT07-FAT23,36.86209225,42.84710881,Waarpak
SML-R02-FDT07-FAT24,36.86247583,42.84737743,Waarpak
SML-R02-FDT07-FAT25,36.86272601,42.84613397,Waarpak
SML-R02-FDT07-FAT26,36.86068928,42.84863336,Waarpak
SML-R02-FDT07-FAT27,36.86104419,42.84892498,Waarpak
SML-R02-FDT07-FAT28,36.86156368,42.84866827,Waarpak
SML-R02-FDT07-FAT29,36.86179357,42.84869574,Waarpak
SML-R02-FDT07-FAT30,36.86214679,42.84873646,Waarpak
SML-R02-FDT07-FAT31,36.86186656,42.84800347,Waarpak
SML-R02-FDT07-FAT32,36.85974571,42.84866154,Waarpak
SML-R02-FDT07-FAT33,36.85968392,42.84918361,Waarpak
SML-R02-FDT07-FAT34,36.85987541,42.84795688,Waarpak
SML-R02-FDT07-FAT35,36.85920859,42.84718801,Waarpak
SML-R02-FDT07-FAT36,36.85929491,42.84710044,Waarpak
SML-R02-FDT07-FAT37,36.85880963,42.84780135,Waarpak
SML-R02-FDT07-FAT38,36.85846105,42.84739767,Waarpak
SML-R02-FDT07-FAT39,36.85850973,42.84696918,Waarpak
SML-R02-FDT07-FAT40,36.85856362,42.84649479,Waarpak
SRS-R01-FDT01-FAT01,37.04528339,43.3400776,Waarpak
SRS-R01-FDT01-FAT02,37.04447269,43.34237768,Waarpak
SRS-R01-FDT01-FAT03,37.04543321,43.34255852,Waarpak
SRS-R01-FDT01-FAT04,37.04275316,43.3418318,Waarpak
SRS-R01-FDT01-FAT05,37.04059083,43.34281368,Waarpak
SRS-R01-FDT01-FAT06,37.03900588,43.3433875,Waarpak
SRS-R01-FDT01-FAT07,37.03916151,43.34424547,Waarpak
SRS-R01-FDT01-FAT08,37.03881101,43.3463383,Waarpak
SRS-R01-FDT01-FAT09,37.03636966,43.34423835,Waarpak
SRS-R01-FDT01-FAT10,37.04177129,43.34229832,Waarpak
SRS-R01-FDT01-FAT11,37.04113995,43.34389031,Waarpak
SRS-R01-FDT01-FAT12,37.04149612,43.34148591,Waarpak
SRS-R01-FDT01-FAT13,37.03924684,43.34102029,Waarpak
SRS-R01-FDT01-FAT14,37.03691817,43.34113646,Waarpak
SRS-R01-FDT01-FAT15,37.03384428,43.33949401,Waarpak
SRS-R01-FDT01-FAT16,37.04197486,43.33971132,Waarpak
SRS-R01-FDT01-FAT17,37.04079201,43.33919513,Waarpak
SRS-R01-FDT01-FAT18,37.04542161,43.33418652,Waarpak
SRS-R01-FDT01-FAT19,37.05029398,43.33075817,Waarpak
SRS-R01-FDT01-FAT20,37.0474352,43.34006963,Waarpak
SRS-R01-FDT01-FAT21,37.04810285,43.33927493,Waarpak
SRS-R01-FDT01-FAT22,37.04980464,43.33777302,Waarpak
SRS-R01-FDT01-FAT23,37.04974687,43.33694324,Waarpak
SRS-R01-FDT01-FAT24,37.04872168,43.33698217,Waarpak
SRS-R01-FDT01-FAT25,37.0476502,43.33807431,Waarpak
SRS-R01-FDT01-FAT26,37.04823321,43.3366456,Waarpak
SRS-R01-FDT01-FAT27,37.04993468,43.33467773,Waarpak
SRS-R01-FDT01-FAT28,37.04941292,43.3351293,Waarpak
SRS-R01-FDT01-FAT29,37.04453233,43.34156085,Waarpak
SRS-R01-FDT01-FAT30,37.04883664,43.3388992,Waarpak
SRS-R01-FDT01-FAT31,37.05129158,43.33692855,Waarpak
SRS-R01-FDT01-FAT32,37.05106625,43.33386007,Waarpak
SRS-R01-FDT01-FAT33,37.04578711,43.34120942,Waarpak
SRS-R01-FDT01-FAT34,37.04425548,43.33985656,Waarpak
SRS-R01-FDT01-FAT35,37.04629556,43.34312417,Waarpak
SRS-R01-FDT01-FAT36,37.03823629,43.34520687,Waarpak
SRS-R01-FDT01-FAT37,37.03872501,43.34916804,Waarpak
SRS-R01-FDT01-FAT38,37.05145309,43.32903015,Waarpak
SRS-R03-FDT01-FAT01,37.10115866,43.38586424,Waarpak
SRS-R03-FDT01-FAT02,37.1015916,43.3868737,Waarpak
SRS-R03-FDT01-FAT03,37.10050807,43.38802435,Waarpak
SRS-R03-FDT01-FAT04,37.09947326,43.38845427,Waarpak
SRS-R03-FDT01-FAT05,37.09924978,43.38901055,Waarpak
SRS-R03-FDT01-FAT06,37.10032436,43.39063964,Waarpak
SRS-R03-FDT01-FAT07,37.10004782,43.3962997,Waarpak
SRS-R03-FDT01-FAT08,37.09933489,43.39328379,Waarpak
SRS-R03-FDT01-FAT09,37.09860243,43.39230237,Waarpak
SRS-R03-FDT01-FAT10,37.09823656,43.3911594,Waarpak
SRS-R03-FDT01-FAT11,37.10044459,43.38569058,Waarpak
SRS-R03-FDT01-FAT12,37.09951682,43.38525208,Waarpak
SRS-R03-FDT01-FAT13,37.09939109,43.3870657,Waarpak
SRS-R03-FDT01-FAT14,37.09808555,43.38609025,Waarpak
SRS-R03-FDT01-FAT15,37.09826416,43.38470836,Waarpak
SRS-R03-FDT01-FAT16,37.10004972,43.38474706,Waarpak
SRS-R03-FDT01-FAT17,37.09797556,43.38344083,Waarpak
SRS-R03-FDT01-FAT18,37.09887402,43.38356183,Waarpak
SRS-R03-FDT01-FAT19,37.09894379,43.38211264,Waarpak
SRS-R03-FDT01-FAT20,37.10158045,43.38398737,Waarpak
SRS-R03-FDT01-FAT21,37.1024471,43.3831573,Waarpak
SRS-R03-FDT01-FAT22,37.101578,43.38838306,Waarpak
SRS-R03-FDT01-FAT23,37.09887923,43.38784831,Waarpak
SRS-R03-FDT01-FAT24,37.0986254,43.39280166,Waarpak
SRS-R03-FDT01-FAT25,37.09846211,43.39336195,Waarpak
SRS-R03-FDT01-FAT26,37.09909424,43.39102499,Waarpak
SRS-R03-FDT01-FAT27,37.09928177,43.38468497,Waarpak
SRS-R03-FDT01-FAT28,37.0996558,43.38386273,Waarpak
SRS-R03-FDT01-FAT29,37.09898549,43.39229451,Waarpak
SRS-R03-FDT01-FAT30,37.10334205,43.38607116,Waarpak
SRS-R03-FDT01-FAT31,37.10265819,43.387746,Waarpak
SRS-R03-FDT01-FAT32,37.10387036,43.38768229,Waarpak
SRS-R03-FDT01-FAT33,37.10215033,43.39027123,Waarpak
SRS-R03-FDT01-FAT34,37.10238626,43.38576291,Waarpak
SRS-R03-FDT01-FAT35,37.10060885,43.38674462,Waarpak
SRS-R03-FDT01-FAT36,37.10042956,43.38912269,Waarpak
SXN-R01-FDT01-FAT01,36.69553515,43.3519416,Waarpak
SXN-R01-FDT01-FAT02,36.69548489,43.35231961,Waarpak
SXN-R01-FDT01-FAT03,36.69532646,43.35289696,Waarpak
SXN-R01-FDT01-FAT04,36.69464814,43.35314525,Waarpak
SXN-R01-FDT01-FAT05,36.69428997,43.35352012,Waarpak
SXN-R01-FDT01-FAT06,36.69405548,43.35417907,Waarpak
SXN-R01-FDT01-FAT07,36.69539298,43.35319571,Waarpak
SXN-R01-FDT01-FAT08,36.69590688,43.35287553,Waarpak
SXN-R01-FDT01-FAT09,36.69608327,43.35350914,Waarpak
SXN-R01-FDT01-FAT10,36.69489241,43.35431764,Waarpak
SXN-R01-FDT01-FAT11,36.69481456,43.35455015,Waarpak
SXN-R01-FDT01-FAT12,36.69472143,43.35558702,Waarpak
SXN-R01-FDT01-FAT13,36.69421357,43.35510276,Waarpak
SXN-R01-FDT01-FAT14,36.69406707,43.35614172,Waarpak
SXN-R01-FDT01-FAT15,36.69520925,43.35175102,Waarpak
SXN-R01-FDT01-FAT16,36.69478266,43.35148493,Waarpak
SXN-R01-FDT01-FAT17,36.69450281,43.35149474,Waarpak
SXN-R01-FDT01-FAT18,36.69443255,43.35200944,Waarpak
SXN-R01-FDT01-FAT19,36.69419826,43.35249911,Waarpak
SXN-R01-FDT01-FAT20,36.69420959,43.35269351,Waarpak
SXN-R01-FDT01-FAT21,36.69405145,43.3529047,Waarpak
SXN-R01-FDT01-FAT22,36.69284543,43.35243387,Waarpak
SXN-R01-FDT01-FAT23,36.69320809,43.35173785,Waarpak
SXN-R01-FDT01-FAT24,36.6934508,43.35487396,Waarpak
SXN-R01-FDT01-FAT25,36.69368042,43.35596534,Waarpak
SXN-R01-FDT01-FAT26,36.69522311,43.35104402,Waarpak
SXN-R01-FDT01-FAT27,36.69507013,43.35108506,Waarpak
SXN-R01-FDT01-FAT28,36.69456025,43.35070444,Waarpak
SXN-R01-FDT01-FAT29,36.69434677,43.35069309,Waarpak
SXN-R01-FDT01-FAT30,36.69425028,43.35102313,Waarpak
SXN-R01-FDT01-FAT31,36.69364846,43.35081102,Waarpak
SXN-R01-FDT01-FAT32,36.69574428,43.35063691,Waarpak
SXN-R01-FDT01-FAT33,36.69481889,43.34997686,Waarpak
SXN-R01-FDT01-FAT34,36.69594752,43.35149454,Waarpak
SXN-R01-FDT01-FAT35,36.69629955,43.3521533,Waarpak
SXN-R01-FDT01-FAT36,36.69652788,43.35306506,Waarpak
SXN-R01-FDT01-FAT37,36.69594458,43.35435433,Waarpak
SXN-R01-FDT01-FAT38,36.69660648,43.3555593,Waarpak
SXN-R01-FDT01-FAT39,36.6924,43.3542,Waarpak
SXN-R01-FDT02-FAT01,36.69672038,43.35176553,Waarpak
SXN-R01-FDT02-FAT02,36.69703034,43.35065791,Waarpak
SXN-R01-FDT02-FAT03,36.69672079,43.35027998,Waarpak
SXN-R01-FDT02-FAT04,36.69636365,43.35040992,Waarpak
SXN-R01-FDT02-FAT05,36.69615579,43.3501231,Waarpak
SXN-R01-FDT02-FAT06,36.69587672,43.34951831,Waarpak
SXN-R01-FDT02-FAT07,36.69599352,43.34868974,Waarpak
SXN-R01-FDT02-FAT08,36.69605467,43.34813548,Waarpak
SXN-R01-FDT02-FAT09,36.69585411,43.34793942,Waarpak
SXN-R01-FDT02-FAT10,36.69552752,43.34683535,Waarpak
SXN-R01-FDT02-FAT11,36.69611777,43.34681948,Waarpak
SXN-R01-FDT02-FAT12,36.69634312,43.34609941,Waarpak
SXN-R01-FDT02-FAT13,36.69698771,43.35107058,Waarpak
SXN-R01-FDT02-FAT14,36.69749583,43.34995272,Waarpak
SXN-R01-FDT02-FAT15,36.6980325,43.34887072,Waarpak
SXN-R01-FDT02-FAT16,36.69833041,43.34853665,Waarpak
SXN-R01-FDT02-FAT17,36.69908396,43.34812886,Waarpak
SXN-R01-FDT02-FAT18,36.69699047,43.34904918,Waarpak
SXN-R01-FDT02-FAT19,36.69675996,43.3488696,Waarpak
SXN-R01-FDT02-FAT20,36.69635129,43.34924416,Waarpak
SXN-R01-FDT02-FAT21,36.69672168,43.34766739,Waarpak
SXN-R01-FDT02-FAT22,36.6968554,43.34708525,Waarpak
SXN-R01-FDT02-FAT23,36.69703312,43.35192392,Waarpak
SXN-R01-FDT02-FAT24,36.69813936,43.35131172,Waarpak
SXN-R01-FDT02-FAT25,36.69578711,43.35071322,Waarpak
SXN-R01-FDT02-FAT26,36.69404012,43.34995498,Waarpak
SXN-R01-FDT02-FAT27,36.69534711,43.34967226,Waarpak
SXN-R01-FDT02-FAT28,36.69553481,43.3489658,Waarpak
SXN-R01-FDT02-FAT29,36.69442731,43.34896899,Waarpak
SXN-R01-FDT02-FAT30,36.69438433,43.34884222,Waarpak
SXN-R01-FDT02-FAT31,36.69388186,43.34931113,Waarpak
SXN-R01-FDT02-FAT32,36.69350081,43.34978963,Waarpak
SXN-R01-FDT03-FAT01,36.69859707,43.35419233,Waarpak
SXN-R01-FDT03-FAT02,36.69926228,43.35493123,Waarpak
SXN-R01-FDT03-FAT03,36.69936473,43.35551118,Waarpak
SXN-R01-FDT03-FAT04,36.70080075,43.35548719,Waarpak
SXN-R01-FDT03-FAT05,36.70045704,43.35604384,Waarpak
SXN-R01-FDT03-FAT06,36.70079918,43.35703143,Waarpak
SXN-R01-FDT03-FAT07,36.70070955,43.35777937,Waarpak
SXN-R01-FDT03-FAT08,36.70111654,43.35790819,Waarpak
SXN-R01-FDT03-FAT09,36.70134755,43.35792227,Waarpak
SXN-R01-FDT03-FAT10,36.70173494,43.35774058,Waarpak
SXN-R01-FDT03-FAT11,36.70218149,43.35840532,Waarpak
SXN-R01-FDT03-FAT12,36.70218344,43.35806881,Waarpak
SXN-R01-FDT03-FAT13,36.69699624,43.354201,Waarpak
SXN-R01-FDT03-FAT14,36.69757033,43.35480959,Waarpak
SXN-R01-FDT03-FAT15,36.69788524,43.35486114,Waarpak
SXN-R01-FDT03-FAT16,36.69804263,43.35545037,Waarpak
SXN-R01-FDT03-FAT17,36.69887706,43.35597223,Waarpak
SXN-R01-FDT03-FAT18,36.69976828,43.35907369,Waarpak
SXN-R01-FDT03-FAT19,36.70007128,43.35991574,Waarpak
SXN-R01-FDT03-FAT20,36.69990507,43.3583554,Waarpak
SXN-R01-FDT03-FAT21,36.70049115,43.35857529,Waarpak
SXN-R01-FDT03-FAT22,36.70105148,43.35865346,Waarpak
SXN-R01-FDT03-FAT23,36.69826268,43.35256644,Waarpak
SXN-R01-FDT03-FAT24,36.69768504,43.35297862,Waarpak
SXN-R01-FDT03-FAT25,36.6973326,43.35343832,Waarpak
SXN-R01-FDT03-FAT26,36.6983089,43.35111656,Waarpak
SXN-R01-FDT03-FAT27,36.69738039,43.35223892,Waarpak
SXN-R01-FDT03-FAT28,36.69670588,43.35256508,Waarpak
SXN-R01-FDT03-FAT29,36.70031708,43.35272116,Waarpak
SXN-R01-FDT03-FAT30,36.69964136,43.35124152,Waarpak
SXN-R01-FDT03-FAT31,36.69983476,43.35065935,Waarpak
SXN-R01-FDT03-FAT32,36.70066987,43.35290203,Waarpak
SXN-R01-FDT03-FAT33,36.70171891,43.35190169,Waarpak
SXN-R01-FDT03-FAT34,36.70039119,43.35392807,Waarpak
SXN-R01-FDT03-FAT35,36.70096041,43.35451554,Waarpak
SXN-R01-FDT03-FAT36,36.70147232,43.35441934,Waarpak
SXN-R01-FDT03-FAT37,36.70368024,43.35534518,Waarpak
SXN-R01-FDT03-FAT38,36.70358645,43.35082212,Waarpak
SXN-R01-FDT03-FAT39,36.7024,43.3527,Waarpak
SXN-R01-FDT03-FAT40,36.7025,43.3509,Waarpak
SXN-R01-FDT03-FAT41,36.7043,43.3539,Waarpak
SXN-R01-FDT04-FAT01,36.68958336,43.34268798,Waarpak
SXN-R01-FDT04-FAT02,36.68958312,43.34278271,Waarpak
SXN-R01-FDT04-FAT03,36.69021945,43.34227946,Waarpak
SXN-R01-FDT04-FAT04,36.69095737,43.34236245,Waarpak
SXN-R01-FDT04-FAT05,36.68917238,43.34094078,Waarpak
SXN-R01-FDT04-FAT06,36.6896824,43.34140362,Waarpak
SXN-R01-FDT04-FAT07,36.68955216,43.34074556,Waarpak
SXN-R01-FDT04-FAT08,36.69071904,43.34180345,Waarpak
SXN-R01-FDT04-FAT09,36.69011729,43.34114407,Waarpak
SXN-R01-FDT04-FAT10,36.69000029,43.34058464,Waarpak
SXN-R01-FDT04-FAT11,36.68989443,43.34008334,Waarpak
SXN-R01-FDT04-FAT12,36.6905049,43.34032121,Waarpak
SXN-R01-FDT04-FAT13,36.68855834,43.34324822,Waarpak
SXN-R01-FDT04-FAT14,36.68891978,43.34329768,Waarpak
SXN-R01-FDT04-FAT15,36.68917851,43.34384737,Waarpak
SXN-R01-FDT04-FAT16,36.6909104,43.34348482,Waarpak
SXN-R01-FDT04-FAT17,36.6913449,43.34404693,Waarpak
SXN-R01-FDT04-FAT18,36.68998087,43.34335249,Waarpak
SXN-R01-FDT04-FAT19,36.6900546,43.34330998,Waarpak
SXN-R01-FDT04-FAT20,36.6906407,43.34288455,Waarpak
SXN-R01-FDT04-FAT21,36.69167904,43.34292055,Waarpak
SXN-R01-FDT04-FAT22,36.68763177,43.34369907,Waarpak
SXN-R01-FDT04-FAT23,36.686687,43.34360044,Waarpak
SXN-R01-FDT04-FAT24,36.68586084,43.34348063,Waarpak
SXN-R01-FDT04-FAT25,36.68816703,43.34293785,Waarpak
SXN-R01-FDT04-FAT26,36.68764722,43.34304447,Waarpak
SXN-R01-FDT04-FAT27,36.6876722,43.34258022,Waarpak
SXN-R01-FDT04-FAT28,36.68698449,43.34298042,Waarpak
SXN-R01-FDT04-FAT29,36.6863187,43.34291804,Waarpak
SXN-R01-FDT04-FAT30,36.68643536,43.34235844,Waarpak
SXN-R01-FDT04-FAT31,36.68879456,43.34148484,Waarpak
SXN-R01-FDT04-FAT32,36.68826985,43.34173963,Waarpak
SXN-R01-FDT04-FAT33,36.68773176,43.34082327,Waarpak
SXN-R01-FDT04-FAT34,36.68846411,43.34111641,Waarpak
SXN-R01-FDT04-FAT35,36.68777734,43.34136303,Waarpak
SXN-R01-FDT04-FAT36,36.68684011,43.34155174,Waarpak
SXN-R01-FDT04-FAT37,36.68623636,43.34116082,Waarpak
SXN-R01-FDT04-FAT38,36.68576911,43.34126759,Waarpak
SXN-R01-FDT04-FAT39,36.68650562,43.33837268,Waarpak
SXN-R01-FDT04-FAT40,36.6864112,43.33603849,Waarpak
SXN-R01-FDT04-FAT41,36.6855683,43.33582033,Waarpak
SXN-R01-FDT04-FAT42,36.6892,43.3389,Waarpak
SXN-R01-FDT04-FAT43,36.6871,43.3386,Waarpak
SXN-R01-FDT04-FAT44,36.6858,43.3381,Waarpak
SXN-R01-FDT05-FAT01,36.68131667,43.33752343,Waarpak
SXN-R01-FDT05-FAT02,36.68052544,43.33699493,Waarpak
SXN-R01-FDT05-FAT03,36.68039266,43.33740132,Waarpak
SXN-R01-FDT05-FAT04,36.68014682,43.33669306,Waarpak
SXN-R01-FDT05-FAT05,36.68034565,43.33616843,Waarpak
SXN-R01-FDT05-FAT06,36.67960405,43.33665152,Waarpak
SXN-R01-FDT05-FAT07,36.67918253,43.33863055,Waarpak
SXN-R01-FDT05-FAT08,36.6790136,43.33907946,Waarpak
SXN-R01-FDT05-FAT09,36.678564,43.34034691,Waarpak
SXN-R01-FDT05-FAT10,36.67896936,43.34026639,Waarpak
SXN-R01-FDT05-FAT11,36.67787037,43.33210976,Waarpak
SXN-R01-FDT05-FAT12,36.67943337,43.3401073,Waarpak
SXN-R01-FDT05-FAT13,36.67989372,43.33984313,Waarpak
SXN-R01-FDT05-FAT14,36.67816037,43.34145755,Waarpak
SXN-R01-FDT05-FAT15,36.67828651,43.34079796,Waarpak
SXN-R01-FDT05-FAT16,36.67957569,43.34143376,Waarpak
SXN-R01-FDT05-FAT17,36.68011286,43.34171529,Waarpak
SXN-R01-FDT05-FAT18,36.67575,43.330464,Waarpak
SXN-R01-FDT05-FAT19,36.67968086,43.34306094,Waarpak
SXN-R01-FDT05-FAT20,36.68195089,43.33704814,Waarpak
SXN-R01-FDT05-FAT21,36.68169279,43.33724558,Waarpak
SXN-R01-FDT05-FAT22,36.68173012,43.33650288,Waarpak
SXN-R01-FDT05-FAT23,36.68193228,43.3361176,Waarpak
SXN-R01-FDT05-FAT24,36.68081564,43.33521369,Waarpak
SXN-R01-FDT05-FAT25,36.68109468,43.33470093,Waarpak
SXN-R01-FDT05-FAT26,36.673668,43.331565,Waarpak
SXN-R01-FDT05-FAT27,36.675012,43.333867,Waarpak
SXN-R01-FDT05-FAT28,36.68347983,43.33657064,Waarpak
SXN-R01-FDT05-FAT29,36.68343274,43.3357431,Waarpak
SXN-R01-FDT05-FAT30,36.68368537,43.33526462,Waarpak
SXN-R01-FDT05-FAT31,36.68289297,43.33769956,Waarpak
SXN-R01-FDT05-FAT32,36.68309587,43.33732496,Waarpak
SXN-R01-FDT05-FAT33,36.68395407,43.33865543,Waarpak
SXN-R01-FDT05-FAT34,36.6843401,43.33833673,Waarpak
SXN-R01-FDT05-FAT35,36.674065,43.332713,Waarpak
SXN-R01-FDT05-FAT36,36.68470304,43.33759442,Waarpak
SXN-R01-FDT05-FAT37,36.68502264,43.33695214,Waarpak
SXN-R01-FDT05-FAT38,36.6852217,43.33655135,Waarpak
SXN-R01-FDT05-FAT39,36.6827665,43.33870357,Waarpak
SXN-R01-FDT05-FAT40,36.68314769,43.33899871,Waarpak
SXN-R01-FDT05-FAT41,36.68362051,43.33935713,Waarpak
SXN-R01-FDT05-FAT42,36.68412879,43.33961986,Waarpak
SXN-R01-FDT05-FAT43,36.68471363,43.33848022,Waarpak
SXN-R01-FDT05-FAT44,36.68299979,43.34019869,Waarpak
SXN-R01-FDT05-FAT45,36.68339631,43.33987662,Waarpak
SXN-R01-FDT05-FAT46,36.68424977,43.34036174,Waarpak
SXN-R01-FDT05-FAT47,36.6841079,43.34085506,Waarpak
SXN-R01-FDT05-FAT48,36.68362638,43.34130307,Waarpak
SXN-R01-FDT05-FAT49,36.68350049,43.3421507,Waarpak
SXN-R01-FDT05-FAT50,36.68402463,43.34196999,Waarpak
SXN-R01-FDT05-FAT51,36.68461785,43.34088247,Waarpak
SXN-R01-FDT05-FAT52,36.6849399,43.34112193,Waarpak
SXN-R01-FDT05-FAT53,36.68438877,43.34250945,Waarpak
SXN-R01-FDT05-FAT54,36.68559444,43.34232598,Waarpak
SXN-R01-FDT05-FAT55,36.68415609,43.34307576,Waarpak
SXN-R01-FDT05-FAT56,36.68536615,43.34338525,Waarpak
SXN-R01-FDT05-FAT57,36.68585329,43.34284936,Waarpak
SXN-R01-FDT05-FAT58,36.68100501,43.33989563,Waarpak
SXN-R01-FDT05-FAT59,36.68133264,43.33830192,Waarpak
SXN-R01-FDT05-FAT60,36.6822754,43.33903274,Waarpak
SXN-R01-FDT05-FAT61,36.68225944,43.3395858,Waarpak
SXN-R01-FDT05-FAT62,36.68200871,43.34014265,Waarpak
SXN-R01-FDT05-FAT63,36.68232911,43.34066686,Waarpak
SXN-R01-FDT05-FAT64,36.68246,43.33409191,Waarpak
SXN-R01-FDT05-FAT65,36.67293955,43.33400079,Waarpak
SXN-R01-FDT05-FAT66,36.67824169,43.3363348,Waarpak
SXN-R01-FDT05-FAT67,36.68042899,43.33146436,Waarpak
SXN-R01-FDT05-FAT68,36.67703983,43.32964146,Waarpak
SXN-R01-FDT05-FAT69,36.6854,43.3334,Waarpak
SXN-R01-FDT05-FAT70,36.6823,43.3348,Waarpak
SXN-R01-FDT05-FAT71,36.6831,43.3339,Waarpak
SXN-R01-FDT05-FAT72,36.6743,43.3299,Waarpak
SXN-R01-FDT06-FAT01,36.67958121,43.34686204,Waarpak
SXN-R01-FDT06-FAT02,36.68004933,43.34702172,Waarpak
SXN-R01-FDT06-FAT03,36.68031368,43.34605393,Waarpak
SXN-R01-FDT06-FAT04,36.68047667,43.34576237,Waarpak
SXN-R01-FDT06-FAT05,36.6815045,43.3458174,Waarpak
SXN-R01-FDT06-FAT06,36.68150406,43.34558657,Waarpak
SXN-R01-FDT06-FAT07,36.68148416,43.34513249,Waarpak
SXN-R01-FDT06-FAT08,36.68198261,43.34513603,Waarpak
SXN-R01-FDT06-FAT09,36.68222314,43.34514703,Waarpak
SXN-R01-FDT06-FAT10,36.68249073,43.34453798,Waarpak
SXN-R01-FDT06-FAT11,36.68319752,43.34455718,Waarpak
SXN-R01-FDT06-FAT12,36.68331765,43.34391187,Waarpak
SXN-R01-FDT06-FAT13,36.68273367,43.3460312,Waarpak
SXN-R01-FDT06-FAT14,36.68226657,43.34364125,Waarpak
SXN-R01-FDT06-FAT15,36.68228115,43.34324578,Waarpak
SXN-R01-FDT06-FAT16,36.6832227,43.34528902,Waarpak
SXN-R01-FDT06-FAT17,36.68378711,43.34530642,Waarpak
SXN-R01-FDT06-FAT18,36.68378788,43.34519772,Waarpak
SXN-R01-FDT06-FAT19,36.68391181,43.34385657,Waarpak
SXN-R01-FDT06-FAT20,36.68093654,43.34756527,Waarpak
SXN-R01-FDT06-FAT21,36.68157926,43.34795489,Waarpak
SXN-R01-FDT06-FAT22,36.68075695,43.34668334,Waarpak
SXN-R01-FDT06-FAT23,36.6812586,43.34703604,Waarpak
SXN-R01-FDT06-FAT24,36.68197348,43.34748109,Waarpak
SXN-R01-FDT06-FAT25,36.68220375,43.34762425,Waarpak
SXN-R01-FDT06-FAT26,36.68287759,43.34749244,Waarpak
SXN-R01-FDT06-FAT27,36.6832469,43.3470099,Waarpak
SXN-R01-FDT06-FAT28,36.68387259,43.34734001,Waarpak
SXN-R01-FDT06-FAT29,36.68451029,43.34888185,Waarpak
SXN-R01-FDT06-FAT30,36.6848982,43.34957492,Waarpak
SXN-R01-FDT06-FAT31,36.68400671,43.34777164,Waarpak
SXN-R01-FDT06-FAT32,36.68472435,43.34739066,Waarpak
SXN-R01-FDT06-FAT33,36.68499691,43.34741015,Waarpak
SXN-R01-FDT06-FAT34,36.68497445,43.34842182,Waarpak
SXN-R01-FDT06-FAT35,36.68538783,43.34921641,Waarpak
SXN-R01-FDT06-FAT36,36.67934384,43.34747224,Waarpak
SXN-R01-FDT06-FAT37,36.68017992,43.34796604,Waarpak
SXN-R01-FDT06-FAT38,36.68088004,43.3483825,Waarpak
SXN-R01-FDT06-FAT39,36.67918586,43.34799507,Waarpak
SXN-R01-FDT06-FAT40,36.67980397,43.34844925,Waarpak
SXN-R01-FDT06-FAT41,36.68056479,43.34890192,Waarpak
SXN-R01-FDT06-FAT42,36.68007318,43.34910971,Waarpak
SXN-R01-FDT06-FAT43,36.67924995,43.34931476,Waarpak
SXN-R01-FDT06-FAT44,36.67986196,43.35008179,Waarpak
SXN-R01-FDT06-FAT45,36.67873226,43.34957772,Waarpak
SXN-R01-FDT06-FAT46,36.6793324,43.35048174,Waarpak
SXN-R01-FDT06-FAT47,36.68015884,43.35088394,Waarpak
SXN-R01-FDT06-FAT48,36.68080079,43.35025124,Waarpak
SXN-R01-FDT06-FAT49,36.68105762,43.35075077,Waarpak
SXN-R01-FDT06-FAT50,36.68121468,43.35032036,Waarpak
SXN-R01-FDT06-FAT51,36.68153506,43.35103984,Waarpak
SXN-R01-FDT06-FAT52,36.67980321,43.34596751,Waarpak
SXN-R01-FDT06-FAT53,36.6800531,43.34506726,Waarpak
SXN-R01-FDT06-FAT54,36.68040805,43.34371534,Waarpak
SXN-R01-FDT06-FAT55,36.68132964,43.34272014,Waarpak
SXN-R01-FDT06-FAT56,36.68094197,43.34373384,Waarpak
SXN-R01-FDT06-FAT57,36.68144382,43.34384133,Waarpak
SXN-R01-FDT06-FAT58,36.68070514,43.34440801,Waarpak
SXN-R01-FDT06-FAT59,36.68119049,43.34441924,Waarpak
SXN-R01-FDT06-FAT60,36.68159336,43.34442856,Waarpak
SXN-R01-FDT06-FAT61,36.68078796,43.35233934,Waarpak
SXN-R01-FDT06-FAT62,36.6772702,43.35277013,Waarpak
SXN-R01-FDT06-FAT63,36.67797088,43.35008708,Waarpak
SXN-R01-FDT06-FAT64,36.67584722,43.34929574,Waarpak
SXN-R01-FDT06-FAT65,36.67590344,43.35102461,Waarpak
SXN-R01-FDT06-FAT66,36.6709,43.3478,Waarpak
SXN-R01-FDT06-FAT67,36.6712,43.3467,Waarpak
SXN-R01-FDT07-FAT01,36.6850358,43.35087793,Waarpak
SXN-R01-FDT07-FAT02,36.68588093,43.35138083,Waarpak
SXN-R01-FDT07-FAT03,36.68606212,43.35215218,Waarpak
SXN-R01-FDT07-FAT04,36.68511303,43.35220749,Waarpak
SXN-R01-FDT07-FAT05,36.68628772,43.35157471,Waarpak
SXN-R01-FDT07-FAT06,36.68680454,43.35138094,Waarpak
SXN-R01-FDT07-FAT07,36.68734175,43.35169547,Waarpak
SXN-R01-FDT07-FAT08,36.68717576,43.35218213,Waarpak
SXN-R01-FDT07-FAT09,36.68751441,43.3524679,Waarpak
SXN-R01-FDT07-FAT10,36.68758599,43.35359852,Waarpak
SXN-R01-FDT07-FAT11,36.6872896,43.35332108,Waarpak
SXN-R01-FDT07-FAT12,36.68813384,43.35279947,Waarpak
SXN-R01-FDT07-FAT13,36.68832233,43.35290037,Waarpak
SXN-R01-FDT07-FAT14,36.68839548,43.35297055,Waarpak
SXN-R01-FDT07-FAT15,36.68496743,43.35077862,Waarpak
SXN-R01-FDT07-FAT16,36.68484953,43.35139193,Waarpak
SXN-R01-FDT07-FAT17,36.6835563,43.35373891,Waarpak
SXN-R01-FDT07-FAT18,36.68388913,43.35404745,Waarpak
SXN-R01-FDT07-FAT19,36.68408714,43.3536355,Waarpak
SXN-R01-FDT07-FAT20,36.6842092,43.35475708,Waarpak
SXN-R01-FDT07-FAT21,36.68467067,43.35290378,Waarpak
SXN-R01-FDT07-FAT22,36.68515856,43.35321634,Waarpak
SXN-R01-FDT07-FAT23,36.6864085,43.35395734,Waarpak
SXN-R01-FDT07-FAT24,36.68650641,43.35209218,Waarpak
SXN-R01-FDT07-FAT25,36.68677063,43.35310399,Waarpak
SXN-R01-FDT07-FAT26,36.6847756,43.35012875,Waarpak
SXN-R01-FDT07-FAT27,36.68445255,43.35094442,Waarpak
SXN-R01-FDT07-FAT28,36.68374547,43.35136203,Waarpak
SXN-R01-FDT07-FAT29,36.68418444,43.35036812,Waarpak
SXN-R01-FDT07-FAT30,36.68310528,43.34986544,Waarpak
SXN-R01-FDT07-FAT31,36.68254604,43.3500777,Waarpak
SXN-R01-FDT07-FAT32,36.68334364,43.34925654,Waarpak
SXN-R01-FDT07-FAT33,36.68295704,43.34902107,Waarpak
SXN-R01-FDT07-FAT34,36.68199364,43.35026417,Waarpak
SXN-R01-FDT07-FAT35,36.68573016,43.35072029,Waarpak
SXN-R01-FDT07-FAT36,36.68610866,43.35014289,Waarpak
SXN-R01-FDT07-FAT37,36.6860638,43.34980234,Waarpak
SXN-R01-FDT07-FAT38,36.685546,43.34979676,Waarpak
SXN-R01-FDT07-FAT39,36.68587502,43.34932869,Waarpak
SXN-R01-FDT07-FAT40,36.68734055,43.35077609,Waarpak
SXN-R01-FDT07-FAT41,36.68742489,43.35083957,Waarpak
SXN-R01-FDT07-FAT42,36.68797922,43.35048422,Waarpak
SXN-R01-FDT07-FAT43,36.68874164,43.35100285,Waarpak
SXN-R01-FDT07-FAT44,36.68859795,43.35135823,Waarpak
SXN-R01-FDT07-FAT45,36.68877218,43.3522728,Waarpak
SXN-R01-FDT07-FAT46,36.68945812,43.35213403,Waarpak
SXN-R01-FDT07-FAT47,36.68264092,43.35593962,Waarpak
SXN-R01-FDT07-FAT48,36.68452773,43.35696294,Waarpak
SXN-R01-FDT07-FAT49,36.68516478,43.35459787,Waarpak
SXN-R01-FDT07-FAT50,36.6868,43.3554,Waarpak
SXN-R01-FDT08-FAT01,36.68906334,43.34788244,Waarpak
SXN-R01-FDT08-FAT02,36.68901789,43.34662123,Waarpak
SXN-R01-FDT08-FAT03,36.68864558,43.34641539,Waarpak
SXN-R01-FDT08-FAT04,36.68826357,43.34604131,Waarpak
SXN-R01-FDT08-FAT05,36.68834715,43.34733894,Waarpak
SXN-R01-FDT08-FAT06,36.68775183,43.34723106,Waarpak
SXN-R01-FDT08-FAT07,36.68750973,43.34709774,Waarpak
SXN-R01-FDT08-FAT08,36.6875587,43.34578882,Waarpak
SXN-R01-FDT08-FAT09,36.68765145,43.34530278,Waarpak
SXN-R01-FDT08-FAT10,36.6873026,43.34554759,Waarpak
SXN-R01-FDT08-FAT11,36.68695032,43.34588353,Waarpak
SXN-R01-FDT08-FAT12,36.68663251,43.34633298,Waarpak
SXN-R01-FDT08-FAT13,36.6874024,43.34468094,Waarpak
SXN-R01-FDT08-FAT14,36.68679117,43.34520999,Waarpak
SXN-R01-FDT08-FAT15,36.68626398,43.34513983,Waarpak
SXN-R01-FDT08-FAT16,36.68991608,43.34844916,Waarpak
SXN-R01-FDT08-FAT17,36.69041273,43.34714809,Waarpak
SXN-R01-FDT08-FAT18,36.69054677,43.34680001,Waarpak
SXN-R01-FDT08-FAT19,36.69021742,43.34635727,Waarpak
SXN-R01-FDT08-FAT20,36.68985247,43.34622425,Waarpak
SXN-R01-FDT08-FAT21,36.68951997,43.34594512,Waarpak
SXN-R01-FDT08-FAT22,36.68913644,43.34573542,Waarpak
SXN-R01-FDT08-FAT23,36.68869882,43.34558328,Waarpak
SXN-R01-FDT08-FAT24,36.6882876,43.34473444,Waarpak
SXN-R01-FDT08-FAT25,36.6902766,43.34867074,Waarpak
SXN-R01-FDT08-FAT26,36.69061176,43.34887137,Waarpak
SXN-R01-FDT08-FAT27,36.69116041,43.34919219,Waarpak
SXN-R01-FDT08-FAT28,36.69132833,43.34824241,Waarpak
SXN-R01-FDT08-FAT29,36.6910618,43.34780028,Waarpak
SXN-R01-FDT08-FAT30,36.69177241,43.348219,Waarpak
SXN-R01-FDT08-FAT31,36.68996085,43.34922424,Waarpak
SXN-R01-FDT08-FAT32,36.69074134,43.3494814,Waarpak
SXN-R01-FDT08-FAT33,36.69060503,43.35017867,Waarpak
SXN-R01-FDT08-FAT34,36.69006296,43.35066758,Waarpak
SXN-R01-FDT08-FAT35,36.68985758,43.34981971,Waarpak
SXN-R01-FDT08-FAT36,36.69122288,43.34992317,Waarpak
SXN-R01-FDT08-FAT37,36.69185311,43.35009897,Waarpak
SXN-R01-FDT08-FAT38,36.68948607,43.34895448,Waarpak
SXN-R01-FDT08-FAT39,36.68816977,43.34819891,Waarpak
SXN-R01-FDT08-FAT40,36.68742922,43.34776953,Waarpak
SXN-R01-FDT08-FAT41,36.68678558,43.34816807,Waarpak
SXN-R01-FDT08-FAT42,36.6875186,43.34829312,Waarpak
SXN-R01-FDT08-FAT43,36.68608234,43.34778479,Waarpak
SXN-R01-FDT08-FAT44,36.6868095,43.34741423,Waarpak
SXN-R01-FDT08-FAT45,36.68558969,43.3473436,Waarpak
SXN-R01-FDT08-FAT46,36.68585611,43.34923044,Waarpak
SXN-R01-FDT09-FAT01,36.71042859,43.35154605,Waarpak
SXN-R01-FDT09-FAT02,36.71029575,43.35093327,Waarpak
SXN-R01-FDT09-FAT03,36.7103053,43.35051186,Waarpak
SXN-R01-FDT09-FAT04,36.70948879,43.34991941,Waarpak
SXN-R01-FDT09-FAT05,36.71069748,43.35067971,Waarpak
SXN-R01-FDT09-FAT06,36.7107111,43.34928523,Waarpak
SXN-R01-FDT09-FAT07,36.71032192,43.34926707,Waarpak
SXN-R01-FDT09-FAT08,36.71033629,43.34885508,Waarpak
SXN-R01-FDT09-FAT09,36.70985206,43.34924708,Waarpak
SXN-R01-FDT09-FAT10,36.70987408,43.34828958,Waarpak
SXN-R01-FDT09-FAT11,36.7099027,43.34704472,Waarpak
SXN-R01-FDT09-FAT12,36.71071658,43.34900505,Waarpak
SXN-R01-FDT09-FAT13,36.71073731,43.34802547,Waarpak
SXN-R01-FDT09-FAT14,36.71075453,43.34709464,Waarpak
SXN-R01-FDT09-FAT15,36.71133744,43.34833829,Waarpak
SXN-R01-FDT09-FAT16,36.71135494,43.34742862,Waarpak
SXN-R01-FDT09-FAT17,36.711362,43.34667593,Waarpak
SXN-R01-FDT09-FAT18,36.71129493,43.3509548,Waarpak
SXN-R01-FDT09-FAT19,36.71131384,43.34983281,Waarpak
SXN-R01-FDT09-FAT20,36.71175758,43.34945032,Waarpak
SXN-R01-FDT09-FAT21,36.71175697,43.34942943,Waarpak
SXN-R01-FDT09-FAT22,36.7117716,43.34896662,Waarpak
SXN-R01-FDT09-FAT23,36.71178836,43.34818471,Waarpak
SXN-R01-FDT09-FAT24,36.71182463,43.3466923,Waarpak
SXN-R01-FDT09-FAT25,36.70932498,43.35625058,Waarpak
SXN-R01-FDT09-FAT26,36.70933295,43.35758705,Waarpak
SXN-R01-FDT09-FAT27,36.70945246,43.35824612,Waarpak
SXN-R01-FDT09-FAT28,36.70933883,43.35888495,Waarpak
SXN-R01-FDT09-FAT29,36.70960418,43.35942826,Waarpak
SXN-R01-FDT09-FAT30,36.71008099,43.3595656,Waarpak
SXN-R01-FDT09-FAT31,36.70996359,43.36010982,Waarpak
SXN-R01-FDT09-FAT32,36.71002286,43.35778347,Waarpak
SXN-R01-FDT09-FAT33,36.71074494,43.35750387,Waarpak
SXN-R01-FDT09-FAT34,36.71093421,43.35804192,Waarpak
SXN-R01-FDT09-FAT35,36.71029815,43.35847332,Waarpak
SXN-R01-FDT09-FAT36,36.71072905,43.35860758,Waarpak
SXN-R01-FDT09-FAT37,36.71120376,43.359055,Waarpak
SXN-R01-FDT09-FAT38,36.71117055,43.35922816,Waarpak
SXN-R01-FDT09-FAT39,36.71094616,43.35992177,Waarpak
SXN-R01-FDT09-FAT40,36.7086778,43.35701845,Waarpak
SXN-R01-FDT09-FAT41,36.70843779,43.35641503,Waarpak
SXN-R01-FDT09-FAT42,36.70753549,43.35618096,Waarpak
SXN-R01-FDT09-FAT43,36.70832624,43.35748492,Waarpak
SXN-R01-FDT09-FAT44,36.70794919,43.35739481,Waarpak
SXN-R01-FDT09-FAT45,36.70834945,43.35692725,Waarpak
SXN-R01-FDT09-FAT46,36.70755369,43.35670623,Waarpak
SXN-R01-FDT09-FAT47,36.70741533,43.35718776,Waarpak
SXN-R01-FDT09-FAT48,36.70745814,43.35667765,Waarpak
SXN-R01-FDT09-FAT49,36.70679529,43.35650088,Waarpak
SXN-R01-FDT09-FAT50,36.70656737,43.35336984,Waarpak
TNH-R01-FDT05-FAT01,36.87137035,42.89217526,Fiber Speed (Duhok)
TNH-R01-FDT05-FAT02,36.87135757,42.89219625,Fiber Speed (Duhok)
TNH-R01-FDT05-FAT03,36.87134479,42.89221723,Fiber Speed (Duhok)
TNH-R01-FDT05-FAT04,36.87099026,42.8918167,Fiber Speed (Duhok)
TNH-R01-FDT05-FAT05,36.87097748,42.89183769,Fiber Speed (Duhok)
TNH-R01-FDT05-FAT06,36.8709647,42.89185867,Fiber Speed (Duhok)
TNH-R01-FDT05-FAT07,36.87045364,42.89131048,Fiber Speed (Duhok)
TNH-R01-FDT05-FAT08,36.87044085,42.89133147,Fiber Speed (Duhok)
TNH-R01-FDT05-FAT09,36.87042808,42.89135245,Fiber Speed (Duhok)
TNH-R01-FDT05-FAT10,36.87007144,42.89094994,Fiber Speed (Duhok)
TNH-R01-FDT05-FAT11,36.87005866,42.89097094,Fiber Speed (Duhok)
TNH-R01-FDT05-FAT12,36.87004589,42.89099191,Fiber Speed (Duhok)
TNH-R01-FDT05-FAT13,36.86949239,42.89043289,Fiber Speed (Duhok)
TNH-R01-FDT05-FAT14,36.86947961,42.89045388,Fiber Speed (Duhok)
TNH-R01-FDT05-FAT15,36.86946684,42.89047486,Fiber Speed (Duhok)
TNH-R01-FDT05-FAT16,36.86910306,42.89009029,Fiber Speed (Duhok)
TNH-R01-FDT05-FAT17,36.86909028,42.89011128,Fiber Speed (Duhok)
TNH-R01-FDT05-FAT18,36.86907751,42.89013226,Fiber Speed (Duhok)
TNH-R01-FDT05-FAT19,36.87091581,42.8929445,Fiber Speed (Duhok)
TNH-R01-FDT05-FAT20,36.87090303,42.89296549,Fiber Speed (Duhok)
TNH-R01-FDT05-FAT21,36.87089026,42.89298647,Fiber Speed (Duhok)
TNH-R01-FDT05-FAT22,36.8705369,42.89258703,Fiber Speed (Duhok)
TNH-R01-FDT05-FAT23,36.87052411,42.89260803,Fiber Speed (Duhok)
TNH-R01-FDT05-FAT24,36.87051134,42.892629,Fiber Speed (Duhok)
TNH-R01-FDT05-FAT25,36.86999836,42.89207902,Fiber Speed (Duhok)
TNH-R01-FDT05-FAT26,36.86998558,42.89210001,Fiber Speed (Duhok)
TNH-R01-FDT05-FAT27,36.8699728,42.89212098,Fiber Speed (Duhok)
TNH-R01-FDT05-FAT28,36.86961944,42.89172156,Fiber Speed (Duhok)
TNH-R01-FDT05-FAT29,36.86960665,42.89174255,Fiber Speed (Duhok)
TNH-R01-FDT05-FAT30,36.86959388,42.89176353,Fiber Speed (Duhok)
TNH-R01-FDT05-FAT31,36.86905212,42.8911864,Fiber Speed (Duhok)
TNH-R01-FDT05-FAT32,36.86903934,42.89120739,Fiber Speed (Duhok)
TNH-R01-FDT05-FAT33,36.86902656,42.89122837,Fiber Speed (Duhok)
TNH-R01-FDT05-FAT34,36.86867488,42.89083055,Fiber Speed (Duhok)
TNH-R01-FDT05-FAT35,36.8686621,42.89085154,Fiber Speed (Duhok)
TNH-R01-FDT05-FAT36,36.86864932,42.89087252,Fiber Speed (Duhok)
TNH-R01-FDT05-FAT37,36.87109911,42.89263191,Fiber Speed (Duhok)
TNH-R01-FDT05-FAT38,36.87111188,42.89261093,Fiber Speed (Duhok)
TNH-R01-FDT05-FAT39,36.87112467,42.89258994,Fiber Speed (Duhok)
TNH-R01-FDT05-FAT40,36.8707242,42.89227812,Fiber Speed (Duhok)
TNH-R01-FDT05-FAT41,36.87073697,42.89225714,Fiber Speed (Duhok)
TNH-R01-FDT05-FAT42,36.87074975,42.89223615,Fiber Speed (Duhok)
TNH-R01-FDT05-FAT43,36.87018562,42.89177017,Fiber Speed (Duhok)
TNH-R01-FDT05-FAT44,36.87019839,42.89174919,Fiber Speed (Duhok)
TNH-R01-FDT05-FAT45,36.87021118,42.8917282,Fiber Speed (Duhok)
TNH-R01-FDT05-FAT46,36.86980674,42.89141264,Fiber Speed (Duhok)
TNH-R01-FDT05-FAT47,36.86981951,42.89139167,Fiber Speed (Duhok)
TNH-R01-FDT05-FAT48,36.8698323,42.89137068,Fiber Speed (Duhok)
TNH-R01-FDT05-FAT49,36.86923912,42.8908752,Fiber Speed (Duhok)
TNH-R01-FDT05-FAT50,36.86925189,42.89085423,Fiber Speed (Duhok)
TNH-R01-FDT05-FAT51,36.86926467,42.89083324,Fiber Speed (Duhok)
TNH-R01-FDT05-FAT52,36.86886188,42.89051935,Fiber Speed (Duhok)
TNH-R01-FDT05-FAT53,36.86887465,42.89049837,Fiber Speed (Duhok)
TNH-R01-FDT05-FAT54,36.86888743,42.89047738,Fiber Speed (Duhok)
TNH-R01-FDT06-FAT01,36.87247407,42.90487661,Fiber Speed (Duhok)
TNH-R01-FDT06-FAT02,36.87189356,42.90522063,Fiber Speed (Duhok)
TNH-R01-FDT06-FAT03,36.87240379,42.90575225,Fiber Speed (Duhok)
TNH-R01-FDT06-FAT04,36.87177643,42.90462873,Fiber Speed (Duhok)
TNH-R01-FDT06-FAT05,36.87138217,42.90413852,Fiber Speed (Duhok)
TNH-R01-FDT06-FAT06,36.87123366,42.90300957,Fiber Speed (Duhok)
TNH-R01-FDT06-FAT07,36.87168919,42.90246654,Fiber Speed (Duhok)
TNH-R01-FDT06-FAT08,36.87072159,42.90366597,Fiber Speed (Duhok)
TNH-R01-FDT06-FAT09,36.86953391,42.90448169,Fiber Speed (Duhok)
TNH-R01-FDT06-FAT10,36.86897065,42.90483891,Fiber Speed (Duhok)
TNH-R01-FDT06-FAT11,36.86850466,42.90342276,Fiber Speed (Duhok)
TNH-R01-FDT06-FAT12,36.86873501,42.90270525,Fiber Speed (Duhok)
TNH-R01-FDT06-FAT13,36.87104981,42.90556205,Fiber Speed (Duhok)
TNH-R01-FDT06-FAT14,36.87058541,42.90532184,Fiber Speed (Duhok)
TNH-R01-FDT06-FAT15,36.86944218,42.90560401,Fiber Speed (Duhok)
TNH-R01-FDT06-FAT16,36.86965418,42.90667961,Fiber Speed (Duhok)
TNH-R01-FDT06-FAT17,36.87734855,42.91226336,Fiber Speed (Duhok)
TNH-R01-FDT06-FAT18,36.87583966,42.91113424,Fiber Speed (Duhok)
TNH-R01-FDT06-FAT19,36.87628596,42.91270223,Fiber Speed (Duhok)
TNH-R01-FDT06-FAT20,36.87049521,42.90678908,Fiber Speed (Duhok)
TNH-R01-FDT06-FAT21,36.87061318,42.90396392,Fiber Speed (Duhok)
TNH-R01-FDT06-FAT22,36.86825635,42.90412805,Fiber Speed (Duhok)
TNH-R01-FDT06-FAT23,36.87474973,42.90503323,Fiber Speed (Duhok)
TNH-R01-FDT06-FAT24,36.87369792,42.9084266,Fiber Speed (Duhok)
TNH-R01-FDT06-FAT25,36.87259092,42.90402017,Fiber Speed (Duhok)
TNH-R01-FDT06-FAT26,36.87116822,42.90435448,Fiber Speed (Duhok)
TNH-R01-FDT06-FAT27,36.87328593,42.9040841,Fiber Speed (Duhok)
TNH-R01-FDT06-FAT28,36.87363312,42.91022526,Fiber Speed (Duhok)
TNH-R01-FDT06-FAT29,36.87358015,42.91101779,Fiber Speed (Duhok)
TNH-R01-FDT06-FAT30,36.8728267,42.903657,Fiber Speed (Duhok)
TNH-R01-FDT06-FAT31,36.87275101,42.90470783,Fiber Speed (Duhok)
TNH-R01-FDT06-FAT32,36.87369444,42.90473838,Fiber Speed (Duhok)
TNH-R01-FDT06-FAT33,36.87036134,42.9030985,Fiber Speed (Duhok)
TNH-R01-FDT06-FAT34,36.86930964,42.9048938,Fiber Speed (Duhok)
TNH-R01-FDT06-FAT35,36.86879808,42.90656635,Fiber Speed (Duhok)
TNH-R01-FDT06-FAT36,36.86901494,42.9066089,Fiber Speed (Duhok)
TNH-R01-FDT06-FAT37,36.87429397,42.90544238,Fiber Speed (Duhok)
TNH-R01-FDT06-FAT38,36.87474011,42.90601529,Fiber Speed (Duhok)
TNH-R01-FDT06-FAT39,36.87415624,42.90854369,Fiber Speed (Duhok)
TNH-R01-FDT06-FAT40,36.87562906,42.91004339,Fiber Speed (Duhok)
TNH-R01-FDT06-FAT41,36.87085483,42.90213349,Fiber Speed (Duhok)
TNH-R01-FDT06-FAT42,36.87378086,42.90370536,Fiber Speed (Duhok)
TNH-R01-FDT06-FAT43,36.87257115,42.90330222,Fiber Speed (Duhok)
TNH-R01-FDT07-FAT01,36.86283892,42.89841803,Fiber Speed (Duhok)
TNH-R01-FDT07-FAT02,36.86284113,42.89838692,Fiber Speed (Duhok)
TNH-R01-FDT07-FAT03,36.86322828,42.89845939,Fiber Speed (Duhok)
TNH-R01-FDT07-FAT04,36.86323049,42.89842828,Fiber Speed (Duhok)
TNH-R01-FDT07-FAT05,36.86367034,42.89850948,Fiber Speed (Duhok)
TNH-R01-FDT07-FAT06,36.86367255,42.89847837,Fiber Speed (Duhok)
TNH-R01-FDT07-FAT07,36.86407312,42.89855379,Fiber Speed (Duhok)
TNH-R01-FDT07-FAT08,36.86407533,42.89852268,Fiber Speed (Duhok)
TNH-R01-FDT07-FAT09,36.86412956,42.89808397,Fiber Speed (Duhok)
TNH-R01-FDT07-FAT10,36.86410289,42.89808104,Fiber Speed (Duhok)
TNH-R01-FDT07-FAT11,36.86296603,42.89715206,Fiber Speed (Duhok)
TNH-R01-FDT07-FAT12,36.86293806,42.89714791,Fiber Speed (Duhok)
TNH-R01-FDT07-FAT13,36.86341889,42.89720894,Fiber Speed (Duhok)
TNH-R01-FDT07-FAT14,36.86341668,42.89724005,Fiber Speed (Duhok)
TNH-R01-FDT07-FAT15,36.86346875,42.89678401,Fiber Speed (Duhok)
TNH-R01-FDT07-FAT16,36.86346726,42.89681697,Fiber Speed (Duhok)
TNH-R01-FDT07-FAT17,36.86295403,42.89672364,Fiber Speed (Duhok)
TNH-R01-FDT07-FAT18,36.86292736,42.89672071,Fiber Speed (Duhok)
TNH-R01-FDT07-FAT19,36.86304659,42.89631027,Fiber Speed (Duhok)
TNH-R01-FDT07-FAT20,36.86301862,42.89630613,Fiber Speed (Duhok)
TNH-R01-FDT07-FAT21,36.86348014,42.89634702,Fiber Speed (Duhok)
TNH-R01-FDT07-FAT22,36.86347793,42.89637813,Fiber Speed (Duhok)
TNH-R01-FDT07-FAT23,36.86328778,42.89783376,Fiber Speed (Duhok)
TNH-R01-FDT07-FAT24,36.86325981,42.89782962,Fiber Speed (Duhok)
TNH-R01-FDT07-FAT25,36.863737,42.89788899,Fiber Speed (Duhok)
TNH-R01-FDT07-FAT26,36.86370903,42.89788485,Fiber Speed (Duhok)
TNH-R01-FDT07-FAT27,36.86287534,42.89796598,Fiber Speed (Duhok)
TNH-R01-FDT07-FAT28,36.86284867,42.89796304,Fiber Speed (Duhok)
TNH-R01-FDT08-FAT01,36.87188889,42.90108635,Fiber Speed (Duhok)
TNH-R01-FDT08-FAT02,36.87074703,42.90095488,Fiber Speed (Duhok)
TNH-R01-FDT08-FAT03,36.87036331,42.90172052,Fiber Speed (Duhok)
TNH-R01-FDT08-FAT04,36.86953678,42.89761497,Fiber Speed (Duhok)
TNH-R01-FDT08-FAT05,36.8699449,42.89947713,Fiber Speed (Duhok)
TNH-R01-FDT08-FAT06,36.86916505,42.89901745,Fiber Speed (Duhok)
TNH-R01-FDT08-FAT07,36.87291246,42.90250166,Fiber Speed (Duhok)
TNH-R01-FDT08-FAT08,36.87298554,42.90146962,Fiber Speed (Duhok)
TNH-R01-FDT08-FAT09,36.87306007,42.90041682,Fiber Speed (Duhok)
TNH-R01-FDT08-FAT10,36.87239268,42.89920546,Fiber Speed (Duhok)
TNH-R01-FDT08-FAT11,36.87163887,42.89920266,Fiber Speed (Duhok)
TNH-R01-FDT08-FAT12,36.8739544,42.90047066,Fiber Speed (Duhok)
TNH-R01-FDT08-FAT13,36.87472647,42.89997096,Fiber Speed (Duhok)
TNH-R01-FDT08-FAT14,36.87358604,42.8990069,Fiber Speed (Duhok)
TNH-R01-FDT08-FAT15,36.87404886,42.89842599,Fiber Speed (Duhok)
TNH-R01-FDT08-FAT16,36.87261682,42.90292269,Fiber Speed (Duhok)
TNH-R01-FDT08-FAT17,36.87354964,42.90155612,Fiber Speed (Duhok)
TNH-R01-FDT08-FAT18,36.87475859,42.90225751,Fiber Speed (Duhok)
TNH-R01-FDT08-FAT19,36.87596246,42.90015883,Fiber Speed (Duhok)
TNH-R01-FDT08-FAT20,36.87157864,42.89799522,Fiber Speed (Duhok)
TNH-R01-FDT08-FAT21,36.87417267,42.90159232,Fiber Speed (Duhok)
TNH-R01-FDT08-FAT22,36.87505245,42.90136369,Fiber Speed (Duhok)
TNH-R01-FDT08-FAT23,36.87600909,42.9008672,Fiber Speed (Duhok)
TNH-R01-FDT08-FAT24,36.86878355,42.89485863,Fiber Speed (Duhok)
TNH-R01-FDT08-FAT25,36.86987579,42.90231557,Fiber Speed (Duhok)
TNH-R01-FDT08-FAT26,36.87318386,42.89894275,Fiber Speed (Duhok)
TNH-R01-FDT08-FAT27,36.87097593,42.89854371,Fiber Speed (Duhok)
TNH-R01-FDT08-FAT28,36.87108372,42.90045584,Fiber Speed (Duhok)
TNH-R01-FDT08-FAT29,36.87416059,42.90094845,Fiber Speed (Duhok)
TNH-R01-FDT08-FAT30,36.87035576,42.89497083,Fiber Speed (Duhok)
TNH-R01-FDT08-FAT31,36.87238833,42.90067821,Fiber Speed (Duhok)
TNH-R01-FDT08-FAT32,36.87458606,42.90279472,Fiber Speed (Duhok)
TNH-R01-FDT08-FAT33,36.86878861,42.8985608,Fiber Speed (Duhok)
TNH-R01-FDT08-FAT34,36.87364435,42.89972486,Fiber Speed (Duhok)
TNH-R01-FDT08-FAT35,36.87052284,42.89422795,Fiber Speed (Duhok)
TNH-R01-FDT08-FAT36,36.8671749,42.894061,Fiber Speed (Duhok)
TNH-R01-FDT09-FAT01,36.87419281,42.88853346,Fiber Speed (Duhok)
TNH-R01-FDT09-FAT02,36.87476696,42.8882134,Fiber Speed (Duhok)
TNH-R01-FDT09-FAT03,36.8751074,42.88751977,Fiber Speed (Duhok)
TNH-R01-FDT09-FAT04,36.87479784,42.88710418,Fiber Speed (Duhok)
TNH-R01-FDT09-FAT05,36.87521148,42.8867263,Fiber Speed (Duhok)
TNH-R01-FDT09-FAT06,36.87556122,42.88577121,Fiber Speed (Duhok)
TNH-R01-FDT09-FAT07,36.87635081,42.88445992,Fiber Speed (Duhok)
TNH-R01-FDT09-FAT08,36.87715037,42.88387884,Fiber Speed (Duhok)
TNH-R01-FDT09-FAT09,36.87788142,42.88455007,Fiber Speed (Duhok)
TNH-R01-FDT09-FAT10,36.87735245,42.88467573,Fiber Speed (Duhok)
TNH-R01-FDT09-FAT11,36.87787634,42.88518038,Fiber Speed (Duhok)
TNH-R01-FDT09-FAT12,36.8767669,42.88499889,Fiber Speed (Duhok)
TNH-R01-FDT09-FAT13,36.87727054,42.8854897,Fiber Speed (Duhok)
TNH-R01-FDT09-FAT14,36.87746397,42.88607302,Fiber Speed (Duhok)
TNH-R01-FDT09-FAT15,36.87624764,42.88378369,Fiber Speed (Duhok)
TNH-R01-FDT09-FAT16,36.87609292,42.88307391,Fiber Speed (Duhok)
TNH-R01-FDT09-FAT17,36.87706828,42.88305147,Fiber Speed (Duhok)
TNH-R01-FDT09-FAT18,36.87765442,42.88358696,Fiber Speed (Duhok)
TNH-R01-FDT09-FAT19,36.87810597,42.88327929,Fiber Speed (Duhok)
TNH-R01-FDT09-FAT20,36.87881487,42.8841867,Fiber Speed (Duhok)
TNH-R01-FDT09-FAT21,36.87836838,42.88261933,Fiber Speed (Duhok)
TNH-R01-FDT09-FAT22,36.87930844,42.88360669,Fiber Speed (Duhok)
TNH-R01-FDT09-FAT23,36.87357661,42.88668176,Fiber Speed (Duhok)
TNH-R01-FDT09-FAT24,36.87334401,42.88509892,Fiber Speed (Duhok)
TNH-R01-FDT09-FAT25,36.87334297,42.88414201,Fiber Speed (Duhok)
TNH-R01-FDT09-FAT26,36.87296788,42.88288035,Fiber Speed (Duhok)
TNH-R01-FDT09-FAT27,36.87364356,42.88307057,Fiber Speed (Duhok)
TNH-R01-FDT09-FAT28,36.87395078,42.88255807,Fiber Speed (Duhok)
TNH-R01-FDT09-FAT29,36.87444291,42.8827696,Fiber Speed (Duhok)
TNH-R01-FDT09-FAT30,36.87494652,42.88312091,Fiber Speed (Duhok)
TNH-R01-FDT09-FAT31,36.87162594,42.88928957,Fiber Speed (Duhok)
TNH-R01-FDT09-FAT32,36.87082066,42.89060767,Fiber Speed (Duhok)
TNH-R01-FDT09-FAT33,36.86989985,42.89032651,Fiber Speed (Duhok)
TNH-R01-FDT09-FAT34,36.86983952,42.88924853,Fiber Speed (Duhok)
TNH-R01-FDT09-FAT35,36.86910841,42.88890071,Fiber Speed (Duhok)
TNH-R01-FDT09-FAT36,36.86836775,42.88900136,Fiber Speed (Duhok)
TNH-R01-FDT09-FAT37,36.86779983,42.8879615,Fiber Speed (Duhok)
TNH-R01-FDT09-FAT38,36.87246911,42.88899365,Fiber Speed (Duhok)
TNH-R01-FDT09-FAT39,36.8718997,42.88992716,Fiber Speed (Duhok)
TNH-R01-FDT09-FAT40,36.87299441,42.89039436,Fiber Speed (Duhok)
TNH-R01-FDT09-FAT41,36.87318855,42.89200712,Fiber Speed (Duhok)
TNH-R01-FDT09-FAT42,36.87229482,42.89155353,Fiber Speed (Duhok)
TNH-R01-FDT09-FAT43,36.87100262,42.89129888,Fiber Speed (Duhok)
TNH-R01-FDT09-FAT44,36.87303956,42.89397304,Fiber Speed (Duhok)
TNH-R01-FDT09-FAT45,36.87335666,42.89430142,Fiber Speed (Duhok)
TNH-R01-FDT09-FAT46,36.8702857,42.88483332,Fiber Speed (Duhok)
TNH-R01-FDT09-FAT47,36.87123818,42.88569056,Fiber Speed (Duhok)
TNH-R01-FDT09-FAT48,36.87057621,42.88585923,Fiber Speed (Duhok)
TNH-R01-FDT09-FAT49,36.86961701,42.88495804,Fiber Speed (Duhok)
TNH-R01-FDT09-FAT50,36.86897291,42.8850973,Fiber Speed (Duhok)
TNH-R01-FDT09-FAT51,36.86795019,42.88627206,Fiber Speed (Duhok)
TNH-R01-FDT09-FAT52,36.8688417,42.88627825,Fiber Speed (Duhok)
TNH-R01-FDT09-FAT53,36.86965823,42.88609242,Fiber Speed (Duhok)
TNH-R01-FDT09-FAT54,36.86958129,42.88716332,Fiber Speed (Duhok)
TNH-R01-FDT09-FAT55,36.86881988,42.88744585,Fiber Speed (Duhok)
TNH-R01-FDT09-FAT56,36.86932685,42.88757065,Fiber Speed (Duhok)
TNH-R01-FDT09-FAT57,36.87449927,42.89244371,Fiber Speed (Duhok)
TNH-R01-FDT09-FAT58,36.8729145,42.88817535,Fiber Speed (Duhok)
TNH-R01-FDT09-FAT59,36.87577678,42.89260898,Fiber Speed (Duhok)
TNH-R01-FDT09-FAT60,36.87609444,42.88686903,Fiber Speed (Duhok)
TNH-R01-FDT09-FAT61,36.87365713,42.88562231,Fiber Speed (Duhok)
TNH-R01-FDT09-FAT62,36.87626551,42.89262494,Fiber Speed (Duhok)
TNH-R01-FDT09-FAT63,36.87358801,42.8930709,Fiber Speed (Duhok)
TNH-R01-FDT09-FAT64,36.876314,42.88572725,Fiber Speed (Duhok)
TNH-R01-FDT09-FAT65,36.87826645,42.88845103,Fiber Speed (Duhok)
TNH-R01-FDT09-FAT66,36.87142311,42.88342807,Fiber Speed (Duhok)
TNH-R01-FDT09-FAT67,36.87390356,42.88612934,Fiber Speed (Duhok)
TNH-R01-FDT09-FAT68,36.87507742,42.89263321,Fiber Speed (Duhok)
TNH-R01-FDT09-FAT69,36.87379036,42.88732582,Fiber Speed (Duhok)
TNH-R02-FDT01-FAT01,36.85718246,42.90298984,3BG
TNH-R02-FDT01-FAT02,36.85708409,42.90308901,3BG
TNH-R02-FDT01-FAT03,36.85719187,42.90415246,3BG
TNH-R02-FDT01-FAT04,36.8570809,42.90435282,3BG
TNH-R02-FDT01-FAT05,36.85714218,42.90507672,3BG
TNH-R02-FDT01-FAT06,36.85748826,42.90513553,3BG
TNH-R02-FDT01-FAT07,36.85619092,42.90398418,3BG
TNH-R02-FDT01-FAT08,36.85626097,42.90444488,3BG
TNH-R02-FDT01-FAT09,36.85602453,42.90490071,3BG
TNH-R02-FDT01-FAT10,36.8561219,42.90358607,3BG
TNH-R02-FDT01-FAT11,36.85799863,42.90395004,3BG
TNH-R02-FDT01-FAT12,36.85819152,42.90371457,3BG
TNH-R02-FDT01-FAT13,36.8586905,42.90360234,3BG
TNH-R02-FDT01-FAT14,36.8584674,42.90480386,3BG
TNH-R02-FDT01-FAT15,36.85852739,42.90526823,3BG
TNH-R02-FDT01-FAT16,36.85682095,42.90163843,3BG
TNH-R02-FDT01-FAT17,36.85639169,42.90206302,3BG
TNH-R02-FDT01-FAT18,36.85659059,42.90105873,3BG
TNH-R02-FDT01-FAT19,36.85659559,42.90082804,3BG
TNH-R02-FDT01-FAT20,36.856652,42.90027689,3BG
TNH-R02-FDT01-FAT21,36.85711653,42.90020806,3BG
TNH-R02-FDT01-FAT22,36.85719436,42.89915552,3BG
TNH-R02-FDT01-FAT23,36.85646746,42.90497644,3BG
TNH-R02-FDT01-FAT24,36.8564324,42.90137951,3BG
TNH-R02-FDT01-FAT25,36.85804398,42.8974292,3BG
TNH-R02-FDT01-FAT26,36.85809318,42.89631067,3BG
TNH-R02-FDT01-FAT27,36.85817392,42.89548628,3BG
TNH-R02-FDT01-FAT28,36.8573426,42.89783916,3BG
TNH-R02-FDT01-FAT29,36.85770366,42.90512345,3BG
TNH-R02-FDT02-FAT01,36.85459891,42.90008133,3BG
TNH-R02-FDT02-FAT02,36.85570619,42.89464489,3BG
TNH-R02-FDT02-FAT03,36.85559342,42.8993584,3BG
TNH-R02-FDT02-FAT04,36.85563734,42.89896697,3BG
TNH-R02-FDT02-FAT05,36.85522839,42.89803712,3BG
TNH-R02-FDT02-FAT06,36.8557236,42.89774057,3BG
TNH-R02-FDT02-FAT07,36.85567629,42.89739207,3BG
TNH-R02-FDT02-FAT08,36.85470353,42.89866149,3BG
TNH-R02-FDT02-FAT09,36.85478491,42.8974769,3BG
TNH-R02-FDT02-FAT10,36.85479485,42.89728775,3BG
TNH-R02-FDT02-FAT11,36.85557606,42.89611549,3BG
TNH-R02-FDT02-FAT12,36.8557247,42.89659179,3BG
TNH-R02-FDT02-FAT13,36.85677533,42.8967105,3BG
TNH-R02-FDT02-FAT14,36.85499515,42.89531673,3BG
TNH-R02-FDT02-FAT15,36.85594597,42.89599577,3BG
TNH-R02-FDT02-FAT16,36.85599039,42.89558049,3BG
TNH-R02-FDT02-FAT17,36.85546354,42.9014706,3BG
TNH-R02-FDT02-FAT18,36.85535301,42.90268242,3BG
TNH-R02-FDT02-FAT19,36.85571686,42.90298519,3BG
TNH-R02-FDT02-FAT20,36.85578171,42.90310153,3BG
TNH-R02-FDT02-FAT21,36.85520843,42.90469417,3BG
TNH-R02-FDT02-FAT22,36.85517075,42.90363254,3BG
TNH-R02-FDT02-FAT23,36.85481512,42.90358385,3BG
TNH-R02-FDT02-FAT24,36.85451951,42.90359158,3BG
TNH-R02-FDT02-FAT25,36.85412187,42.90352622,3BG
TNH-R02-FDT02-FAT26,36.85500886,42.90198037,3BG
TNH-R02-FDT02-FAT27,36.8549889,42.90245218,3BG
TNH-R02-FDT02-FAT28,36.85331217,42.90227951,3BG
TNH-R02-FDT02-FAT29,36.84873877,42.90573077,Fiber Speed (Duhok)
TNH-R02-FDT02-FAT30,36.84797856,42.90574519,Fiber Speed (Duhok)
TNH-R02-FDT02-FAT31,36.84618141,42.90527823,Fiber Speed (Duhok)
TNH-R02-FDT02-FAT32,36.84176414,42.90257936,Fiber Speed (Duhok)
TNH-R02-FDT02-FAT33,36.84071386,42.900731,Fiber Speed (Duhok)
TNH-R02-FDT02-FAT34,36.8398614,42.90178951,Fiber Speed (Duhok)
TNH-R02-FDT02-FAT35,36.83992014,42.9004661,Fiber Speed (Duhok)
TNH-R02-FDT02-FAT36,36.84134451,42.90226204,Fiber Speed (Duhok)
TNH-R02-FDT02-FAT37,36.84150088,42.90048481,Fiber Speed (Duhok)
TNH-R02-FDT02-FAT38,36.83939559,42.90063405,Fiber Speed (Duhok)
TNH-R02-FDT02-FAT39,36.8523163,42.9117709,Fiber Speed (Duhok)
TNH-R02-FDT02-FAT40,36.84782342,42.9072388,Fiber Speed (Duhok)
TNH-R02-FDT02-FAT41,36.84556424,42.90517306,Fiber Speed (Duhok)
TNH-R02-FDT02-FAT42,36.84725893,42.90898946,Fiber Speed (Duhok)
TNH-R02-FDT02-FAT43,36.84025,42.90264948,Fiber Speed (Duhok)
TNH-R02-FDT02-FAT44,36.84038365,42.89977166,Fiber Speed (Duhok)
TNH-R02-FDT02-FAT45,36.84714525,42.90452417,Fiber Speed (Duhok)
TNH-R02-FDT02-FAT46,36.84700662,42.90610202,Fiber Speed (Duhok)
TNH-R02-FDT02-FAT47,36.8416794,42.90110474,Fiber Speed (Duhok)
TNH-R02-FDT02-FAT48,36.8388967,42.90003354,Fiber Speed (Duhok)
TNH-R02-FDT02-FAT49,36.84897372,42.90193596,Fiber Speed (Duhok)
TNH-R02-FDT02-FAT50,36.84018549,42.90193011,Fiber Speed (Duhok)
TNH-R02-FDT03-FAT01,36.86485584,42.90420658,3BG
TNH-R02-FDT03-FAT02,36.8649428,42.90312434,3BG
TNH-R02-FDT03-FAT03,36.86518252,42.90146038,3BG
TNH-R02-FDT03-FAT04,36.86510429,42.90111143,3BG
TNH-R02-FDT03-FAT05,36.86474282,42.90106008,3BG
TNH-R02-FDT03-FAT06,36.86498103,42.90267213,3BG
TNH-R02-FDT03-FAT07,36.86445381,42.90225224,3BG
TNH-R02-FDT03-FAT08,36.8641667,42.9013491,3BG
TNH-R02-FDT03-FAT09,36.86396246,42.90267114,3BG
TNH-R02-FDT03-FAT10,36.86412402,42.90302396,3BG
TNH-R02-FDT03-FAT11,36.86298872,42.90242587,3BG
TNH-R02-FDT03-FAT12,36.86291919,42.90231973,3BG
TNH-R02-FDT03-FAT13,36.86388,42.90256351,3BG
TNH-R02-FDT03-FAT14,36.86335014,42.90134293,3BG
TNH-R02-FDT03-FAT15,36.86335981,42.90117876,3BG
TNH-R02-FDT03-FAT16,36.86300405,42.90116119,3BG
TNH-R02-FDT03-FAT17,36.86273152,42.90114458,3BG
TNH-R02-FDT03-FAT18,36.86491071,42.9049174,3BG
TNH-R02-FDT03-FAT19,36.86473541,42.90568536,3BG
TNH-R02-FDT03-FAT20,36.86470778,42.90601455,3BG
TNH-R02-FDT03-FAT21,36.8643648,42.90562989,3BG
TNH-R02-FDT03-FAT22,36.86381413,42.90558176,3BG
TNH-R02-FDT03-FAT23,36.86313699,42.90539531,3BG
TNH-R02-FDT03-FAT24,36.86315106,42.90505756,3BG
TNH-R02-FDT03-FAT25,36.86283354,42.90547678,3BG
TNH-R02-FDT03-FAT26,36.86212935,42.90538282,3BG
TNH-R02-FDT03-FAT27,36.86194212,42.90533975,3BG
TNH-R02-FDT03-FAT28,36.86451745,42.90453619,3BG
TNH-R02-FDT03-FAT29,36.86460417,42.90358165,3BG
TNH-R02-FDT03-FAT30,36.86384075,42.90427433,3BG
TNH-R02-FDT03-FAT31,36.86322888,42.90290955,3BG
TNH-R02-FDT03-FAT32,36.86287784,42.90414092,3BG
TNH-R02-FDT03-FAT33,36.86233144,42.90405226,3BG
TNH-R02-FDT03-FAT34,36.86249724,42.90407429,3BG
TNH-R02-FDT03-FAT35,36.86249504,42.90306164,3BG
TNH-R02-FDT03-FAT36,36.86211173,42.90280379,3BG
TNH-R02-FDT04-FAT01,36.8653824,42.90364541,3BG
TNH-R02-FDT04-FAT02,36.86544607,42.90284328,3BG
TNH-R02-FDT04-FAT03,36.86522031,42.90114364,3BG
TNH-R02-FDT04-FAT04,36.86545048,42.900784,3BG
TNH-R02-FDT04-FAT05,36.86509344,42.89983589,3BG
TNH-R02-FDT04-FAT06,36.86503979,42.8992141,3BG
TNH-R02-FDT04-FAT07,36.86387332,42.89971449,3BG
TNH-R02-FDT04-FAT08,36.86373118,42.90053212,3BG
TNH-R02-FDT04-FAT09,36.86582267,42.90175772,3BG
TNH-R02-FDT04-FAT10,36.86583691,42.90153424,3BG
TNH-R02-FDT04-FAT11,36.86656361,42.901266,3BG
TNH-R02-FDT04-FAT12,36.86659728,42.9009318,3BG
TNH-R02-FDT04-FAT13,36.8664713,42.9004696,3BG
TNH-R02-FDT04-FAT14,36.86594133,42.9024493,3BG
TNH-R02-FDT04-FAT15,36.86646033,42.90234818,3BG
TNH-R02-FDT04-FAT16,36.86671026,42.90291522,3BG
TNH-R02-FDT04-FAT17,36.86669243,42.90316043,3BG
TNH-R02-FDT04-FAT18,36.86699107,42.90296061,3BG
TNH-R02-FDT04-FAT19,36.86778488,42.90311163,3BG
TNH-R02-FDT04-FAT20,36.86788132,42.90407203,3BG
TNH-R02-FDT04-FAT21,36.86763833,42.90519952,3BG
TNH-R02-FDT04-FAT22,36.86759679,42.90192897,3BG
TNH-R02-FDT04-FAT23,36.86727579,42.90165662,3BG
TNH-R02-FDT04-FAT24,36.86766442,42.90502108,3BG
TNH-R02-FDT04-FAT25,36.86717876,42.90124707,3BG
TNH-R02-FDT04-FAT26,36.86616848,42.90420147,3BG
TNH-R02-FDT04-FAT27,36.86632899,42.90421682,3BG
TNH-R02-FDT04-FAT28,36.8663509,42.90374187,3BG
TNH-R02-FDT04-FAT29,36.8668118,42.90384665,3BG
TNH-R02-FDT04-FAT30,36.86522075,42.90544341,3BG
TNH-R02-FDT04-FAT31,36.86521407,42.90570623,3BG
TNH-R02-FDT04-FAT32,36.8658582,42.90572693,3BG
TNH-R02-FDT04-FAT33,36.86611307,42.90576007,3BG
TNH-R02-FDT04-FAT34,36.86623381,42.90531363,3BG
TNH-R02-FDT04-FAT35,36.8663422,42.90580531,3BG
TNH-R02-FDT04-FAT36,36.866618,42.90541592,3BG
TNH-R02-FDT04-FAT37,36.86658844,42.90575333,3BG
TNH-R02-FDT04-FAT38,36.86668837,42.9057654,3BG
TNH-R02-FDT04-FAT39,36.86748617,42.90588783,3BG
TNH-R02-FDT04-FAT40,36.86565771,42.89870533,Fiber Speed (Duhok)
TNH-R02-FDT04-FAT41,36.86539104,42.89741907,Fiber Speed (Duhok)
TNH-R02-FDT04-FAT42,36.8665741,42.89818781,Fiber Speed (Duhok)
TNH-R02-FDT04-FAT43,36.86701204,42.89741246,Fiber Speed (Duhok)
TNH-R02-FDT04-FAT44,36.86665405,42.89724909,Fiber Speed (Duhok)
TNH-R02-FDT04-FAT45,36.86785262,42.89726635,Fiber Speed (Duhok)
TNH-R02-FDT04-FAT46,36.86543156,42.89715378,Fiber Speed (Duhok)
TNH-R02-FDT05-FAT01,36.8591148,42.90251449,3BG
TNH-R02-FDT05-FAT02,36.85906988,42.90309319,3BG
TNH-R02-FDT05-FAT03,36.85898837,42.90420942,3BG
TNH-R02-FDT05-FAT04,36.85958341,42.90427795,3BG
TNH-R02-FDT05-FAT05,36.8601079,42.90546145,3BG
TNH-R02-FDT05-FAT06,36.85954694,42.9054011,3BG
TNH-R02-FDT05-FAT07,36.8598781,42.9027297,3BG
TNH-R02-FDT05-FAT08,36.86002701,42.90319389,3BG
TNH-R02-FDT05-FAT09,36.86022539,42.90412015,3BG
TNH-R02-FDT05-FAT10,36.86059714,42.90284193,3BG
TNH-R02-FDT05-FAT11,36.86029826,42.90212151,3BG
TNH-R02-FDT05-FAT12,36.86076278,42.90172693,3BG
TNH-R02-FDT05-FAT13,36.86115636,42.90155762,3BG
TNH-R02-FDT05-FAT14,36.86166909,42.90170815,3BG
TNH-R02-FDT05-FAT15,36.86078394,42.90440582,3BG
TNH-R02-FDT05-FAT16,36.86075864,42.9046704,3BG
TNH-R02-FDT05-FAT17,36.8607008,42.90553566,3BG
TNH-R02-FDT05-FAT18,36.86087986,42.90285817,3BG
TNH-R02-FDT05-FAT19,36.86147738,42.90293565,3BG
TNH-R02-FDT05-FAT20,36.86195999,42.90485093,3BG
TNH-R02-FDT05-FAT21,36.86182918,42.90563865,3BG
TNH-R02-FDT05-FAT22,36.85935249,42.90130166,3BG
TNH-R02-FDT05-FAT23,36.85945583,42.90004388,3BG
TNH-R02-FDT05-FAT24,36.85939353,42.89909851,3BG
TNH-R02-FDT05-FAT25,36.85947944,42.89764165,3BG
TNH-R02-FDT05-FAT26,36.86014268,42.90069865,3BG
TNH-R02-FDT05-FAT27,36.86031126,42.90090705,3BG
TNH-R02-FDT05-FAT28,36.86054912,42.90017484,3BG
TNH-R02-FDT05-FAT29,36.86081957,42.90020429,3BG
TNH-R02-FDT05-FAT30,36.86143276,42.90030688,3BG
TNH-R02-FDT05-FAT31,36.86138962,42.90083875,3BG
TNH-R02-FDT05-FAT32,36.8616618,42.90101062,3BG
TNH-R02-FDT05-FAT33,36.8620608,42.90142445,3BG
TNH-R02-FDT05-FAT34,36.86086713,42.89934752,3BG
TNH-R02-FDT05-FAT35,36.86080558,42.89922634,3BG
TNH-R02-FDT05-FAT36,36.85890072,42.90507271,3BG
TNH-R02-FDT05-FAT37,36.8628057,42.89970202,3BG
TNH-R02-FDT05-FAT38,36.86174201,42.89873617,3BG
TNH-R02-FDT05-FAT39,36.86234377,42.89864129,3BG
TNH-R02-FDT05-FAT40,36.86221639,42.89986659,3BG
TNH-R02-FDT05-FAT41,36.86248208,42.899574,3BG
TNH-R02-FDT05-FAT42,36.85967681,42.90315634,3BG
TNH-R02-FDT05-FAT43,36.86011445,42.90011719,3BG
TNH-R02-FDT05-FAT44,36.86321847,42.90001041,3BG
TNH-R02-FDT05-FAT45,36.86112783,42.89781097,3BG
722-R01-FDT08-FAT50,36.87547747,42.98633674,Fiber Speed (Duhok)
724-R01-FDT09-FAT68,36.84121204,42.96998408,3BG
733-R03-FDT09-FAT55,37.15760114,42.72013391,Fiber Speed (Duhok)
733-R05-FDT01-FAT56,37.15939422,42.6925598,Fiber Speed (Duhok)
733-R05-FDT03-FAT60,37.17393696,42.7038184,Fiber Speed (Duhok)
733-R05-FDT03-FAT61,37.1738905,42.70458704,Fiber Speed (Duhok)
733-R05-FDT03-FAT62,37.17266556,42.69319949,Fiber Speed (Duhok)
733-R05-FDT03-FAT63,37.17245977,42.69951561,Fiber Speed (Duhok)
733-R05-FDT04-FAT56,37.17560563,42.68810893,Fiber Speed (Duhok)
733-R05-FDT06-FAT47,37.17149476,42.67567607,Fiber Speed (Duhok)
733-R06-FDT03-FAT43,37.15236659,42.68716352,Fiber Speed (Duhok)
733-R06-FDT07-FAT56,37.16839114,42.67834434,Fiber Speed (Duhok)
AKR-R05-FDT01-FAT41,36.72512581,44.01515568,TarinNet (Erbil)
AKR-R05-FDT01-FAT42,36.72459671,44.00699742,TarinNet (Erbil)
ETT-R01-FDT06-FAT49,36.86680149,43.06105042,BigLine
MLT-R02-FDT03-FAT62,36.87895308,42.94476851,Fiber Speed (Duhok)
NZK-R01-FDT05-FAT53,36.84370971,43.0762209,Fiber Speed (Duhok)
PST-R02-FDT02-FAT81,36.83664888,43.04947025,Fiber Speed (Duhok)
SML-R02-FDT03-FAT37,36.86685336,42.83032917,Waarpak
SRS-R03-FDT01-FAT37,37.0986357,43.39664681,Waarpak
SRS-R03-FDT01-FAT38,37.0971646,43.39468151,Waarpak
SRS-R03-FDT01-FAT39,37.10607806,43.38821601,Waarpak
TNH-R01-FDT08-FAT37,36.87196924,42.89865497,Fiber Speed (Duhok)
TNH-R01-FDT08-FAT38,36.87264172,42.89789495,TanjGroup Duhok
TNH-R01-FDT08-FAT39,36.87269265,42.89789842,TanjGroup Duhok
TNH-R01-FDT08-FAT40,36.87274749,42.89790179,TanjGroup Duhok
TNH-R01-FDT08-FAT41,36.87280551,42.89791848,TanjGroup Duhok
TNH-R01-FDT08-FAT42,36.87286804,42.89791433,TanjGroup Duhok
